-- Dumped from database version 12.3
-- Dumped by pg_dump version 12.3

SET statement_timeout = 0;
SET lock_timeout = 0;
SET idle_in_transaction_session_timeout = 0;
SET client_encoding = 'SJIS';
SET standard_conforming_strings = on;
SELECT pg_catalog.set_config('search_path', '', false);
SET check_function_bodies = false;
SET xmloption = content;
SET client_min_messages = warning;
SET row_security = off;

--
-- Data for Name: M_DataType; Type: TABLE DATA; Schema: public; Owner: user
--userinfo
INSERT INTO public."userinfo" (user_id,lastname, firstname, birthday, sex, city,create_datetime) VALUES ('1','data', 'test','19980304','1','Tokyo',now());
INSERT INTO public."userinfo" (user_id,lastname, firstname, birthday, sex, city,create_datetime) VALUES ('2','Bruce', 'Lee','19930625','2','Gothm',now());

--login
INSERT INTO public."login" (user_id,mail, password,create_datetime) 
VALUES ('1','datatest@el.com','199803041Tokyo',now());

INSERT INTO public."login" (user_id,mail, password,create_datetime) 
VALUES ('2','BruceLee@el.com','Goyhm199306252',now());


--exam
INSERT INTO public."exam"(test_id,test_category,test_name,description,create_datetime)
 VALUES('1','level_test','Java SE Bronze','ï¿½uJava SE 11ï¿½vï¿½ÍA2017ï¿½N9ï¿½ï¿½ï¿½É”ï¿½ï¿½\ï¿½ï¿½ï¿½ê‚½ï¿½Vï¿½ï¿½ï¿½ï¿½ï¿½ï¿½ï¿½ï¿½ï¿½[ï¿½Xï¿½Eï¿½ï¿½ï¿½fï¿½ï¿½ï¿½Ö‚ÌˆÚsï¿½ã‰ï¿½ï¿½ LTS ï¿½ï¿½ï¿½ï¿½ï¿½[ï¿½Xï¿½Å‚ï¿½ï¿½ï¿½Aï¿½ï¿½ÆƒVï¿½Xï¿½eï¿½ï¿½ï¿½ï¿½Nï¿½ï¿½ï¿½Eï¿½hï¿½Eï¿½Tï¿½[ï¿½rï¿½Xï¿½Aï¿½Xï¿½}ï¿½[ï¿½gï¿½Eï¿½fï¿½oï¿½Cï¿½Xï¿½È‚Ç‚ÅŠï¿½ï¿½pï¿½ï¿½ï¿½ï¿½ï¿½Aï¿½vï¿½ï¿½ï¿½Pï¿½[ï¿½Vï¿½ï¿½ï¿½ï¿½ï¿½Jï¿½ï¿½ï¿½Ìï¿½ï¿½Yï¿½ï¿½ï¿½ï¿½ï¿½ï¿½Édï¿½_ï¿½ï¿½ï¿½ï¿½ï¿½ï¿½ï¿½Ä‚ï¿½ï¿½Ü‚ï¿½ï¿½Bï¿½ï¿½ï¿½Ìï¿½ï¿½iï¿½ï¿½ï¿½æ“¾ï¿½ï¿½ï¿½é‚±ï¿½Æ‚ÅAï¿½ÆŠEï¿½Wï¿½ï¿½ï¿½Éï¿½ï¿½ï¿½ï¿½ï¿½ï¿½ï¿½ï¿½ï¿½ï¿½xï¿½ÈƒXï¿½Lï¿½ï¿½ï¿½ï¿½ï¿½Ø–ï¿½ï¿½ï¿½ï¿½Ü‚ï¿½ï¿½B
Oracle Certified Java Programmer, Bronze SE ï¿½Fï¿½è‘ï¿½iï¿½ÍAï¿½ï¿½ï¿½ê–¢ï¿½oï¿½ï¿½ï¿½ÒŒï¿½ï¿½ï¿½ï¿½Ì“ï¿½ï¿½å‘ï¿½iï¿½ï¿½ Java ï¿½ï¿½ï¿½ï¿½ï¿½ï¿½gï¿½pï¿½ï¿½ï¿½ï¿½ï¿½Iï¿½uï¿½Wï¿½Fï¿½Nï¿½gï¿½wï¿½ï¿½ï¿½vï¿½ï¿½ï¿½Oï¿½ï¿½ï¿½~ï¿½ï¿½ï¿½Oï¿½ÌŠï¿½{ï¿½Iï¿½È’mï¿½ï¿½ï¿½ï¿½Lï¿½ï¿½ï¿½é‚±ï¿½ï¿½ ï¿½ï¿½]ï¿½ï¿½ï¿½ï¿½ï¿½é‚±ï¿½Æ‚ï¿½Ú“Iï¿½Æ‚ï¿½ï¿½Ä‚ï¿½ï¿½Ü‚ï¿½ï¿½BOracle Certified Java Programmer, Bronze SE ï¿½Fï¿½è‘ï¿½iï¿½ï¿½ï¿½æ“¾ï¿½ï¿½ï¿½é‚½ï¿½ß‚É‚ÍAJava SE Bronze (1Z0-818-JPN) ï¿½ï¿½ï¿½ï¿½ ï¿½Ìï¿½ï¿½iï¿½ï¿½ï¿½Kï¿½vï¿½Å‚ï¿½ï¿½B',now());

INSERT INTO public."exam"(test_id,test_category,test_name,description,create_datetime)
VALUES('2','Java','ï¿½ï¿½ï¿½Í‘ï¿½ï¿½dï¿½ã‚°ï¿½ï¿½ï¿½','Java SE Bronze ï¿½ï¿½ï¿½Kï¿½ï¿½ï¿½',now());

INSERT INTO public."exam"(test_id,test_category,test_name,description,create_datetime)
 VALUES('3','ï¿½ï¿½ñˆ—ï¿½ï¿½Zï¿½pï¿½Òï¿½ï¿½ï¿½','ï¿½ï¿½{ï¿½ï¿½ï¿½Zï¿½pï¿½Òï¿½ï¿½ï¿½','ï¿½ï¿½{ï¿½ï¿½ï¿½Zï¿½pï¿½Òï¿½ï¿½ï¿½ï¿½Ì‘ÎÛÒ‚Íï¿½ï¿½xITï¿½lï¿½Ş‚Æ‚È‚é‚½ï¿½ß‚É•Kï¿½vï¿½ÈŠï¿½{ï¿½Iï¿½mï¿½ï¿½ï¿½Eï¿½Zï¿½\ï¿½ï¿½ï¿½ï¿½ï¿½ï¿½ï¿½Aï¿½ï¿½ï¿½Hï¿½Iï¿½ÈŠï¿½ï¿½pï¿½\ï¿½Í‚ï¿½gï¿½É•tï¿½ï¿½ï¿½ï¿½ï¿½Ò‚Å‚ï¿½ï¿½B',now());
 
INSERT INTO public."exam"(test_id,test_category,test_name,description,create_datetime)
VALUES('4','ï¿½ï¿½ñˆ—ï¿½ï¿½Zï¿½pï¿½Òï¿½ï¿½ï¿½','ï¿½ï¿½ï¿½pï¿½ï¿½ï¿½Zï¿½pï¿½Òï¿½ï¿½ï¿½','ITï¿½Gï¿½ï¿½ï¿½Wï¿½jï¿½Aï¿½Æ‚ï¿½ï¿½Ä‚Ìƒï¿½ï¿½xï¿½ï¿½ï¿½Aï¿½bï¿½vï¿½ï¿½}ï¿½ï¿½É‚ÍAï¿½ï¿½ï¿½pï¿½ï¿½ï¿½Zï¿½pï¿½Òï¿½ï¿½ï¿½ï¿½ï¿½ï¿½ï¿½ï¿½ï¿½ï¿½ß‚Å‚ï¿½ï¿½Bï¿½Zï¿½pï¿½ï¿½ï¿½ï¿½Ç—ï¿½ï¿½Aï¿½oï¿½cï¿½Ü‚ÅAï¿½ï¿½ï¿½Lï¿½ï¿½ï¿½mï¿½ï¿½ï¿½Æ‰ï¿½ï¿½pï¿½Í‚ï¿½ï¿½gï¿½É•tï¿½ï¿½ï¿½Aï¿½Vï¿½Xï¿½eï¿½ï¿½ï¿½Jï¿½ï¿½ï¿½AITï¿½ï¿½Õ\ï¿½zï¿½È‚Ç‚Ì‹Ç–Ê‚ÅAï¿½ï¿½ï¿½ï¿½ï¿½pï¿½tï¿½Hï¿½[ï¿½}ï¿½ï¿½ï¿½Xï¿½ğ”­Šï¿½ï¿½ï¿½ï¿½é‚±ï¿½Æ‚ï¿½ï¿½Å‚ï¿½ï¿½Ü‚ï¿½ï¿½B',now());

INSERT INTO public."exam"(test_id,test_category,test_name,description,create_datetime)
VALUES('5','ï¿½ï¿½ñˆ—ï¿½ï¿½Zï¿½pï¿½Òï¿½ï¿½ï¿½','ITï¿½pï¿½Xï¿½|ï¿½[ï¿½gï¿½ï¿½ï¿½ï¿½','ï¿½Eï¿½Ælï¿½ï¿½ï¿½ï¿½ï¿½Ê‚É”ï¿½ï¿½ï¿½ï¿½Ä‚ï¿½ï¿½ï¿½ï¿½×‚ï¿½ï¿½ï¿½ï¿½Zï¿½pï¿½ÉŠÖ‚ï¿½ï¿½ï¿½ï¿½bï¿½Iï¿½È’mï¿½ï¿½ï¿½ï¿½ï¿½ï¿½ï¿½ï¿½ï¿½Aï¿½ï¿½ï¿½Zï¿½pï¿½ÉŒgï¿½ï¿½ï¿½Æ–ï¿½ï¿½ÉAï¿½ï¿½ï¿½ï¿½ï¿½Aï¿½Sï¿½ï¿½ï¿½Æ–ï¿½ï¿½É‘Î‚ï¿½ï¿½Äï¿½ï¿½Zï¿½pï¿½ï¿½ï¿½ï¿½ï¿½pï¿½ï¿½ï¿½Ä‚ï¿½ï¿½ï¿½ï¿½ï¿½ï¿½Æ‚ï¿½ï¿½ï¿½ÒB',now());

 INSERT INTO public."exam"(test_id,test_category,test_name,description,create_datetime)
VALUES('6','AWSï¿½ï¿½ï¿½iï¿½ï¿½','AWS Certified DevOps Engineer - Professional','ï¿½ï¿½ï¿½Ìï¿½ï¿½iï¿½ÍAï¿½gï¿½Dï¿½ï¿½ï¿½Nï¿½ï¿½ï¿½Eï¿½hï¿½Cï¿½jï¿½Vï¿½Aï¿½`ï¿½uï¿½ï¿½ï¿½ï¿½ï¿½ï¿½ï¿½ï¿½ï¿½é‚½ï¿½ß‚Ìdï¿½vï¿½ÈƒXï¿½Lï¿½ï¿½ï¿½ï¿½ï¿½ï¿½ï¿½Âlï¿½Ş‚ï¿½ï¿½ï¿½è‚µï¿½Äˆç¬ï¿½ï¿½ï¿½ï¿½Ì‚É–ğ—§‚ï¿½ï¿½Ü‚ï¿½ï¿½BAWS Certified DevOps Engineer - Professional ï¿½ï¿½ï¿½æ“¾ï¿½ï¿½ï¿½ï¿½ÆAAWS ï¿½Cï¿½ï¿½ï¿½tï¿½ï¿½ï¿½Xï¿½gï¿½ï¿½ï¿½Nï¿½`ï¿½ï¿½ï¿½ÆƒAï¿½vï¿½ï¿½ï¿½Pï¿½[ï¿½Vï¿½ï¿½ï¿½ï¿½ï¿½Ìƒeï¿½Xï¿½gï¿½Æƒfï¿½vï¿½ï¿½ï¿½Cï¿½ï¿½ï¿½ï¿½ï¿½ï¿½ï¿½ï¿½ï¿½ï¿½ï¿½ï¿½\ï¿½Í‚ï¿½ï¿½Fï¿½è‚³ï¿½ï¿½Ü‚ï¿½ï¿½B',now());

 INSERT INTO public."exam"(test_id,test_category,test_name,description,create_datetime)
VALUES('7','AWSï¿½ï¿½ï¿½iï¿½ï¿½','AWS Certified Solutions Architect ? Associate','ï¿½ï¿½ï¿½Ìï¿½ï¿½iï¿½ÍAï¿½gï¿½Dï¿½ï¿½ï¿½Nï¿½ï¿½ï¿½Eï¿½hï¿½Cï¿½jï¿½Vï¿½Aï¿½`ï¿½uï¿½ï¿½ï¿½ï¿½ï¿½ï¿½ï¿½ï¿½ï¿½é‚½ï¿½ß‚Ìdï¿½vï¿½ÈƒXï¿½Lï¿½ï¿½ï¿½ï¿½ï¿½ï¿½ï¿½Âlï¿½Ş‚ï¿½ï¿½ï¿½è‚µï¿½Äˆç¬ï¿½ï¿½ï¿½ï¿½Ì‚É–ğ—§‚ï¿½ï¿½Ü‚ï¿½ï¿½BAWS Certified Solutions Architect ? Associate ï¿½ï¿½ï¿½æ“¾ï¿½ï¿½ï¿½ï¿½ÆAAWS ï¿½ï¿½Å•ï¿½ï¿½Uï¿½Vï¿½Xï¿½eï¿½ï¿½ï¿½ï¿½İŒvï¿½Aï¿½ï¿½ï¿½ï¿½ï¿½ï¿½ï¿½ï¿½\ï¿½Í‚ï¿½ï¿½Fï¿½è‚³ï¿½ï¿½Ü‚ï¿½ï¿½B',now());

 INSERT INTO public."exam"(test_id,test_category,test_name,description,create_datetime)
VALUES('8','AWSï¿½ï¿½ï¿½iï¿½ï¿½','AWS Certified Developer-Associate','ï¿½ï¿½ï¿½Ìï¿½ï¿½iï¿½ÍAï¿½gï¿½Dï¿½ï¿½ï¿½Nï¿½ï¿½ï¿½Eï¿½hï¿½Cï¿½jï¿½Vï¿½Aï¿½`ï¿½uï¿½ï¿½ï¿½ï¿½ï¿½ï¿½ï¿½ï¿½ï¿½é‚½ï¿½ß‚Ìdï¿½vï¿½ÈƒXï¿½Lï¿½ï¿½ï¿½ï¿½ï¿½ï¿½ï¿½Âlï¿½Ş‚ï¿½ï¿½ï¿½è‚µï¿½Äˆç¬ï¿½ï¿½ï¿½ï¿½Ì‚É–ğ—§‚ï¿½ï¿½Ü‚ï¿½ï¿½BAWS Certified Developer - Associate ï¿½ï¿½ï¿½æ“¾ï¿½ï¿½ï¿½ï¿½ÆAï¿½Nï¿½ï¿½ï¿½Eï¿½hï¿½xï¿½[ï¿½Xï¿½ÌƒAï¿½vï¿½ï¿½ï¿½Pï¿½[ï¿½Vï¿½ï¿½ï¿½ï¿½ï¿½Åï¿½ï¿½ï¿½ï¿½ï¿½ï¿½İ‚ï¿½ï¿½ï¿½Ñƒfï¿½vï¿½ï¿½ï¿½Cï¿½ï¿½ï¿½sï¿½ï¿½ï¿½\ï¿½Í‚ï¿½Fï¿½è‚µï¿½Ü‚ï¿½ï¿½B',now());

INSERT INTO public."exam"(test_id,test_category,test_name,description,create_datetime)
 VALUES('9','AWSï¿½ï¿½ï¿½iï¿½ï¿½','AWS Certified Cloud Practitioner','AWS Certified Cloud Practitioner ï¿½ÍAAWS ï¿½vï¿½ï¿½ï¿½bï¿½gï¿½tï¿½Hï¿½[ï¿½ï¿½ï¿½ÌŠï¿½{ï¿½Iï¿½È’mï¿½ï¿½ï¿½ï¿½ï¿½ï¿½ï¿½ï¿½ï¿½ï¿½ï¿½Ì•ï¿½ï¿½ï¿½ÎÛ‚Æ‚ï¿½ï¿½Ä‚ï¿½ï¿½Ü‚ï¿½ï¿½Bï¿½gï¿½Dï¿½ï¿½ï¿½Nï¿½ï¿½ï¿½Eï¿½hï¿½Cï¿½jï¿½Vï¿½Aï¿½`ï¿½uï¿½ï¿½ï¿½ï¿½ï¿½ï¿½ï¿½ï¿½ï¿½é‚½ï¿½ß‚Ìdï¿½vï¿½È’mï¿½ï¿½ï¿½ï¿½ï¿½ï¿½ï¿½Âlï¿½Ş‚ï¿½ï¿½ï¿½è‚µï¿½Äˆç¬ï¿½ï¿½ï¿½ï¿½Ì‚É–ğ—§‚ï¿½ï¿½Ü‚ï¿½ï¿½BAWS Certified Cloud Practitioner ï¿½ï¿½ï¿½æ“¾ï¿½ï¿½ï¿½é‚±ï¿½Æ‚ÅAï¿½Nï¿½ï¿½ï¿½Eï¿½hï¿½Ö‚Ì—ï¿½ï¿½ï¿½ï¿½ÆŠï¿½bï¿½Iï¿½ï¿½ AWS ï¿½Ì’mï¿½ï¿½ï¿½ï¿½ï¿½Fï¿½è‚³ï¿½ï¿½Ü‚ï¿½ï¿½B',now());
 
 INSERT INTO public."exam"(test_id,test_category,test_name,description,create_datetime)
VALUES('10','AWSï¿½ï¿½ï¿½iï¿½ï¿½','AWS Certified Solutions Architect - Professional','ï¿½ï¿½ï¿½Ìï¿½ï¿½iï¿½ÍAï¿½gï¿½Dï¿½ï¿½ï¿½Nï¿½ï¿½ï¿½Eï¿½hï¿½Cï¿½jï¿½Vï¿½Aï¿½`ï¿½uï¿½ï¿½ï¿½ï¿½ï¿½ï¿½ï¿½ï¿½ï¿½é‚½ï¿½ß‚Ìdï¿½vï¿½ÈƒXï¿½Lï¿½ï¿½ï¿½ï¿½ï¿½ï¿½ï¿½Âlï¿½Ş‚ï¿½ï¿½ï¿½è‚µï¿½Äˆç¬ï¿½ï¿½ï¿½ï¿½Ì‚É–ğ—§‚ï¿½ï¿½Ü‚ï¿½ï¿½BAWS Certified Solutions Architect - Professional ï¿½ï¿½ï¿½æ“¾ï¿½ï¿½ï¿½ï¿½ÆAï¿½ï¿½ï¿½lï¿½Å•ï¿½ï¿½Gï¿½È—vï¿½ï¿½ï¿½ï¿½ï¿½É‚ï¿½ï¿½ï¿½ï¿½ÄAAWS ï¿½ÌƒAï¿½vï¿½ï¿½ï¿½Pï¿½[ï¿½Vï¿½ï¿½ï¿½ï¿½ï¿½ï¿½İŒvï¿½Aï¿½fï¿½vï¿½ï¿½ï¿½Cï¿½Aï¿½]ï¿½ï¿½ï¿½ï¿½ï¿½ï¿½\ï¿½Í‚ï¿½ï¿½Fï¿½è‚³ï¿½ï¿½Ü‚ï¿½ï¿½B',now());


--question
INSERT INTO public."question"(test_id,question_id,text,code,right_select_count,create_datetime)
VALUES('1','1','Javaï¿½ÌƒNï¿½ï¿½ï¿½Xï¿½tï¿½@ï¿½Cï¿½ï¿½ï¿½ÉŠÖ‚ï¿½ï¿½ï¿½ï¿½ï¿½ï¿½ï¿½ï¿½ï¿½ï¿½ï¿½ÄAï¿½ï¿½ï¿½ï¿½ï¿½ï¿½ï¿½ï¿½ï¿½Ì‚ï¿½Iï¿½Ñ‚È‚ï¿½ï¿½ï¿½ï¿½Bï¿½iï¿½ï¿½Â‘Iï¿½ï¿½ï¿½j','','1',now());

INSERT INTO public."question"(test_id,question_id,text,code,right_select_count,create_datetime)
VALUES('1','2','DUMMY2','ABCDEFG','2',now());

INSERT INTO public."question"(test_id,question_id,text,code,right_select_count,create_datetime)
VALUES('1','3','DUMMY question 3','XXXXXXXXXXXXXXXXXXXXXXXXXXXXXXXXXXXXXXXXXXXXXXXXXXX','3',now());








INSERT INTO public.question(question_id,test_id,text,code,right_select_count,create_datetime)VALUES('1','2','ï¿½ï¿½ï¿½Ì‚æ‚¤ï¿½ï¿½Aï¿½Nï¿½ï¿½ï¿½Xï¿½ï¿½Bï¿½Nï¿½ï¿½ï¿½Xï¿½ï¿½ï¿½ï¿½`ï¿½ï¿½ï¿½ï¿½Ä‚ï¿½ï¿½ï¿½BMain.javaï¿½tï¿½@ï¿½Cï¿½ï¿½ï¿½ÌƒRï¿½ï¿½ï¿½pï¿½Cï¿½ï¿½ï¿½ï¿½Éï¿½ï¿½ï¿½ï¿½ï¿½ï¿½ï¿½ï¿½Nï¿½ï¿½ï¿½Xï¿½Í‚Ç‚ê‚©ï¿½Bï¿½ï¿½ï¿½ï¿½ï¿½ï¿½ï¿½ï¿½ï¿½Ì‚ï¿½Iï¿½Ñ‚È‚ï¿½ï¿½ï¿½ï¿½Bï¿½i1ï¿½Â‘Iï¿½ï¿½ï¿½j','	public class A {
	}

	public class B extends A {
	}

	public class Main {
		public static void main(String[] args) {
			A a = new A();
		}
	}','1',now());
INSERT INTO public.question(question_id,test_id,text,code,right_select_count,create_datetime)VALUES('2','2','ï¿½ï¿½ï¿½Ìƒvï¿½ï¿½ï¿½Oï¿½ï¿½ï¿½ï¿½ï¿½ï¿½ï¿½ï¿½ï¿½sï¿½ï¿½ï¿½Aï¿½uTï¿½vï¿½ï¿½ï¿½oï¿½Í‚ï¿½ï¿½ï¿½ï¿½æ‚¤ï¿½É‚ï¿½ï¿½ï¿½ï¿½ï¿½ï¿½B5ï¿½sï¿½Ú‚É‘}ï¿½ï¿½ï¿½ï¿½ï¿½ï¿½Rï¿½[ï¿½hï¿½Æ‚ï¿½ï¿½ÄAï¿½ï¿½ï¿½ï¿½ï¿½ï¿½ï¿½ï¿½ï¿½Ì‚ï¿½Iï¿½Ñ‚È‚ï¿½ï¿½ï¿½ï¿½B(1ï¿½Â‘Iï¿½ï¿½)','	public class Main { 
		public static void main(String[] args) {
		      Game game = new Game();

		     // insert code here
		            System.out.print("T");
		      } else {
		            System.out.print("F");
		          }
		      }
}

class Game {
	boolean flag;
}','1',now());
INSERT INTO public.question(question_id,test_id,text,code,right_select_count,create_datetime)VALUES('3','2','ï¿½ï¿½ï¿½Ìƒvï¿½ï¿½ï¿½Oï¿½ï¿½ï¿½ï¿½ï¿½ï¿½ï¿½Rï¿½ï¿½ï¿½pï¿½Cï¿½ï¿½ï¿½Aï¿½ï¿½ï¿½sï¿½ï¿½ï¿½ï¿½ï¿½Æ‚ï¿½ï¿½ÌŒï¿½ï¿½Ê‚Æ‚ï¿½ï¿½Äï¿½ï¿½ï¿½ï¿½ï¿½ï¿½ï¿½ï¿½Ì‚ï¿½Iï¿½Ñ‚È‚ï¿½ï¿½ï¿½ï¿½Bï¿½i1ï¿½Â‘Iï¿½ï¿½ï¿½j','	public class Main {
		public static void main(String[] args) {
			int a = 3 * 5;
			int b = 25 - 10;
			if (a > b)
				System.out.println("A");
			if (a < b)
				System.out.println("B");
			if (a = b)
				System.out.println("C");
			else
				System.out.println("D");
		}
	}','1',now());
INSERT INTO public.question(question_id,test_id,text,code,right_select_count,create_datetime)VALUES('4','2','ï¿½ï¿½ï¿½Ìƒvï¿½ï¿½ï¿½Oï¿½ï¿½ï¿½ï¿½ï¿½ï¿½4ï¿½sï¿½Ú‚É‘}ï¿½ï¿½ï¿½ï¿½ï¿½ï¿½Rï¿½[ï¿½hï¿½Æ‚ï¿½ï¿½ÄAï¿½ï¿½ï¿½ï¿½ï¿½ï¿½ï¿½ï¿½ï¿½Ì‚ï¿½Iï¿½Ñ‚È‚ï¿½ï¿½ï¿½ï¿½Bï¿½i1ï¿½Â‘Iï¿½ï¿½ï¿½j','	public class Main {
		public static void main(String[] args) {
			String[] sa = { "a", "b", "c" };
			// insert code here
			System.out.println(s);
		}
	}','1',now());
INSERT INTO public.question(question_id,test_id,text,code,right_select_count,create_datetime)VALUES('5','2','ï¿½ï¿½ï¿½Ìƒvï¿½ï¿½ï¿½Oï¿½ï¿½ï¿½ï¿½ï¿½ï¿½ï¿½Rï¿½ï¿½ï¿½pï¿½Cï¿½ï¿½ï¿½Aï¿½ï¿½ï¿½sï¿½ï¿½ï¿½ï¿½ï¿½Æ‚ï¿½ï¿½ÌŒï¿½ï¿½Ê‚Æ‚ï¿½ï¿½Äï¿½ï¿½ï¿½ï¿½ï¿½ï¿½ï¿½ï¿½Ì‚ï¿½Iï¿½Ñ‚È‚ï¿½ï¿½ï¿½ï¿½Bï¿½i1ï¿½Â‘Iï¿½ï¿½ï¿½j','	public class Main {
		public static void main(String[] args) {
			int a = 0;
			do {
				a++;
				System.out.print("hi ");
			} while (a < 4);
		}
	}','1',now());
INSERT INTO public.question(question_id,test_id,text,code,right_select_count,create_datetime)VALUES('6','2','ï¿½ï¿½ï¿½Ìƒvï¿½ï¿½ï¿½Oï¿½ï¿½ï¿½ï¿½ï¿½ï¿½ï¿½Rï¿½ï¿½ï¿½pï¿½Cï¿½ï¿½ï¿½Aï¿½ï¿½ï¿½sï¿½ï¿½ï¿½ï¿½ï¿½Æ‚ï¿½ï¿½ÌŒï¿½ï¿½Ê‚Æ‚ï¿½ï¿½ÄAï¿½ï¿½ï¿½ï¿½ï¿½ï¿½ï¿½ï¿½ï¿½Ì‚ï¿½Iï¿½Ñ‚È‚ï¿½ï¿½ï¿½ï¿½Bï¿½i1ï¿½Â‘Iï¿½ï¿½ï¿½j','	public class Super {
		static String name;

		public void print() {
			System.out.println("Super : " + name);
		}
	}

	public class Sub extends Super {
		public static void print() {
			System.out.println("Sub : " + name);
		}

		public static void main(String[] args) {
			Super a, b;
			a = new Super();
			b = new Sub();

			a.name = "A";
			b.name = "B";

			a.print();
			b.print();
		}
	}','1',now());
INSERT INTO public.question(question_id,test_id,text,code,right_select_count,create_datetime)VALUES('7','2','ï¿½ï¿½ï¿½Ìƒvï¿½ï¿½ï¿½Oï¿½ï¿½ï¿½ï¿½ï¿½ï¿½ï¿½Rï¿½ï¿½ï¿½pï¿½Cï¿½ï¿½ï¿½Aï¿½ï¿½ï¿½sï¿½ï¿½ï¿½ï¿½ï¿½Æ‚ï¿½ï¿½ÌŒï¿½ï¿½Ê‚Æ‚ï¿½ï¿½ÄAï¿½ï¿½ï¿½ï¿½ï¿½ï¿½ï¿½ï¿½ï¿½Ì‚ï¿½Iï¿½Ñ‚È‚ï¿½ï¿½ï¿½ï¿½Bï¿½i1ï¿½Â‘Iï¿½ï¿½ï¿½j','	public class Parent {
		void printInfo() {
			System.out.println("parent");
		}
	}

	public class Child extends Parent {
		void printInfo() {
			System.out.println("child");
		}

		public static void main(String[] args) {
			Parent a = new Child();
			a.printInfo();
		}
	}','1',now());
INSERT INTO public.question(question_id,test_id,text,code,right_select_count,create_datetime)VALUES('8','2','ï¿½ï¿½ï¿½Ìƒvï¿½ï¿½ï¿½Oï¿½ï¿½ï¿½ï¿½ï¿½ï¿½ï¿½Rï¿½ï¿½ï¿½pï¿½Cï¿½ï¿½ï¿½Aï¿½ï¿½ï¿½sï¿½ï¿½ï¿½ï¿½ï¿½Æ‚ï¿½ï¿½ÌŒï¿½ï¿½Ê‚Æ‚ï¿½ï¿½ÄAï¿½ï¿½ï¿½ï¿½ï¿½ï¿½ï¿½ï¿½ï¿½Ì‚ï¿½Iï¿½Ñ‚È‚ï¿½ï¿½ï¿½ï¿½Bï¿½i1ï¿½Â‘Iï¿½ï¿½ï¿½j','	public class Main {
		public static void main(String[] args) {
			System.out.println(args[1] + "," + args[2]);
		}
	}
ï¿½yï¿½ï¿½ï¿½sï¿½ï¿½ï¿½@ï¿½z
java Main easy normal hard','1',now());
INSERT INTO public.question(question_id,test_id,text,code,right_select_count,create_datetime)VALUES('9','2','ï¿½ï¿½ï¿½Ìƒvï¿½ï¿½ï¿½Oï¿½ï¿½ï¿½ï¿½ï¿½ï¿½2ï¿½sï¿½Ú‚É‘}ï¿½ï¿½ï¿½ï¿½ï¿½ï¿½Rï¿½[ï¿½hï¿½Æ‚ï¿½ï¿½ÄAï¿½ï¿½ï¿½ï¿½ï¿½ï¿½ï¿½ï¿½ï¿½Ì‚ï¿½Iï¿½Ñ‚È‚ï¿½ï¿½ï¿½ï¿½Bï¿½i2ï¿½Â‘Iï¿½ï¿½ï¿½j','	
	public interface Sample {
	       // insert code here 
	 }','2',now());
INSERT INTO public.question(question_id,test_id,text,code,right_select_count,create_datetime)VALUES('10','2','ï¿½ï¿½ï¿½Ì‚ï¿½ï¿½ï¿½ï¿½Aï¿½Nï¿½ï¿½ï¿½Xï¿½éŒ¾ï¿½Æ‚ï¿½ï¿½Ä—Lï¿½ï¿½ï¿½È‚ï¿½ï¿½Ì‚ï¿½Iï¿½Ñ‚È‚ï¿½ï¿½ï¿½ï¿½Bï¿½i3ï¿½Â‘Iï¿½ï¿½ï¿½j','','3',now());
INSERT INTO public.question(question_id,test_id,text,code,right_select_count,create_datetime)VALUES('11','2',' ï¿½ï¿½ï¿½Ìƒvï¿½ï¿½ï¿½Oï¿½ï¿½ï¿½ï¿½ï¿½ï¿½ï¿½ï¿½ï¿½sï¿½ï¿½ï¿½ï¿½ÆAï¿½uB, Aï¿½vï¿½Æ•\ï¿½ï¿½ï¿½ï¿½ï¿½ï¿½ï¿½æ‚¤ï¿½É‚ï¿½ï¿½ï¿½ï¿½ï¿½ï¿½Bï¿½È‰ï¿½ï¿½Ì‹ó—“‚É‚ï¿½ï¿½Ä‚Í‚Ü‚ï¿½Rï¿½[ï¿½hï¿½ï¿½Iï¿½Ñ‚È‚ï¿½ï¿½ï¿½ï¿½Bï¿½i1ï¿½Â‘Iï¿½ï¿½ï¿½j','	public class B extends A {
		String name = "B";

		public void print() {
	        System.out.println(name + ", " + );
	     }

		public static void main(String[] args) {
			B b = new B();
			b.print();
		}
	}

	class A {
		String name = "A";
	}','1',now());
INSERT INTO public.question(question_id,test_id,text,code,right_select_count,create_datetime)VALUES('12','2','ï¿½ï¿½ï¿½Ìƒvï¿½ï¿½ï¿½Oï¿½ï¿½ï¿½ï¿½ï¿½ï¿½ï¿½Rï¿½ï¿½ï¿½pï¿½Cï¿½ï¿½ï¿½Aï¿½ï¿½ï¿½sï¿½ï¿½ï¿½ï¿½ï¿½Æ‚ï¿½ï¿½ÌŒï¿½ï¿½Ê‚Æ‚ï¿½ï¿½ÄAï¿½ï¿½ï¿½ï¿½ï¿½ï¿½ï¿½ï¿½ï¿½Ì‚ï¿½Iï¿½Ñ‚È‚ï¿½ï¿½ï¿½ï¿½Bï¿½i1ï¿½Â‘Iï¿½ï¿½ï¿½j','	public class Main {
		public static void main(String[] args) {
			String a1 = "A";
			String a2 = new String("A");
			String a3 = new String("A");

			if (a1 == a2) {
				System.out.print("a1 == a2 ");
			} else {
				System.out.print("a1 != a2 ");
			}
			if (a2 == a3) {
				System.out.print("a2 == a3");
			} else {
				System.out.print("a2 != a3");
			}
		}
	}','1',now());
INSERT INTO public.question(question_id,test_id,text,code,right_select_count,create_datetime)VALUES('13','2','ï¿½ï¿½ï¿½Ìƒvï¿½ï¿½ï¿½Oï¿½ï¿½ï¿½ï¿½ï¿½ï¿½ï¿½Rï¿½ï¿½ï¿½pï¿½Cï¿½ï¿½ï¿½Aï¿½ï¿½ï¿½sï¿½ï¿½ï¿½ï¿½ï¿½Æ‚ï¿½ï¿½ÌŒï¿½ï¿½Ê‚Æ‚ï¿½ï¿½ÄAï¿½ï¿½ï¿½ï¿½ï¿½ï¿½ï¿½ï¿½ï¿½Ì‚ï¿½Iï¿½Ñ‚È‚ï¿½ï¿½ï¿½ï¿½Bï¿½i1ï¿½Â‘Iï¿½ï¿½ï¿½j','	public class B extends A {
		void test() {
			System.out.println("B");
		}

		public static void main(String[] args) {
			B b = new B();
			A a = b;
			a.test();
		}
	}

	class A {
		void test() {
			System.out.println("A");
		}
	}','1',now());
INSERT INTO public.question(question_id,test_id,text,code,right_select_count,create_datetime)VALUES('14','2','ï¿½ï¿½ï¿½Ìƒvï¿½ï¿½ï¿½Oï¿½ï¿½ï¿½ï¿½ï¿½ï¿½ï¿½Rï¿½ï¿½ï¿½pï¿½Cï¿½ï¿½ï¿½Aï¿½ï¿½ï¿½sï¿½ï¿½ï¿½ï¿½ï¿½ï¿½ï¿½Ê‚Æ‚ï¿½ï¿½ÄAï¿½ï¿½ï¿½ï¿½ï¿½ï¿½ï¿½ï¿½ï¿½Ì‚ï¿½Iï¿½Ñ‚È‚ï¿½ï¿½ï¿½ï¿½Bï¿½i1ï¿½Â‘Iï¿½ï¿½ï¿½j','	public class Main {
		public static void main(String[] args) {
			int i = 1;
			double d = 1.0;
			double num = i * d;
			switch (num) {
			case 1:
				System.out.print("1");
			case 1.0:
				System.out.print("1.0");
				break;
			default:
				System.out.print("default");
			}
		}
	}','1',now());
INSERT INTO public.question(question_id,test_id,text,code,right_select_count,create_datetime)VALUES('15','2','Webï¿½xï¿½[ï¿½Xï¿½ÌƒVï¿½Xï¿½eï¿½ï¿½ï¿½ï¿½ï¿½Jï¿½ï¿½ï¿½ï¿½ï¿½ï¿½É‚ÍAï¿½Ç‚ï¿½Javaï¿½eï¿½Nï¿½mï¿½ï¿½ï¿½Wï¿½[ï¿½ï¿½ï¿½gï¿½ï¿½ï¿½Î‚æ‚¢ï¿½ï¿½ï¿½Bï¿½Å“Kï¿½È‚ï¿½ï¿½Ì‚ï¿½Iï¿½Ñ‚È‚ï¿½ï¿½ï¿½ï¿½Bï¿½i1ï¿½Â‘Iï¿½ï¿½ï¿½j','','1',now());
INSERT INTO public.question(question_id,test_id,text,code,right_select_count,create_datetime)VALUES('16','2','ï¿½ï¿½ï¿½Ìƒvï¿½ï¿½ï¿½Oï¿½ï¿½ï¿½ï¿½ï¿½ï¿½ï¿½Rï¿½ï¿½ï¿½pï¿½Cï¿½ï¿½ï¿½Aï¿½ï¿½ï¿½sï¿½ï¿½ï¿½ï¿½ï¿½Æ‚ï¿½ï¿½ÌŒï¿½ï¿½Ê‚Æ‚ï¿½ï¿½ÄAï¿½ï¿½ï¿½ï¿½ï¿½ï¿½ï¿½ï¿½ï¿½Ì‚ï¿½Iï¿½Ñ‚È‚ï¿½ï¿½ï¿½ï¿½Bï¿½i1ï¿½Â‘Iï¿½ï¿½ï¿½j','	public class Sample {
		String name;

		public void print() {
			System.out.println(name);
		}

		public static void main(String[] args) {
			Sample s1;
			Sample s2;
			s1.name = "A";
			s2.name = "B";
			s1.print();
			s2.print();
		}
	}','1',now());
INSERT INTO public.question(question_id,test_id,text,code,right_select_count,create_datetime)VALUES('17','2','JVMï¿½iJava Virtual Machineï¿½jï¿½ÉŠÖ‚ï¿½ï¿½ï¿½ï¿½ï¿½ï¿½ï¿½Æ‚ï¿½ï¿½ÄAï¿½ï¿½ï¿½ï¿½ï¿½ï¿½ï¿½ï¿½ï¿½Ì‚ï¿½Iï¿½Ñ‚È‚ï¿½ï¿½ï¿½ï¿½Bï¿½i1ï¿½Â‘Iï¿½ï¿½ï¿½j','','1',now());
INSERT INTO public.question(question_id,test_id,text,code,right_select_count,create_datetime)VALUES('18','2','ï¿½ï¿½ï¿½Ìƒvï¿½ï¿½ï¿½Oï¿½ï¿½ï¿½ï¿½ï¿½ï¿½ï¿½Rï¿½ï¿½ï¿½pï¿½Cï¿½ï¿½ï¿½Aï¿½ï¿½ï¿½sï¿½ï¿½ï¿½ï¿½ï¿½Æ‚ï¿½ï¿½ÌŒï¿½ï¿½Ê‚Æ‚ï¿½ï¿½ÄAï¿½ï¿½ï¿½ï¿½ï¿½ï¿½ï¿½ï¿½ï¿½Ì‚ï¿½Iï¿½Ñ‚È‚ï¿½ï¿½ï¿½ï¿½Bï¿½i1ï¿½Â‘Iï¿½ï¿½ï¿½j','	public class Main {
		public static void main(String[] args) {
			int i = 3;
			while (i >= 0) {
				System.out.println(i--);
			}
		}
	}','1',now());
INSERT INTO public.question(question_id,test_id,text,code,right_select_count,create_datetime)VALUES('19','2','ï¿½ï¿½ï¿½Ì‚ï¿½ï¿½ï¿½ï¿½Aï¿½Rï¿½ï¿½ï¿½pï¿½Cï¿½ï¿½ï¿½Gï¿½ï¿½ï¿½[ï¿½Æ‚È‚ï¿½ï¿½ï¿½Ì‚ï¿½Iï¿½Ñ‚È‚ï¿½ï¿½ï¿½ï¿½Bï¿½i1ï¿½Â‘Iï¿½ï¿½ï¿½j','','1',now());
INSERT INTO public.question(question_id,test_id,text,code,right_select_count,create_datetime)VALUES('20','2','ï¿½ï¿½ï¿½Ì‚ï¿½ï¿½ï¿½ï¿½Aprivateï¿½Lï¿½[ï¿½ï¿½ï¿½[ï¿½hï¿½ÅCï¿½ï¿½ï¿½Å‚ï¿½ï¿½È‚ï¿½ï¿½ï¿½ï¿½Ì‚ï¿½Iï¿½Ñ‚È‚ï¿½ï¿½ï¿½ï¿½Bï¿½i3ï¿½Â‘Iï¿½ï¿½ï¿½j','','3',now());
INSERT INTO public.question(question_id,test_id,text,code,right_select_count,create_datetime)VALUES('21','2','ï¿½ï¿½ï¿½Ìƒvï¿½ï¿½ï¿½Oï¿½ï¿½ï¿½ï¿½ï¿½ï¿½ï¿½Rï¿½ï¿½ï¿½pï¿½Cï¿½ï¿½ï¿½Aï¿½ï¿½ï¿½sï¿½ï¿½ï¿½ï¿½ï¿½Æ‚ï¿½ï¿½ÌŒï¿½ï¿½Ê‚Æ‚ï¿½ï¿½ÄAï¿½ï¿½ï¿½ï¿½ï¿½ï¿½ï¿½ï¿½ï¿½Ì‚ï¿½Iï¿½Ñ‚È‚ï¿½ï¿½ï¿½ï¿½Bï¿½i1ï¿½Â‘Iï¿½ï¿½ï¿½j','	class B extends A {
		int b, c;

		B(int num) {
			b = num;
		}

		B(int num, int num2) {
			this(num);
			c = num2;
		}
	}

	class A {
		int a;

		A() {
			a = 1;
		}

		A(int num) {
			a = num;
		}
	}

	public class Main {
		public static void main(String[] args) {
			B b = new B(2, 3);
			System.out.println(b.a + "," + b.b + "," + b.c);
		}
	}','1',now());
INSERT INTO public.question(question_id,test_id,text,code,right_select_count,create_datetime)VALUES('22','2','privateï¿½ï¿½ï¿½\ï¿½bï¿½hï¿½Ö‚ÌƒAï¿½Nï¿½Zï¿½Xï¿½ÉŠÖ‚ï¿½ï¿½ï¿½ï¿½ï¿½ï¿½ï¿½Æ‚ï¿½ï¿½ÄAï¿½ï¿½ï¿½ï¿½ï¿½ï¿½ï¿½ï¿½ï¿½Ì‚ï¿½Iï¿½Ñ‚È‚ï¿½ï¿½ï¿½ï¿½Bï¿½i1ï¿½Â‘Iï¿½ï¿½ï¿½j','','1',now());
INSERT INTO public.question(question_id,test_id,text,code,right_select_count,create_datetime)VALUES('23','2','ï¿½ï¿½ï¿½Ìƒvï¿½ï¿½ï¿½Oï¿½ï¿½ï¿½ï¿½ï¿½ÌƒRï¿½ï¿½ï¿½pï¿½Cï¿½ï¿½ï¿½ğ¬Œï¿½ï¿½ï¿½ï¿½ï¿½ï¿½é‚½ï¿½ß‚É‚ÍAï¿½ó—“‚É‚Ç‚ÌƒRï¿½[ï¿½hï¿½ï¿½Ç‰ï¿½ï¿½ï¿½ï¿½ï¿½Î‚æ‚¢ï¿½ï¿½ï¿½Bï¿½ï¿½ï¿½ï¿½ï¿½ï¿½ï¿½ï¿½ï¿½Ì‚ï¿½Iï¿½Ñ‚È‚ï¿½ï¿½ï¿½ï¿½Bï¿½i1ï¿½Â‘Iï¿½ï¿½ï¿½j','	public class Main {
	     public static void main(String[] args) {
	      hello();
	   }
	        ï¿½iï¿½ó—“j   void hello() {
	   System.out.println("hello");
	      }
	  }','1',now());
INSERT INTO public.question(question_id,test_id,text,code,right_select_count,create_datetime)VALUES('24','2',' ï¿½ï¿½ï¿½Ìƒvï¿½ï¿½ï¿½Oï¿½ï¿½ï¿½ï¿½ï¿½ï¿½ï¿½Rï¿½ï¿½ï¿½pï¿½Cï¿½ï¿½ï¿½Aï¿½ï¿½ï¿½sï¿½ï¿½ï¿½ï¿½ï¿½Æ‚ï¿½ï¿½Ìï¿½ï¿½ï¿½ï¿½Æ‚ï¿½ï¿½ÄAï¿½ï¿½ï¿½ï¿½ï¿½ï¿½ï¿½ï¿½ï¿½Ì‚ï¿½Iï¿½Ñ‚È‚ï¿½ï¿½ï¿½ï¿½Bï¿½i1ï¿½Â‘Iï¿½ï¿½ï¿½j','	class A {
		private int num = 10;

		void print() {
			System.out.println(num);
		}
	}

	public class B extends A {
		public static void main(String[] args) {
			B b = new B();
			b.print();
		}
	}','1',now());
INSERT INTO public.question(question_id,test_id,text,code,right_select_count,create_datetime)VALUES('25','2','ï¿½ï¿½ï¿½Ìƒvï¿½ï¿½ï¿½Oï¿½ï¿½ï¿½ï¿½ï¿½ÌƒRï¿½ï¿½ï¿½pï¿½Cï¿½ï¿½ï¿½ğ¬Œï¿½ï¿½ï¿½ï¿½ï¿½ï¿½ï¿½É‚ÍATestï¿½Nï¿½ï¿½ï¿½Xï¿½ï¿½5ï¿½sï¿½Ú‚É‚Ç‚ÌƒRï¿½[ï¿½hï¿½ï¿½Ç‰ï¿½ï¿½ï¿½ï¿½ï¿½Î‚æ‚¢ï¿½ï¿½ï¿½Bï¿½ï¿½ï¿½ï¿½ï¿½ï¿½ï¿½ï¿½ï¿½Ì‚ï¿½Iï¿½Ñ‚È‚ï¿½ï¿½ï¿½ï¿½Bï¿½i1ï¿½Â‘Iï¿½ï¿½ï¿½j','	class Test {
		private String a, b;
		private String c = "C";

		public Test() {
			// insert code here
		}

		public Test(String b) {
			this.b = b;
		}

		public void print() {
			System.out.println(a + "," + b);
		}
	}','1',now());
INSERT INTO public.question(question_id,test_id,text,code,right_select_count,create_datetime)VALUES('26','2','ï¿½ï¿½ï¿½Ìƒvï¿½ï¿½ï¿½Oï¿½ï¿½ï¿½ï¿½ï¿½ï¿½ï¿½Rï¿½ï¿½ï¿½pï¿½Cï¿½ï¿½ï¿½Aï¿½ï¿½ï¿½sï¿½ï¿½ï¿½ï¿½ï¿½Æ‚ï¿½ï¿½ÌŒï¿½ï¿½Ê‚Æ‚ï¿½ï¿½ÄAï¿½ï¿½ï¿½ï¿½ï¿½ï¿½ï¿½ï¿½ï¿½Ì‚ï¿½Iï¿½Ñ‚È‚ï¿½ï¿½ï¿½ï¿½Bï¿½i1ï¿½Â‘Iï¿½ï¿½ï¿½j','	class Sample {
		public String val;
	}

	public class Main {
		public static void main(String[] args) {
			Sample s = new Sample();
			if (s.val == "") {
				s.val = "test";
			}
			System.out.println(s.val);
		}
	}','1',now());
INSERT INTO public.question(question_id,test_id,text,code,right_select_count,create_datetime)VALUES('27','2','ï¿½Aï¿½Nï¿½Zï¿½Xï¿½Cï¿½ï¿½ï¿½qprivateï¿½ÅCï¿½ï¿½ï¿½Å‚ï¿½ï¿½ï¿½vï¿½fï¿½Æ‚ï¿½ï¿½ÄAï¿½ï¿½ï¿½ï¿½ï¿½ï¿½ï¿½ï¿½ï¿½Ì‚ï¿½Iï¿½Ñ‚È‚ï¿½ï¿½ï¿½ï¿½Bï¿½i1ï¿½Â‘Iï¿½ï¿½ï¿½j','','1',now());
INSERT INTO public.question(question_id,test_id,text,code,right_select_count,create_datetime)VALUES('28','2','ï¿½ï¿½ï¿½Ìƒvï¿½ï¿½ï¿½Oï¿½ï¿½ï¿½ï¿½ï¿½ï¿½ï¿½Rï¿½ï¿½ï¿½pï¿½Cï¿½ï¿½ï¿½Aï¿½ï¿½ï¿½sï¿½ï¿½ï¿½ï¿½ï¿½Æ‚ï¿½ï¿½ÌŒï¿½ï¿½Ê‚Æ‚ï¿½ï¿½ÄAï¿½ï¿½ï¿½ï¿½ï¿½ï¿½ï¿½ï¿½ï¿½Ì‚ï¿½Iï¿½Ñ‚È‚ï¿½ï¿½ï¿½ï¿½Bï¿½i1ï¿½Â‘Iï¿½ï¿½ï¿½j','	public class Main {
		public static void main(String[] args) {
			System.out.println(args[0] + args[1]);
		}
	}
ï¿½yï¿½ï¿½ï¿½sï¿½ï¿½ï¿½@ï¿½z
java Main test','1',now());
INSERT INTO public.question(question_id,test_id,text,code,right_select_count,create_datetime)VALUES('29','2','ï¿½ï¿½ï¿½Ìƒvï¿½ï¿½ï¿½Oï¿½ï¿½ï¿½ï¿½ï¿½ï¿½ï¿½Rï¿½ï¿½ï¿½pï¿½Cï¿½ï¿½ï¿½Aï¿½ï¿½ï¿½sï¿½ï¿½ï¿½ï¿½ï¿½Æ‚ï¿½ï¿½ÌŒï¿½ï¿½Ê‚Æ‚ï¿½ï¿½ÄAï¿½ï¿½ï¿½ï¿½ï¿½ï¿½ï¿½ï¿½ï¿½Ì‚ï¿½Iï¿½Ñ‚È‚ï¿½ï¿½ï¿½ï¿½Bï¿½i1ï¿½Â‘Iï¿½ï¿½ï¿½j','	public interface A {
		int test(int x, int y);
	}

	public class B implements A {
		public int test(int a, int b) {
			return (a * b) / 2;
		}
	}

	public class C implements A {
		public int test(int c, int d) {
			return (int) (3.2 * (c * d));
		}
	}

	public class Main {
		public static void main(String[] args) {
			A[] array = { new B(), new C() };
			System.out.print(array[0].test(3, 2) + " ");
			System.out.println(array[1].test(3, 2));
		}
	}','1',now());
INSERT INTO public.question(question_id,test_id,text,code,right_select_count,create_datetime)VALUES('30','2','ï¿½ï¿½ï¿½Ìƒvï¿½ï¿½ï¿½Oï¿½ï¿½ï¿½ï¿½ï¿½ï¿½ï¿½Rï¿½ï¿½ï¿½pï¿½Cï¿½ï¿½ï¿½Aï¿½ï¿½ï¿½sï¿½ï¿½ï¿½ï¿½ï¿½Æ‚ï¿½ï¿½ÌŒï¿½ï¿½Ê‚Æ‚ï¿½ï¿½ÄAï¿½ï¿½ï¿½ï¿½ï¿½ï¿½ï¿½ï¿½ï¿½Ì‚ï¿½Iï¿½Ñ‚È‚ï¿½ï¿½ï¿½ï¿½Bï¿½i1ï¿½Â‘Iï¿½ï¿½ï¿½j','
	public class Shape {
		public void print() {
			System.out.println("shape");
		}
	}

	public class Triangle extends Shape {
		public void print() {
			System.out.println("triangle");
		}
	}

	public class Main {
		public static void main(String[] args) {
			Shape s = new Shape();
			Triangle t = (Triangle) s;
			t.print();
		}
	}','1',now());
INSERT INTO public.question(question_id,test_id,text,code,right_select_count,create_datetime)VALUES('31','2','ï¿½ï¿½ï¿½Ìƒï¿½ï¿½\ï¿½bï¿½hï¿½ğ³‚ï¿½ï¿½ï¿½ï¿½Iï¿½[ï¿½oï¿½[ï¿½ï¿½ï¿½[ï¿½hï¿½ï¿½ï¿½Ä‚ï¿½ï¿½éƒï¿½\ï¿½bï¿½hï¿½ï¿½Iï¿½Ñ‚È‚ï¿½ï¿½ï¿½ï¿½Bï¿½i1ï¿½Â‘Iï¿½ï¿½ï¿½j','	public void test(int a, int b) {}','1',now());
INSERT INTO public.question(question_id,test_id,text,code,right_select_count,create_datetime)VALUES('32','2','ï¿½ï¿½ï¿½Ìï¿½ï¿½ï¿½ï¿½Ì‚ï¿½ï¿½ï¿½ï¿½Aï¿½ï¿½ï¿½ï¿½ï¿½ï¿½ï¿½ï¿½ï¿½Ì‚ï¿½Iï¿½Ñ‚È‚ï¿½ï¿½ï¿½ï¿½Bï¿½i4ï¿½Â‘Iï¿½ï¿½ï¿½j','','4',now());
INSERT INTO public.question(question_id,test_id,text,code,right_select_count,create_datetime)VALUES('33','2','ï¿½ï¿½ï¿½Ìƒvï¿½ï¿½ï¿½Oï¿½ï¿½ï¿½ï¿½ï¿½ï¿½ï¿½ï¿½ï¿½sï¿½ï¿½ï¿½Aï¿½Rï¿½ï¿½ï¿½\ï¿½[ï¿½ï¿½ï¿½ï¿½1ï¿½ï¿½ï¿½ï¿½4ï¿½Ì’lï¿½ï¿½ï¿½ï¿½ï¿½É•\ï¿½ï¿½ï¿½ï¿½ï¿½ï¿½ï¿½ï¿½ï¿½Bï¿½ó—“‚É‚ï¿½ï¿½Ä‚Í‚Ü‚ï¿½Rï¿½[ï¿½hï¿½ï¿½Iï¿½Ñ‚È‚ï¿½ï¿½ï¿½ï¿½Bï¿½i1ï¿½Â‘Iï¿½ï¿½ï¿½j','	public class Main {
		public static void main(String[] args) {
		  for (int i = 0; ï¿½ï¿½ ) {
		  System.out.println(i);
		  }
		  }
	}','1',now());
INSERT INTO public.question(question_id,test_id,text,code,right_select_count,create_datetime)VALUES('34','2','ï¿½ï¿½ï¿½Ìƒvï¿½ï¿½ï¿½Oï¿½ï¿½ï¿½ï¿½ï¿½ï¿½ï¿½Rï¿½ï¿½ï¿½pï¿½Cï¿½ï¿½ï¿½Aï¿½ï¿½ï¿½sï¿½ï¿½ï¿½ï¿½ï¿½Æ‚ï¿½ï¿½ÌŒï¿½ï¿½Ê‚Æ‚ï¿½ï¿½ÄAï¿½ï¿½ï¿½ï¿½ï¿½ï¿½ï¿½ï¿½ï¿½Ì‚ï¿½Iï¿½Ñ‚È‚ï¿½ï¿½ï¿½ï¿½Bï¿½i1ï¿½Â‘Iï¿½ï¿½ï¿½j','	public class Main {
		public static void main(String[] args) {
			int a = 10;
			int b = 20;
			if (a != 10)
				System.out.println("A");
			else if (a < b)
				System.out.println("B");
			else
				System.out.println("C");
		}
	}','1',now());
INSERT INTO public.question(question_id,test_id,text,code,right_select_count,create_datetime)VALUES('35','2',' ï¿½ï¿½ï¿½ÌƒNï¿½ï¿½ï¿½Xï¿½ï¿½ï¿½pï¿½ï¿½ï¿½ï¿½ï¿½ï¿½ï¿½Nï¿½ï¿½ï¿½Xï¿½ï¿½ï¿½ï¿½ï¿½Â‚×‚ï¿½ï¿½ï¿½ï¿½\ï¿½bï¿½hï¿½Æ‚ï¿½ï¿½ÄAï¿½ï¿½ï¿½ï¿½ï¿½ï¿½ï¿½ï¿½ï¿½Ì‚ï¿½Iï¿½Ñ‚È‚ï¿½ï¿½ï¿½ï¿½Bï¿½i1ï¿½Â‘Iï¿½ï¿½ï¿½j','	
	abstract class Sample {
	     public abstract void test();
	}','1',now());
INSERT INTO public.question(question_id,test_id,text,code,right_select_count,create_datetime)VALUES('36','2','ï¿½ï¿½ï¿½Ìƒvï¿½ï¿½ï¿½Oï¿½ï¿½ï¿½ï¿½ï¿½ï¿½ï¿½Rï¿½ï¿½ï¿½pï¿½Cï¿½ï¿½ï¿½Aï¿½ï¿½ï¿½sï¿½ï¿½ï¿½ï¿½ï¿½Æ‚ï¿½ï¿½ÌŒï¿½ï¿½Ê‚Æ‚ï¿½ï¿½ÄAï¿½ï¿½ï¿½ï¿½ï¿½ï¿½ï¿½ï¿½ï¿½Ì‚ï¿½Iï¿½Ñ‚È‚ï¿½ï¿½ï¿½ï¿½Bï¿½i1ï¿½Â‘Iï¿½ï¿½ï¿½j','	public class Sample {
		static String val = "sample";

		public Sample(String val) {
			this.val = val;
		}
	}

	public class Main {
		public static void main(String[] args) {
			Sample s = new Sample();
			Sample s2 = new Sample("test");
			System.out.println(s.val);
			System.out.println(s2.val);
		}
	}','1',now());
INSERT INTO public.question(question_id,test_id,text,code,right_select_count,create_datetime)VALUES('37','2','ï¿½tï¿½Bï¿½[ï¿½ï¿½ï¿½hï¿½ï¿½Kï¿½Ø‚ÉƒJï¿½vï¿½Zï¿½ï¿½ï¿½ï¿½ï¿½ï¿½ï¿½Aï¿½lï¿½ï¿½ï¿½sï¿½pï¿½Ó‚É•ÏXï¿½ï¿½ï¿½ï¿½È‚ï¿½ï¿½æ‚¤ï¿½É’ï¿½`ï¿½ï¿½ï¿½ï¿½ï¿½ï¿½ï¿½Bï¿½Kï¿½Ø‚É‹Lï¿½qï¿½ï¿½ï¿½ï¿½Ä‚ï¿½ï¿½ï¿½Rï¿½[ï¿½hï¿½ï¿½Iï¿½Ñ‚È‚ï¿½ï¿½ï¿½ï¿½Bï¿½i1ï¿½Â‘Iï¿½ï¿½ï¿½j','','1',now());
INSERT INTO public.question(question_id,test_id,text,code,right_select_count,create_datetime)VALUES('38','2','ï¿½ï¿½ï¿½Ìƒvï¿½ï¿½ï¿½Oï¿½ï¿½ï¿½ï¿½ï¿½ï¿½ï¿½Rï¿½ï¿½ï¿½pï¿½Cï¿½ï¿½ï¿½Aï¿½ï¿½ï¿½sï¿½ï¿½ï¿½ï¿½ï¿½Æ‚ï¿½ï¿½ÌŒï¿½ï¿½Ê‚Æ‚ï¿½ï¿½ÄAï¿½ï¿½ï¿½ï¿½ï¿½ï¿½ï¿½ï¿½ï¿½Ì‚ï¿½Iï¿½Ñ‚È‚ï¿½ï¿½ï¿½ï¿½Bï¿½i1ï¿½Â‘Iï¿½ï¿½ï¿½j','	public class Main {
		public static void main(String[] args) {
			int[] array = { 2, 4, 6, 8 };
			int[] array2 = { 1, 3, 5, 7, 9 };
			array = array2;
			for (int i = 0; i < array.length; i++) {
				System.out.println(array[i]);
			}
		}
	}','1',now());
INSERT INTO public.question(question_id,test_id,text,code,right_select_count,create_datetime)VALUES('39','2','ï¿½ï¿½ï¿½Ìƒvï¿½ï¿½ï¿½Oï¿½ï¿½ï¿½ï¿½ï¿½ï¿½ï¿½Rï¿½ï¿½ï¿½pï¿½Cï¿½ï¿½ï¿½Aï¿½ï¿½ï¿½sï¿½ï¿½ï¿½ï¿½ï¿½Æ‚ï¿½ï¿½ÌŒï¿½ï¿½Ê‚Æ‚ï¿½ï¿½ÄAï¿½ï¿½ï¿½ï¿½ï¿½ï¿½ï¿½ï¿½ï¿½Ì‚ï¿½Iï¿½Ñ‚È‚ï¿½ï¿½ï¿½ï¿½Bï¿½i1ï¿½Â‘Iï¿½ï¿½ï¿½j','	public class Main {
		public static void main(String[] args) {
			int x = 10;
			test(x);
			System.out.println(x);
		}

		private static void test(int a) {
			x++;
		}
	}','1',now());
INSERT INTO public.question(question_id,test_id,text,code,right_select_count,create_datetime)VALUES('40','2','ï¿½ï¿½ï¿½Ìƒvï¿½ï¿½ï¿½Oï¿½ï¿½ï¿½ï¿½ï¿½ï¿½ï¿½ï¿½ï¿½sï¿½ï¿½ï¿½ÄA0ï¿½ï¿½ï¿½ï¿½2ï¿½Ü‚Å‚ï¿½ï¿½ï¿½ï¿½É•\ï¿½ï¿½ï¿½ï¿½ï¿½ï¿½ï¿½ï¿½ï¿½B4ï¿½sï¿½Ú‚É‘}ï¿½ï¿½ï¿½ï¿½ï¿½ï¿½Rï¿½[ï¿½hï¿½Æ‚ï¿½ï¿½ÄAï¿½ï¿½ï¿½ï¿½ï¿½ï¿½ï¿½ï¿½ï¿½Ì‚ï¿½ï¿½ï¿½Iï¿½Ñ‚È‚ï¿½ï¿½ï¿½ï¿½Bï¿½i1ï¿½Â‘Iï¿½ï¿½ï¿½j','	public class Main {
		public static void main(String[] args) {
			int x = 0;
			// insert code here
		}
	}','1',now());
INSERT INTO public.question(question_id,test_id,text,code,right_select_count,create_datetime)VALUES('41','2','ï¿½ï¿½ï¿½Ìƒvï¿½ï¿½ï¿½Oï¿½ï¿½ï¿½ï¿½ï¿½ï¿½ï¿½ï¿½ï¿½sï¿½ï¿½ï¿½A1ï¿½ï¿½ï¿½ï¿½5ï¿½Ü‚Å‚ï¿½ï¿½ï¿½ï¿½É•\ï¿½ï¿½ï¿½ï¿½ï¿½ï¿½ï¿½ï¿½ï¿½Bï¿½ó—“‡@ï¿½Æ‡Aï¿½É‚ï¿½ï¿½Ä‚Í‚Ü‚ï¿½Rï¿½[ï¿½hï¿½ï¿½Iï¿½Ñ‚È‚ï¿½ï¿½ï¿½ï¿½Bï¿½i1ï¿½Â‘Iï¿½ï¿½ï¿½j','	 public class Main {
		     public static void main(String[] args) {
		         int[] array = {1, 2, 3, 4, 5};   
		         for (ï¿½@ ; i < array.length; ï¿½A ) {
		              System.out.println(array[i]);
		             i++;
		      }
		      }
		 }','1',now());
INSERT INTO public.question(question_id,test_id,text,code,right_select_count,create_datetime)VALUES('42','2','ï¿½ï¿½ï¿½Ìƒvï¿½ï¿½ï¿½Oï¿½ï¿½ï¿½ï¿½ï¿½ï¿½ï¿½Rï¿½ï¿½ï¿½pï¿½Cï¿½ï¿½ï¿½Aï¿½ï¿½ï¿½sï¿½ï¿½ï¿½ï¿½ï¿½Æ‚ï¿½ï¿½ÌŒï¿½ï¿½Ê‚Æ‚ï¿½ï¿½ÄAï¿½ï¿½ï¿½ï¿½ï¿½ï¿½ï¿½ï¿½ï¿½Ì‚ï¿½Iï¿½Ñ‚È‚ï¿½ï¿½ï¿½ï¿½Bï¿½i1ï¿½Â‘Iï¿½ï¿½ï¿½j','	public class Main {
		public static void main(String[] args) {
			String str = null;

			if (str == null) {
				System.out.println("if");
			} else if (str == "null") {
				System.out.println("else if");
			} else {
				System.out.println("else");
			}
		}
	}','1',now());
INSERT INTO public.question(question_id,test_id,text,code,right_select_count,create_datetime)VALUES('43','2','Javaï¿½ÌŒpï¿½ï¿½ï¿½ÉŠÖ‚ï¿½ï¿½ï¿½ï¿½ï¿½ï¿½ï¿½Æ‚ï¿½ï¿½ÄAï¿½ï¿½ï¿½ï¿½ï¿½ï¿½ï¿½ï¿½ï¿½Ì‚ï¿½Iï¿½Ñ‚È‚ï¿½ï¿½ï¿½ï¿½Bï¿½i2ï¿½Â‘Iï¿½ï¿½ï¿½j','','2',now());
INSERT INTO public.question(question_id,test_id,text,code,right_select_count,create_datetime)VALUES('44','2','ï¿½ï¿½ï¿½Ì‚ï¿½ï¿½ï¿½ï¿½Aabstractï¿½ÅCï¿½ï¿½ï¿½Å‚ï¿½ï¿½È‚ï¿½ï¿½ï¿½ï¿½Ì‚ï¿½Iï¿½Ñ‚È‚ï¿½ï¿½ï¿½ï¿½Bï¿½i2ï¿½Â‘Iï¿½ï¿½ï¿½j','','2',now());
INSERT INTO public.question(question_id,test_id,text,code,right_select_count,create_datetime)VALUES('45','2','ï¿½ï¿½ï¿½Ìƒvï¿½ï¿½ï¿½Oï¿½ï¿½ï¿½ï¿½ï¿½ï¿½ï¿½Rï¿½ï¿½ï¿½pï¿½Cï¿½ï¿½ï¿½Aï¿½ï¿½ï¿½sï¿½ï¿½ï¿½ï¿½ï¿½Æ‚ï¿½ï¿½ÌŒï¿½ï¿½Ê‚Æ‚ï¿½ï¿½ÄAï¿½ï¿½ï¿½ï¿½ï¿½ï¿½ï¿½ï¿½ï¿½Ì‚ï¿½Iï¿½Ñ‚È‚ï¿½ï¿½ï¿½ï¿½Bï¿½i1ï¿½Â‘Iï¿½ï¿½ï¿½j','	public class Main {
		public static void main(String[] args) {
			Sample s = new Sample();
			int result = s.test() + s.getNum();
			System.out.println(result);
		}
	}

	class Sample {
		private static int num;

		public static int getNum() {
			return ++num;
		}

		public int test() {
			return getNum();
		}
	}','1',now());
INSERT INTO public.question(question_id,test_id,text,code,right_select_count,create_datetime)VALUES('46','2','ï¿½ï¿½ï¿½Ìƒvï¿½ï¿½ï¿½Oï¿½ï¿½ï¿½ï¿½ï¿½ï¿½ï¿½Rï¿½ï¿½ï¿½pï¿½Cï¿½ï¿½ï¿½Aï¿½ï¿½ï¿½sï¿½ï¿½ï¿½ï¿½ï¿½Æ‚ï¿½ï¿½ÌŒï¿½ï¿½Ê‚Æ‚ï¿½ï¿½ÄAï¿½ï¿½ï¿½ï¿½ï¿½ï¿½ï¿½ï¿½ï¿½Ì‚ï¿½Iï¿½Ñ‚È‚ï¿½ï¿½ï¿½ï¿½Bï¿½i1ï¿½Â‘Iï¿½ï¿½ï¿½j','	public class Main {
		public static void main(String[] args) {
			Sample[] samples = { new Test(), new Exam(), new Test() };
			for (Sample s : samples) {
				s.test();
			}
		}
	}

	interface Sample {
		void test();
	}

	class Test implements Sample {
		public void test() {
			System.out.println("A");
		}
	}

	class Exam {
		public void test() {
			System.out.println("B");
		}
	}','1',now());
INSERT INTO public.question(question_id,test_id,text,code,right_select_count,create_datetime)VALUES('47','2','ï¿½ï¿½ï¿½Ì‚ï¿½ï¿½ï¿½ï¿½Aï¿½Cï¿½ï¿½ï¿½^ï¿½tï¿½Fï¿½[ï¿½Xï¿½É’ï¿½`ï¿½Å‚ï¿½ï¿½È‚ï¿½ï¿½ï¿½ï¿½Ì‚ï¿½Iï¿½Ñ‚È‚ï¿½ï¿½ï¿½ï¿½Bï¿½i2ï¿½Â‘Iï¿½ï¿½ï¿½j','','2',now());
INSERT INTO public.question(question_id,test_id,text,code,right_select_count,create_datetime)VALUES('48','2','ï¿½ï¿½ï¿½Ìƒvï¿½ï¿½ï¿½Oï¿½ï¿½ï¿½ï¿½ï¿½ï¿½ï¿½ï¿½ï¿½sï¿½ï¿½ï¿½Aï¿½utestï¿½vï¿½ï¿½1ï¿½ñ‚¾‚ï¿½ï¿½\ï¿½ï¿½ï¿½ï¿½ï¿½ï¿½ï¿½ï¿½ï¿½Bï¿½ó—“‚É‚ï¿½ï¿½Ä‚Í‚Ü‚ï¿½Rï¿½[ï¿½hï¿½ï¿½Iï¿½Ñ‚È‚ï¿½ï¿½ï¿½ï¿½Bï¿½i1ï¿½Â‘Iï¿½ï¿½ï¿½j','','1',now());
INSERT INTO public.question(question_id,test_id,text,code,right_select_count,create_datetime)VALUES('49','2','com.sample.controllerï¿½pï¿½bï¿½Pï¿½[ï¿½Wï¿½É‘ï¿½ï¿½ï¿½ï¿½ï¿½Nï¿½ï¿½ï¿½Xï¿½ï¿½ï¿½gï¿½ï¿½ï¿½Acom.sample.viewï¿½pï¿½bï¿½Pï¿½[ï¿½Wï¿½É‘ï¿½ï¿½ï¿½ï¿½ï¿½Nï¿½ï¿½ï¿½Xï¿½ï¿½ï¿½`ï¿½ï¿½ï¿½ï¿½ï¿½ï¿½ï¿½Bï¿½ï¿½`ï¿½ï¿½ï¿½@ï¿½Æ‚ï¿½ï¿½Äï¿½ï¿½ï¿½ï¿½ï¿½ï¿½ï¿½ï¿½Ì‚ï¿½Iï¿½Ñ‚È‚ï¿½ï¿½ï¿½ï¿½Bï¿½i1ï¿½Â‘Iï¿½ï¿½ï¿½j','','1',now());
INSERT INTO public.question(question_id,test_id,text,code,right_select_count,create_datetime)VALUES('50','2','ï¿½ï¿½ï¿½Ìƒvï¿½ï¿½ï¿½Oï¿½ï¿½ï¿½ï¿½ï¿½ï¿½ï¿½Rï¿½ï¿½ï¿½pï¿½Cï¿½ï¿½ï¿½Aï¿½ï¿½ï¿½sï¿½ï¿½ï¿½ï¿½ï¿½Æ‚ï¿½ï¿½ÌŒï¿½ï¿½Ê‚Æ‚ï¿½ï¿½ÄAï¿½ï¿½ï¿½ï¿½ï¿½ï¿½ï¿½ï¿½ï¿½Ì‚ï¿½Iï¿½Ñ‚È‚ï¿½ï¿½ï¿½ï¿½Bï¿½i1ï¿½Â‘Iï¿½ï¿½ï¿½j','','1',now());
INSERT INTO public.question(question_id,test_id,text,code,right_select_count,create_datetime)VALUES('51','2','ï¿½ï¿½ï¿½Ì‚ï¿½ï¿½ï¿½ï¿½Aï¿½ï¿½ï¿½ï¿½ï¿½ï¿½ï¿½ï¿½ï¿½ï¿½ï¿½ï¿½Iï¿½Ñ‚È‚ï¿½ï¿½ï¿½ï¿½Bï¿½i2ï¿½Â‘Iï¿½ï¿½ï¿½j','','2',now());
INSERT INTO public.question(question_id,test_id,text,code,right_select_count,create_datetime)VALUES('52','2','ï¿½ï¿½ï¿½Ìƒvï¿½ï¿½ï¿½Oï¿½ï¿½ï¿½ï¿½ï¿½ÉŠÖ‚ï¿½ï¿½ï¿½ï¿½ï¿½ï¿½ï¿½Æ‚ï¿½ï¿½ÄAï¿½ï¿½ï¿½ï¿½ï¿½ï¿½ï¿½ï¿½ï¿½Ì‚ï¿½Iï¿½Ñ‚È‚ï¿½ï¿½ï¿½ï¿½Bï¿½i1ï¿½Â‘Iï¿½ï¿½ï¿½j','	public class Sample {
		private static int num = 10;

		public void Sample() {
			this(10);
		}

		private Sample(int n) {
			num = n;
		}
	}','1',now());
INSERT INTO public.question(question_id,test_id,text,code,right_select_count,create_datetime)VALUES('53','2','ï¿½ï¿½ï¿½Ìƒvï¿½ï¿½ï¿½Oï¿½ï¿½ï¿½ï¿½ï¿½Ì‚ï¿½ï¿½ï¿½ï¿½Aï¿½Rï¿½ï¿½ï¿½pï¿½Cï¿½ï¿½ï¿½Gï¿½ï¿½ï¿½[ï¿½É‚È‚ï¿½Ì‚Í‰ï¿½ï¿½sï¿½Ú‚ï¿½ï¿½Bï¿½ï¿½ï¿½ï¿½ï¿½ï¿½ï¿½ï¿½ï¿½Ì‚ï¿½Iï¿½Ñ‚È‚ï¿½ï¿½ï¿½ï¿½Bï¿½i3ï¿½Â‘Iï¿½ï¿½ï¿½j','	public class Main {
		public static void main(String[] args) {
		          int[] array1 = { 1, 2, 3 };
		          int array2 = array1;
		          int[] array3 = new int[3];
		          array3 = new int[5];
		          int[] array4 = new int(4);
		          int[3] array5;
		      }
	}','3',now());
INSERT INTO public.question(question_id,test_id,text,code,right_select_count,create_datetime)VALUES('54','2','ï¿½ï¿½ï¿½Ìƒvï¿½ï¿½ï¿½Oï¿½ï¿½ï¿½ï¿½ï¿½Ìï¿½ï¿½sï¿½ï¿½ÉAï¿½Nï¿½ï¿½ï¿½Xï¿½ÌƒCï¿½ï¿½ï¿½Xï¿½^ï¿½ï¿½ï¿½Xï¿½Í‚ï¿½ï¿½ï¿½ï¿½Âï¿½ï¿½ï¿½ï¿½ï¿½ï¿½ï¿½é‚©ï¿½Bï¿½ï¿½ï¿½ï¿½ï¿½ï¿½ï¿½Âï¿½ï¿½ï¿½Iï¿½Ñ‚È‚ï¿½ï¿½ï¿½ï¿½Bï¿½i1ï¿½Â‘Iï¿½ï¿½ï¿½j','	public class Item {

	}

	public class Main {
		public static void main(String[] args) {
			Item item1 = new Item();
			Item item2 = new Item();
			Item item3 = null;
			item1 = null;
			item2 = null;

		}
	}','1',now());
INSERT INTO public.question(question_id,test_id,text,code,right_select_count,create_datetime)VALUES('55','2','ï¿½Xï¿½[ï¿½pï¿½[ï¿½Nï¿½ï¿½ï¿½Xï¿½Ì—vï¿½fï¿½Æ“ï¿½ï¿½ï¿½ï¿½ï¿½ï¿½Oï¿½Å’ï¿½`ï¿½Å‚ï¿½ï¿½ï¿½Tï¿½uï¿½Nï¿½ï¿½ï¿½Xï¿½Ì—vï¿½fï¿½Æ‚ï¿½ï¿½ÄAï¿½ï¿½ï¿½ï¿½ï¿½ï¿½ï¿½ï¿½ï¿½Ì‚ï¿½Iï¿½Ñ‚È‚ï¿½ï¿½ï¿½ï¿½Bï¿½i2ï¿½Â‘Iï¿½ï¿½ï¿½j','','2',now());
INSERT INTO public.question(question_id,test_id,text,code,right_select_count,create_datetime)VALUES('56','2','ï¿½ï¿½ï¿½Ì‚ï¿½ï¿½ï¿½ï¿½Aï¿½Nï¿½ï¿½ï¿½Xï¿½ï¿½ï¿½Æ‚ï¿½ï¿½Ägï¿½ï¿½ï¿½ï¿½ï¿½ï¿½Ì‚ï¿½Iï¿½Ñ‚È‚ï¿½ï¿½ï¿½ï¿½Bï¿½i3ï¿½Â‘Iï¿½ï¿½ï¿½j','','3',now());
INSERT INTO public.question(question_id,test_id,text,code,right_select_count,create_datetime)VALUES('57','2','ï¿½ï¿½ï¿½\ï¿½bï¿½hï¿½ÌƒVï¿½Oï¿½jï¿½`ï¿½ï¿½ï¿½ï¿½ï¿½\ï¿½ï¿½ï¿½ï¿½ï¿½ï¿½vï¿½fï¿½Æ‚ï¿½ï¿½ÄAï¿½ï¿½ï¿½ï¿½Ä‚ï¿½ï¿½ï¿½ï¿½ï¿½Ì‚ï¿½Iï¿½Ñ‚È‚ï¿½ï¿½ï¿½ï¿½Bï¿½i3ï¿½Â‘Iï¿½ï¿½ï¿½j','','3',now());
INSERT INTO public.question(question_id,test_id,text,code,right_select_count,create_datetime)VALUES('58','2','ï¿½ï¿½ï¿½Ì‚ï¿½ï¿½ï¿½ï¿½Aï¿½|ï¿½ï¿½ï¿½ï¿½ï¿½[ï¿½tï¿½Bï¿½Yï¿½ï¿½ï¿½É‚ï¿½ï¿½ï¿½ï¿½Æ‚ï¿½ï¿½ÖŒWï¿½ï¿½ï¿½ï¿½ï¿½ï¿½pï¿½ï¿½ï¿½Iï¿½Ñ‚È‚ï¿½ï¿½ï¿½ï¿½Bï¿½i1ï¿½Â‘Iï¿½ï¿½ï¿½j','','1',now());
INSERT INTO public.question(question_id,test_id,text,code,right_select_count,create_datetime)VALUES('59','2','ï¿½ï¿½ï¿½Ìƒvï¿½ï¿½ï¿½Oï¿½ï¿½ï¿½ï¿½ï¿½ï¿½ï¿½Rï¿½ï¿½ï¿½pï¿½Cï¿½ï¿½ï¿½Aï¿½ï¿½ï¿½sï¿½ï¿½ï¿½ï¿½ï¿½Æ‚ï¿½ï¿½ÌŒï¿½ï¿½Ê‚Æ‚ï¿½ï¿½ÄAï¿½ï¿½ï¿½ï¿½ï¿½ï¿½ï¿½ï¿½ï¿½Ì‚ï¿½Iï¿½Ñ‚È‚ï¿½ï¿½ï¿½ï¿½Bï¿½i1ï¿½Â‘Iï¿½ï¿½ï¿½j','	public class Main {
		public static void main(String[] args) {
			int i = 2;
			System.out.println((i += 2) + (i++));
		}
	}','1',now());
INSERT INTO public.question(question_id,test_id,text,code,right_select_count,create_datetime)VALUES('60','2','ï¿½ï¿½ï¿½Ìƒvï¿½ï¿½ï¿½Oï¿½ï¿½ï¿½ï¿½ï¿½ï¿½ï¿½Rï¿½ï¿½ï¿½pï¿½Cï¿½ï¿½ï¿½Aï¿½ï¿½ï¿½sï¿½ï¿½ï¿½ï¿½ï¿½Æ‚ï¿½ï¿½ÌŒï¿½ï¿½Ê‚Æ‚ï¿½ï¿½ÄAï¿½ï¿½ï¿½ï¿½ï¿½ï¿½ï¿½ï¿½ï¿½Ì‚ï¿½Iï¿½Ñ‚È‚ï¿½ï¿½ï¿½ï¿½Bï¿½i1ï¿½Â‘Iï¿½ï¿½ï¿½j','	public class Main {
		public static void main(String[] args) {
			Sample s = new Sample();
			long data = s.test(10);
			System.out.println(data);
		}
	}

	class Sample {
		public int test(int a) {
			return a * 2;
		}

		public long test(int b) {
			return b * 3;
		}
	}','1',now());



--option
INSERT INTO public."option"(test_id,question_id,option_id,text,right_or_wrong,create_datetime)
VALUES('1','1','1','ï¿½vï¿½ï¿½ï¿½bï¿½gï¿½tï¿½Hï¿½[ï¿½ï¿½ï¿½ÉˆË‘ï¿½ï¿½ï¿½ï¿½ï¿½ï¿½lï¿½Cï¿½eï¿½Bï¿½uï¿½Rï¿½[ï¿½hï¿½ï¿½ï¿½Lï¿½qï¿½ï¿½ï¿½ï¿½Ä‚ï¿½ï¿½ï¿½','0',now());

INSERT INTO public."option"(test_id,question_id,option_id,text,right_or_wrong,create_datetime)
VALUES('1','1','2','ï¿½vï¿½ï¿½ï¿½bï¿½gï¿½tï¿½Hï¿½[ï¿½ï¿½ï¿½ÉˆË‘ï¿½ï¿½ï¿½ï¿½È‚ï¿½ï¿½lï¿½Cï¿½eï¿½Bï¿½uï¿½Rï¿½[ï¿½hï¿½ï¿½ï¿½Lï¿½qï¿½ï¿½ï¿½ï¿½Ä‚ï¿½ï¿½ï¿½','0',now());

INSERT INTO public."option"(test_id,question_id,option_id,text,right_or_wrong,create_datetime)
VALUES('1','1','3','JVMï¿½ï¿½ï¿½ï¿½ï¿½ï¿½ï¿½ï¿½ï¿½Å‚ï¿½ï¿½ï¿½Rï¿½[ï¿½hï¿½ï¿½ï¿½Lï¿½qï¿½ï¿½ï¿½ï¿½Ä‚ï¿½ï¿½ï¿½','1',now());

INSERT INTO public."option"(test_id,question_id,option_id,text,right_or_wrong,create_datetime)
VALUES('1','1','4','ï¿½lï¿½Ô‚ï¿½ï¿½ï¿½ï¿½ï¿½ï¿½Å‚ï¿½ï¿½ï¿½Rï¿½[ï¿½hï¿½ï¿½ï¿½Lï¿½qï¿½ï¿½ï¿½ï¿½Ä‚ï¿½ï¿½ï¿½','0',now());

INSERT INTO public."option"(test_id,question_id,option_id,text,right_or_wrong,create_datetime)
VALUES('1','2','1','DUMMY2-1','0',now());

INSERT INTO public."option"(test_id,question_id,option_id,text,right_or_wrong,create_datetime)
VALUES('1','2','2','DUMMY2-2','1',now());

INSERT INTO public."option"(test_id,question_id,option_id,text,right_or_wrong,create_datetime)
VALUES('1','2','3','DUMMY2-3','1',now());

INSERT INTO public."option"(test_id,question_id,option_id,text,right_or_wrong,create_datetime)
VALUES('1','2','4','DUMMY2-4','0',now());

INSERT INTO public."option"(test_id,question_id,option_id,text,right_or_wrong,create_datetime)
VALUES('1','3','1','DUMMY3-1','0',now());

INSERT INTO public."option"(test_id,question_id,option_id,text,right_or_wrong,create_datetime)
VALUES('1','3','2','DUMMY3-2','1',now());

INSERT INTO public."option"(test_id,question_id,option_id,text,right_or_wrong,create_datetime)
VALUES('1','3','3','DUMMY3-3','1',now());

INSERT INTO public."option"(test_id,question_id,option_id,text,right_or_wrong,create_datetime)
VALUES('1','3','4','DUMMY3-4','0',now());

INSERT INTO public."option"(test_id,question_id,option_id,text,right_or_wrong,create_datetime)
VALUES('1','3','5','DUMMY3-5','0',now());

INSERT INTO public."option"(test_id,question_id,option_id,text,right_or_wrong,create_datetime)
VALUES('1','3','6','DUMMY3-6','0',now());

INSERT INTO public."option"(test_id,question_id,option_id,text,right_or_wrong,create_datetime)
VALUES('1','3','7','DUMMY3-7','1',now());

INSERT INTO public."option"(test_id,question_id,option_id,text,right_or_wrong,create_datetime)
VALUES('2','1','1','Aï¿½Nï¿½ï¿½ï¿½X','FALSE',now());
INSERT INTO public."option"(test_id,question_id,option_id,text,right_or_wrong,create_datetime)
VALUES('2','1','2','Aï¿½Nï¿½ï¿½ï¿½Xï¿½AMainï¿½Nï¿½ï¿½ï¿½X','TRUE',now());
INSERT INTO public."option"(test_id,question_id,option_id,text,right_or_wrong,create_datetime)
VALUES('2','1','3','Aï¿½Nï¿½ï¿½ï¿½Xï¿½ABï¿½Nï¿½ï¿½ï¿½Xï¿½AMainï¿½Nï¿½ï¿½ï¿½X','FALSE',now());
INSERT INTO public."option"(test_id,question_id,option_id,text,right_or_wrong,create_datetime)
VALUES('2','1','4','Aï¿½Nï¿½ï¿½ï¿½Xï¿½ABï¿½Nï¿½ï¿½ï¿½X','FALSE',now());
INSERT INTO public."option"(test_id,question_id,option_id,text,right_or_wrong,create_datetime)
VALUES('2','2','1','if(game) {','FALSE',now());
INSERT INTO public."option"(test_id,question_id,option_id,text,right_or_wrong,create_datetime)
VALUES('2','2','2','if(game == "false") {','FALSE',now());
INSERT INTO public."option"(test_id,question_id,option_id,text,right_or_wrong,create_datetime)
VALUES('2','2','3','if(game.flag) {','FALSE',now());
INSERT INTO public."option"(test_id,question_id,option_id,text,right_or_wrong,create_datetime)
VALUES('2','2','4','if(game.flag == "false") {','FALSE',now());
INSERT INTO public."option"(test_id,question_id,option_id,text,right_or_wrong,create_datetime)
VALUES('2','2','5','if(!game.flag) {','TRUE',now());
INSERT INTO public."option"(test_id,question_id,option_id,text,right_or_wrong,create_datetime)
VALUES('2','3','1','ï¿½uCï¿½vï¿½Æ•\ï¿½ï¿½ï¿½ï¿½ï¿½ï¿½ï¿½','FALSE',now());
INSERT INTO public."option"(test_id,question_id,option_id,text,right_or_wrong,create_datetime)
VALUES('2','3','2','ï¿½uDï¿½vï¿½Æ•\ï¿½ï¿½ï¿½ï¿½ï¿½ï¿½ï¿½','FALSE',now());
INSERT INTO public."option"(test_id,question_id,option_id,text,right_or_wrong,create_datetime)
VALUES('2','3','3','ï¿½Rï¿½ï¿½ï¿½pï¿½Cï¿½ï¿½ï¿½Gï¿½ï¿½ï¿½[ï¿½ï¿½ï¿½ï¿½ï¿½ï¿½ï¿½ï¿½ï¿½ï¿½','TRUE',now());
INSERT INTO public."option"(test_id,question_id,option_id,text,right_or_wrong,create_datetime)
VALUES('2','3','4','ï¿½ï¿½ï¿½sï¿½ï¿½ï¿½É—ï¿½Oï¿½ï¿½ï¿½Xï¿½ï¿½ï¿½[ï¿½ï¿½ï¿½ï¿½ï¿½','FALSE',now());
INSERT INTO public."option"(test_id,question_id,option_id,text,right_or_wrong,create_datetime)
VALUES('2','4','1','for (s : sa)','FALSE',now());
INSERT INTO public."option"(test_id,question_id,option_id,text,right_or_wrong,create_datetime)
VALUES('2','4','2','for (sa : s)','FALSE',now());
INSERT INTO public."option"(test_id,question_id,option_id,text,right_or_wrong,create_datetime)
VALUES('2','4','3','for (String s : sa)','TRUE',now());
INSERT INTO public."option"(test_id,question_id,option_id,text,right_or_wrong,create_datetime)
VALUES('2','4','4','for (sa : String s)','FALSE',now());
INSERT INTO public."option"(test_id,question_id,option_id,text,right_or_wrong,create_datetime)
VALUES('2','4','5','for (String s : String[] sa)','FALSE',now());
INSERT INTO public."option"(test_id,question_id,option_id,text,right_or_wrong,create_datetime)
VALUES('2','4','6','for (String[] sa : String s)','FALSE',now());
INSERT INTO public."option"(test_id,question_id,option_id,text,right_or_wrong,create_datetime)
VALUES('2','5','1','hiï¿½ï¿½3ï¿½ï¿½\ï¿½ï¿½ï¿½ï¿½ï¿½ï¿½ï¿½','FALSE',now());
INSERT INTO public."option"(test_id,question_id,option_id,text,right_or_wrong,create_datetime)
VALUES('2','5','2','hiï¿½ï¿½4ï¿½ï¿½\ï¿½ï¿½ï¿½ï¿½ï¿½ï¿½ï¿½','TRUE',now());
INSERT INTO public."option"(test_id,question_id,option_id,text,right_or_wrong,create_datetime)
VALUES('2','5','3','hiï¿½ï¿½5ï¿½ï¿½\ï¿½ï¿½ï¿½ï¿½ï¿½ï¿½ï¿½','FALSE',now());
INSERT INTO public."option"(test_id,question_id,option_id,text,right_or_wrong,create_datetime)
VALUES('2','5','4','ï¿½Rï¿½ï¿½ï¿½pï¿½Cï¿½ï¿½ï¿½Gï¿½ï¿½ï¿½[ï¿½ï¿½ï¿½ï¿½ï¿½ï¿½ï¿½ï¿½ï¿½ï¿½','FALSE',now());
INSERT INTO public."option"(test_id,question_id,option_id,text,right_or_wrong,create_datetime)
VALUES('2','5','5','ï¿½ï¿½ï¿½sï¿½ï¿½ï¿½É—ï¿½Oï¿½ï¿½ï¿½Xï¿½ï¿½ï¿½[ï¿½ï¿½ï¿½ï¿½ï¿½','FALSE',now());
INSERT INTO public."option"(test_id,question_id,option_id,text,right_or_wrong,create_datetime)
VALUES('2','6','1','Super : B
Super : B','FALSE',now());
INSERT INTO public."option"(test_id,question_id,option_id,text,right_or_wrong,create_datetime)
VALUES('2','6','2','Sub : B
Sub : B','FALSE',now());
INSERT INTO public."option"(test_id,question_id,option_id,text,right_or_wrong,create_datetime)
VALUES('2','6','3','Super : A
Sub : B','FALSE',now());
INSERT INTO public."option"(test_id,question_id,option_id,text,right_or_wrong,create_datetime)
VALUES('2','6','4','ï¿½Rï¿½ï¿½ï¿½pï¿½Cï¿½ï¿½ï¿½Gï¿½ï¿½ï¿½[ï¿½ï¿½ï¿½ï¿½ï¿½ï¿½ï¿½ï¿½ï¿½ï¿½','TRUE',now());
INSERT INTO public."option"(test_id,question_id,option_id,text,right_or_wrong,create_datetime)
VALUES('2','7','1','ï¿½uparentï¿½vï¿½Æ•\ï¿½ï¿½ï¿½ï¿½ï¿½ï¿½ï¿½','FALSE',now());
INSERT INTO public."option"(test_id,question_id,option_id,text,right_or_wrong,create_datetime)
VALUES('2','7','2','ï¿½uchildï¿½vï¿½Æ•\ï¿½ï¿½ï¿½ï¿½ï¿½ï¿½ï¿½','TRUE',now());
INSERT INTO public."option"(test_id,question_id,option_id,text,right_or_wrong,create_datetime)
VALUES('2','7','3','ï¿½uparentï¿½vï¿½uchildï¿½vï¿½Æ•\ï¿½ï¿½ï¿½ï¿½ï¿½ï¿½ï¿½','FALSE',now());
INSERT INTO public."option"(test_id,question_id,option_id,text,right_or_wrong,create_datetime)
VALUES('2','7','4','ï¿½Rï¿½ï¿½ï¿½pï¿½Cï¿½ï¿½ï¿½Gï¿½ï¿½ï¿½[ï¿½ï¿½ï¿½ï¿½ï¿½ï¿½ï¿½ï¿½ï¿½ï¿½','FALSE',now());
INSERT INTO public."option"(test_id,question_id,option_id,text,right_or_wrong,create_datetime)
VALUES('2','7','5','ï¿½ï¿½ï¿½sï¿½ï¿½ï¿½É—ï¿½Oï¿½ï¿½ï¿½Xï¿½ï¿½ï¿½[ï¿½ï¿½ï¿½ï¿½ï¿½','FALSE',now());
INSERT INTO public."option"(test_id,question_id,option_id,text,right_or_wrong,create_datetime)
VALUES('2','8','1','ï¿½ï¿½ï¿½ï¿½ï¿½\ï¿½ï¿½ï¿½ï¿½ï¿½ï¿½È‚ï¿½','FALSE',now());
INSERT INTO public."option"(test_id,question_id,option_id,text,right_or_wrong,create_datetime)
VALUES('2','8','2','ï¿½ueasy,normalï¿½vï¿½Æ•\ï¿½ï¿½ï¿½ï¿½ï¿½ï¿½ï¿½','FALSE',now());
INSERT INTO public."option"(test_id,question_id,option_id,text,right_or_wrong,create_datetime)
VALUES('2','8','3','ï¿½unormal,hardï¿½vï¿½Æ•\ï¿½ï¿½ï¿½ï¿½ï¿½ï¿½ï¿½','TRUE',now());
INSERT INTO public."option"(test_id,question_id,option_id,text,right_or_wrong,create_datetime)
VALUES('2','8','4','ï¿½Rï¿½ï¿½ï¿½pï¿½Cï¿½ï¿½ï¿½Gï¿½ï¿½ï¿½[ï¿½ï¿½ï¿½ï¿½ï¿½ï¿½ï¿½ï¿½ï¿½ï¿½','FALSE',now());
INSERT INTO public."option"(test_id,question_id,option_id,text,right_or_wrong,create_datetime)
VALUES('2','8','5','ï¿½ï¿½ï¿½sï¿½ï¿½ï¿½É—ï¿½Oï¿½ï¿½ï¿½Xï¿½ï¿½ï¿½[ï¿½ï¿½ï¿½ï¿½ï¿½','FALSE',now());
INSERT INTO public."option"(test_id,question_id,option_id,text,right_or_wrong,create_datetime)
VALUES('2','9','1','String name;','FALSE',now());
INSERT INTO public."option"(test_id,question_id,option_id,text,right_or_wrong,create_datetime)
VALUES('2','9','2','private void setName(String name);','FALSE',now());
INSERT INTO public."option"(test_id,question_id,option_id,text,right_or_wrong,create_datetime)
VALUES('2','9','3','void getName();','TRUE',now());
INSERT INTO public."option"(test_id,question_id,option_id,text,right_or_wrong,create_datetime)
VALUES('2','9','4','public static void sayHello(String name);','FALSE',now());
INSERT INTO public."option"(test_id,question_id,option_id,text,right_or_wrong,create_datetime)
VALUES('2','9','5','public void print();','TRUE',now());
INSERT INTO public."option"(test_id,question_id,option_id,text,right_or_wrong,create_datetime)
VALUES('2','10','1','public class A {}','TRUE',now());
INSERT INTO public."option"(test_id,question_id,option_id,text,right_or_wrong,create_datetime)
VALUES('2','10','2','class B extends java.lang.Object {}','TRUE',now());
INSERT INTO public."option"(test_id,question_id,option_id,text,right_or_wrong,create_datetime)
VALUES('2','10','3','public class C extends java.lang.* {}','FALSE',now());
INSERT INTO public."option"(test_id,question_id,option_id,text,right_or_wrong,create_datetime)
VALUES('2','10','4','final class D {}','TRUE',now());
INSERT INTO public."option"(test_id,question_id,option_id,text,right_or_wrong,create_datetime)
VALUES('2','10','5','public class E implements Object {}','FALSE',now());
INSERT INTO public."option"(test_id,question_id,option_id,text,right_or_wrong,create_datetime)
VALUES('2','11','1','this.name','FALSE',now());
INSERT INTO public."option"(test_id,question_id,option_id,text,right_or_wrong,create_datetime)
VALUES('2','11','2','super.name','TRUE',now());
INSERT INTO public."option"(test_id,question_id,option_id,text,right_or_wrong,create_datetime)
VALUES('2','11','3','this(name)','FALSE',now());
INSERT INTO public."option"(test_id,question_id,option_id,text,right_or_wrong,create_datetime)
VALUES('2','11','4','super().name','FALSE',now());
INSERT INTO public."option"(test_id,question_id,option_id,text,right_or_wrong,create_datetime)
VALUES('2','11','5','A.name','FALSE',now());
INSERT INTO public."option"(test_id,question_id,option_id,text,right_or_wrong,create_datetime)
VALUES('2','12','1','ï¿½ua1 == a2 a2 == a3ï¿½vï¿½Æ•\ï¿½ï¿½ï¿½ï¿½ï¿½ï¿½ï¿½','FALSE',now());
INSERT INTO public."option"(test_id,question_id,option_id,text,right_or_wrong,create_datetime)
VALUES('2','12','2','ï¿½ua1 != a2 a2 == a3ï¿½vï¿½Æ•\ï¿½ï¿½ï¿½ï¿½ï¿½ï¿½ï¿½','FALSE',now());
INSERT INTO public."option"(test_id,question_id,option_id,text,right_or_wrong,create_datetime)
VALUES('2','12','3','ï¿½ua1 == a2 a2 != a3ï¿½vï¿½Æ•\ï¿½ï¿½ï¿½ï¿½ï¿½ï¿½ï¿½','FALSE',now());
INSERT INTO public."option"(test_id,question_id,option_id,text,right_or_wrong,create_datetime)
VALUES('2','12','4','ï¿½ua1 != a2 a2 != a3ï¿½vï¿½Æ•\ï¿½ï¿½ï¿½ï¿½ï¿½ï¿½ï¿½','TRUE',now());
INSERT INTO public."option"(test_id,question_id,option_id,text,right_or_wrong,create_datetime)
VALUES('2','13','1','ï¿½uAï¿½vï¿½Æ•\ï¿½ï¿½ï¿½ï¿½ï¿½ï¿½ï¿½','FALSE',now());
INSERT INTO public."option"(test_id,question_id,option_id,text,right_or_wrong,create_datetime)
VALUES('2','13','2','ï¿½uBï¿½vï¿½Æ•\ï¿½ï¿½ï¿½ï¿½ï¿½ï¿½ï¿½','TRUE',now());
INSERT INTO public."option"(test_id,question_id,option_id,text,right_or_wrong,create_datetime)
VALUES('2','13','3','ï¿½Rï¿½ï¿½ï¿½pï¿½Cï¿½ï¿½ï¿½Gï¿½ï¿½ï¿½[ï¿½ï¿½ï¿½ï¿½ï¿½ï¿½ï¿½ï¿½ï¿½ï¿½','FALSE',now());
INSERT INTO public."option"(test_id,question_id,option_id,text,right_or_wrong,create_datetime)
VALUES('2','13','4','ï¿½ï¿½ï¿½sï¿½ï¿½ï¿½É—ï¿½Oï¿½ï¿½ï¿½Xï¿½ï¿½ï¿½[ï¿½ï¿½ï¿½ï¿½ï¿½','FALSE',now());
INSERT INTO public."option"(test_id,question_id,option_id,text,right_or_wrong,create_datetime)
VALUES('2','14','1','ï¿½u1ï¿½vï¿½Æ•\ï¿½ï¿½ï¿½ï¿½ï¿½ï¿½ï¿½','FALSE',now());
INSERT INTO public."option"(test_id,question_id,option_id,text,right_or_wrong,create_datetime)
VALUES('2','14','2','ï¿½u1.0ï¿½vï¿½Æ•\ï¿½ï¿½ï¿½ï¿½ï¿½ï¿½ï¿½','FALSE',now());
INSERT INTO public."option"(test_id,question_id,option_id,text,right_or_wrong,create_datetime)
VALUES('2','14','3','ï¿½udefaultï¿½vï¿½Æ•\ï¿½ï¿½ï¿½ï¿½ï¿½ï¿½ï¿½','FALSE',now());
INSERT INTO public."option"(test_id,question_id,option_id,text,right_or_wrong,create_datetime)
VALUES('2','14','4','ï¿½Rï¿½ï¿½ï¿½pï¿½Cï¿½ï¿½ï¿½Gï¿½ï¿½ï¿½[ï¿½ï¿½ï¿½ï¿½ï¿½ï¿½ï¿½ï¿½ï¿½ï¿½','TRUE',now());
INSERT INTO public."option"(test_id,question_id,option_id,text,right_or_wrong,create_datetime)
VALUES('2','15','1','Java SE','FALSE',now());
INSERT INTO public."option"(test_id,question_id,option_id,text,right_or_wrong,create_datetime)
VALUES('2','15','2','Java ME','FALSE',now());
INSERT INTO public."option"(test_id,question_id,option_id,text,right_or_wrong,create_datetime)
VALUES('2','15','3','Java EE','TRUE',now());
INSERT INTO public."option"(test_id,question_id,option_id,text,right_or_wrong,create_datetime)
VALUES('2','15','4','Java DB','FALSE',now());
INSERT INTO public."option"(test_id,question_id,option_id,text,right_or_wrong,create_datetime)
VALUES('2','16','1','ï¿½uAï¿½vï¿½uBï¿½vï¿½Æ•\ï¿½ï¿½ï¿½ï¿½ï¿½ï¿½ï¿½','FALSE',now());
INSERT INTO public."option"(test_id,question_id,option_id,text,right_or_wrong,create_datetime)
VALUES('2','16','2','ï¿½uBï¿½vï¿½uBï¿½vï¿½Æ•\ï¿½ï¿½ï¿½ï¿½ï¿½ï¿½ï¿½','FALSE',now());
INSERT INTO public."option"(test_id,question_id,option_id,text,right_or_wrong,create_datetime)
VALUES('2','16','3','ï¿½Rï¿½ï¿½ï¿½pï¿½Cï¿½ï¿½ï¿½Gï¿½ï¿½ï¿½[ï¿½ï¿½ï¿½ï¿½ï¿½ï¿½ï¿½ï¿½ï¿½ï¿½','TRUE',now());
INSERT INTO public."option"(test_id,question_id,option_id,text,right_or_wrong,create_datetime)
VALUES('2','16','4','ï¿½ï¿½ï¿½sï¿½ï¿½ï¿½É—ï¿½Oï¿½ï¿½ï¿½Xï¿½ï¿½ï¿½[ï¿½ï¿½ï¿½ï¿½ï¿½','FALSE',now());
INSERT INTO public."option"(test_id,question_id,option_id,text,right_or_wrong,create_datetime)
VALUES('2','17','1','ï¿½Nï¿½ï¿½ï¿½Xï¿½tï¿½@ï¿½Cï¿½ï¿½ï¿½ï¿½Ç‚İï¿½ï¿½İAï¿½@ï¿½Bï¿½ï¿½ÉƒRï¿½ï¿½ï¿½pï¿½Cï¿½ï¿½ï¿½ï¿½ï¿½ï¿½','TRUE',now());
INSERT INTO public."option"(test_id,question_id,option_id,text,right_or_wrong,create_datetime)
VALUES('2','17','2','ï¿½\ï¿½[ï¿½Xï¿½Rï¿½[ï¿½hï¿½ï¿½ï¿½ï¿½ï¿½Oï¿½ÉƒRï¿½ï¿½ï¿½pï¿½Cï¿½ï¿½ï¿½ï¿½ï¿½Ä‚ï¿½ï¿½ï¿½ï¿½ï¿½sï¿½ï¿½ï¿½ï¿½','FALSE',now());
INSERT INTO public."option"(test_id,question_id,option_id,text,right_or_wrong,create_datetime)
VALUES('2','17','3','ï¿½ï¿½ï¿½sï¿½Â”\ï¿½tï¿½@ï¿½Cï¿½ï¿½ï¿½ğ¶ï¿½ï¿½ï¿½ï¿½ï¿½','FALSE',now());
INSERT INTO public."option"(test_id,question_id,option_id,text,right_or_wrong,create_datetime)
VALUES('2','17','4','ï¿½Nï¿½ï¿½ï¿½Xï¿½tï¿½@ï¿½Cï¿½ï¿½ï¿½ï¿½ï¿½tï¿½Aï¿½Zï¿½ï¿½ï¿½uï¿½ï¿½ï¿½ï¿½ï¿½ï¿½','FALSE',now());
INSERT INTO public."option"(test_id,question_id,option_id,text,right_or_wrong,create_datetime)
VALUES('2','18','1','ï¿½u2ï¿½vï¿½u1ï¿½vï¿½u0ï¿½vï¿½Æ•\ï¿½ï¿½ï¿½ï¿½ï¿½ï¿½ï¿½','FALSE',now());
INSERT INTO public."option"(test_id,question_id,option_id,text,right_or_wrong,create_datetime)
VALUES('2','18','2','ï¿½u3ï¿½vï¿½u2ï¿½vï¿½u1ï¿½vï¿½Æ•\ï¿½ï¿½ï¿½ï¿½ï¿½ï¿½ï¿½','FALSE',now());
INSERT INTO public."option"(test_id,question_id,option_id,text,right_or_wrong,create_datetime)
VALUES('2','18','3','ï¿½u3ï¿½vï¿½u2ï¿½vï¿½u1ï¿½vï¿½u0ï¿½vï¿½Æ•\ï¿½ï¿½ï¿½ï¿½ï¿½ï¿½ï¿½','TRUE',now());
INSERT INTO public."option"(test_id,question_id,option_id,text,right_or_wrong,create_datetime)
VALUES('2','18','4','ï¿½u3ï¿½vï¿½u2ï¿½vï¿½u1ï¿½vï¿½u0ï¿½vï¿½u-1ï¿½vï¿½Æ•\ï¿½ï¿½ï¿½ï¿½ï¿½ï¿½ï¿½','FALSE',now());
INSERT INTO public."option"(test_id,question_id,option_id,text,right_or_wrong,create_datetime)
VALUES('2','18','5','2ï¿½ï¿½ï¿½ï¿½ï¿½ï¿½ï¿½É•\ï¿½ï¿½ï¿½ï¿½ï¿½ï¿½ï¿½','FALSE',now());
INSERT INTO public."option"(test_id,question_id,option_id,text,right_or_wrong,create_datetime)
VALUES('2','18','6','3ï¿½ï¿½ï¿½ï¿½ï¿½ï¿½ï¿½É•\ï¿½ï¿½ï¿½ï¿½ï¿½ï¿½ï¿½','FALSE',now());
INSERT INTO public."option"(test_id,question_id,option_id,text,right_or_wrong,create_datetime)
VALUES('2','19','1','byte a = -100;','FALSE',now());
INSERT INTO public."option"(test_id,question_id,option_id,text,right_or_wrong,create_datetime)
VALUES('2','19','2','short b = 70000;','TRUE',now());
INSERT INTO public."option"(test_id,question_id,option_id,text,right_or_wrong,create_datetime)
VALUES('2','19','3','int c = 10000000;','FALSE',now());
INSERT INTO public."option"(test_id,question_id,option_id,text,right_or_wrong,create_datetime)
VALUES('2','19','4','long d = 1234567L;','FALSE',now());
INSERT INTO public."option"(test_id,question_id,option_id,text,right_or_wrong,create_datetime)
VALUES('2','20','1','ï¿½Nï¿½ï¿½ï¿½Xï¿½ÌƒRï¿½ï¿½ï¿½Xï¿½gï¿½ï¿½ï¿½Nï¿½^','FALSE',now());
INSERT INTO public."option"(test_id,question_id,option_id,text,right_or_wrong,create_datetime)
VALUES('2','20','2','ï¿½Cï¿½ï¿½ï¿½^ï¿½tï¿½Fï¿½[ï¿½Xï¿½Ìƒï¿½ï¿½\ï¿½bï¿½h','TRUE',now());
INSERT INTO public."option"(test_id,question_id,option_id,text,right_or_wrong,create_datetime)
VALUES('2','20','3','ï¿½Nï¿½ï¿½ï¿½Xï¿½Ì’ï¿½ï¿½Ûƒï¿½ï¿½\ï¿½bï¿½h','TRUE',now());
INSERT INTO public."option"(test_id,question_id,option_id,text,right_or_wrong,create_datetime)
VALUES('2','20','4','ï¿½Nï¿½ï¿½ï¿½Xï¿½Ì‹ï¿½Ûƒï¿½ï¿½\ï¿½bï¿½h','FALSE',now());
INSERT INTO public."option"(test_id,question_id,option_id,text,right_or_wrong,create_datetime)
VALUES('2','20','5','ï¿½Cï¿½ï¿½ï¿½^ï¿½tï¿½Fï¿½[ï¿½Xï¿½Ì’è”','TRUE',now());
INSERT INTO public."option"(test_id,question_id,option_id,text,right_or_wrong,create_datetime)
VALUES('2','20','6','ï¿½Nï¿½ï¿½ï¿½Xï¿½Ì•Ïï¿½','FALSE',now());
INSERT INTO public."option"(test_id,question_id,option_id,text,right_or_wrong,create_datetime)
VALUES('2','21','1','ï¿½u0,2,3ï¿½vï¿½Æ•\ï¿½ï¿½ï¿½ï¿½ï¿½ï¿½ï¿½','FALSE',now());
INSERT INTO public."option"(test_id,question_id,option_id,text,right_or_wrong,create_datetime)
VALUES('2','21','2','ï¿½u1,2,3ï¿½vï¿½Æ•\ï¿½ï¿½ï¿½ï¿½ï¿½ï¿½ï¿½','TRUE',now());
INSERT INTO public."option"(test_id,question_id,option_id,text,right_or_wrong,create_datetime)
VALUES('2','21','3','ï¿½u2,0,3ï¿½vï¿½Æ•\ï¿½ï¿½ï¿½ï¿½ï¿½ï¿½ï¿½','FALSE',now());
INSERT INTO public."option"(test_id,question_id,option_id,text,right_or_wrong,create_datetime)
VALUES('2','21','4','ï¿½u2,2,3ï¿½vï¿½Æ•\ï¿½ï¿½ï¿½ï¿½ï¿½ï¿½ï¿½','FALSE',now());
INSERT INTO public."option"(test_id,question_id,option_id,text,right_or_wrong,create_datetime)
VALUES('2','22','1','ï¿½ï¿½ï¿½ï¿½ï¿½Nï¿½ï¿½ï¿½Xï¿½Ìƒï¿½ï¿½\ï¿½bï¿½hï¿½ï¿½ï¿½ï¿½Aï¿½Nï¿½Zï¿½Xï¿½Å‚ï¿½ï¿½ï¿½','TRUE',now());
INSERT INTO public."option"(test_id,question_id,option_id,text,right_or_wrong,create_datetime)
VALUES('2','22','2','ï¿½Tï¿½uï¿½Nï¿½ï¿½ï¿½Xï¿½Ìƒï¿½ï¿½\ï¿½bï¿½hï¿½ï¿½ï¿½ï¿½Aï¿½Nï¿½Zï¿½Xï¿½Å‚ï¿½ï¿½ï¿½','FALSE',now());
INSERT INTO public."option"(test_id,question_id,option_id,text,right_or_wrong,create_datetime)
VALUES('2','22','3','ï¿½ï¿½ï¿½ï¿½ï¿½pï¿½bï¿½Pï¿½[ï¿½Wï¿½É‘ï¿½ï¿½ï¿½ï¿½é‚·ï¿½×‚Ä‚ÌƒNï¿½ï¿½ï¿½Xï¿½ï¿½ï¿½ï¿½Aï¿½Nï¿½Zï¿½Xï¿½Å‚ï¿½ï¿½ï¿½','FALSE',now());
INSERT INTO public."option"(test_id,question_id,option_id,text,right_or_wrong,create_datetime)
VALUES('2','22','4','ï¿½Xï¿½[ï¿½pï¿½[ï¿½Nï¿½ï¿½ï¿½Xï¿½Ìƒï¿½ï¿½\ï¿½bï¿½hï¿½ï¿½ï¿½ï¿½Aï¿½Nï¿½Zï¿½Xï¿½Å‚ï¿½ï¿½ï¿½','FALSE',now());
INSERT INTO public."option"(test_id,question_id,option_id,text,right_or_wrong,create_datetime)
VALUES('2','23','1','public','FALSE',now());
INSERT INTO public."option"(test_id,question_id,option_id,text,right_or_wrong,create_datetime)
VALUES('2','23','2','static','TRUE',now());
INSERT INTO public."option"(test_id,question_id,option_id,text,right_or_wrong,create_datetime)
VALUES('2','23','3','final','FALSE',now());
INSERT INTO public."option"(test_id,question_id,option_id,text,right_or_wrong,create_datetime)
VALUES('2','23','4','ï¿½ï¿½ï¿½ï¿½ï¿½Kï¿½vï¿½È‚ï¿½','FALSE',now());
INSERT INTO public."option"(test_id,question_id,option_id,text,right_or_wrong,create_datetime)
VALUES('2','24','1','numï¿½ï¿½privateï¿½ÅCï¿½ï¿½ï¿½ï¿½ï¿½ï¿½Ä‚ï¿½ï¿½é‚½ï¿½ßƒRï¿½ï¿½ï¿½pï¿½Cï¿½ï¿½ï¿½Gï¿½ï¿½ï¿½[ï¿½É‚È‚ï¿½','FALSE',now());
INSERT INTO public."option"(test_id,question_id,option_id,text,right_or_wrong,create_datetime)
VALUES('2','24','2','printï¿½ï¿½ï¿½\ï¿½bï¿½hï¿½ï¿½Bï¿½Nï¿½ï¿½ï¿½Xï¿½É’ï¿½`ï¿½ï¿½ï¿½ï¿½Ä‚ï¿½ï¿½È‚ï¿½ï¿½ï¿½ï¿½ßƒRï¿½ï¿½ï¿½pï¿½Cï¿½ï¿½ï¿½Gï¿½ï¿½ï¿½[ï¿½É‚È‚ï¿½','FALSE',now());
INSERT INTO public."option"(test_id,question_id,option_id,text,right_or_wrong,create_datetime)
VALUES('2','24','3','ï¿½ï¿½ï¿½sï¿½ï¿½ï¿½É—ï¿½Oï¿½ï¿½ï¿½Xï¿½ï¿½ï¿½[ï¿½ï¿½ï¿½ï¿½ï¿½','FALSE',now());
INSERT INTO public."option"(test_id,question_id,option_id,text,right_or_wrong,create_datetime)
VALUES('2','24','4','10ï¿½ï¿½ï¿½\ï¿½ï¿½ï¿½ï¿½ï¿½ï¿½ï¿½','TRUE',now());
INSERT INTO public."option"(test_id,question_id,option_id,text,right_or_wrong,create_datetime)
VALUES('2','25','1','a = "A";
this("B");','FALSE',now());
INSERT INTO public."option"(test_id,question_id,option_id,text,right_or_wrong,create_datetime)
VALUES('2','25','2','this("B");
a = "A";','TRUE',now());
INSERT INTO public."option"(test_id,question_id,option_id,text,right_or_wrong,create_datetime)
VALUES('2','25','3','this(c);
a = "A";','FALSE',now());
INSERT INTO public."option"(test_id,question_id,option_id,text,right_or_wrong,create_datetime)
VALUES('2','25','4','a = "A";
this.Test(c);','FALSE',now());
INSERT INTO public."option"(test_id,question_id,option_id,text,right_or_wrong,create_datetime)
VALUES('2','25','5','Test("B");
a = "A";','FALSE',now());
INSERT INTO public."option"(test_id,question_id,option_id,text,right_or_wrong,create_datetime)
VALUES('2','26','1','ï¿½unullï¿½vï¿½Æ•\ï¿½ï¿½ï¿½ï¿½ï¿½ï¿½ï¿½','TRUE',now());
INSERT INTO public."option"(test_id,question_id,option_id,text,right_or_wrong,create_datetime)
VALUES('2','26','2','ï¿½utestï¿½vï¿½Æ•\ï¿½ï¿½ï¿½ï¿½ï¿½ï¿½ï¿½','FALSE',now());
INSERT INTO public."option"(test_id,question_id,option_id,text,right_or_wrong,create_datetime)
VALUES('2','26','3','ï¿½Rï¿½ï¿½ï¿½pï¿½Cï¿½ï¿½ï¿½Gï¿½ï¿½ï¿½[ï¿½ï¿½ï¿½ï¿½ï¿½ï¿½ï¿½ï¿½ï¿½ï¿½','FALSE',now());
INSERT INTO public."option"(test_id,question_id,option_id,text,right_or_wrong,create_datetime)
VALUES('2','26','4','ï¿½ï¿½ï¿½sï¿½ï¿½ï¿½É—ï¿½Oï¿½ï¿½ï¿½Xï¿½ï¿½ï¿½[ï¿½ï¿½ï¿½ï¿½ï¿½','FALSE',now());
INSERT INTO public."option"(test_id,question_id,option_id,text,right_or_wrong,create_datetime)
VALUES('2','27','1','ï¿½Nï¿½ï¿½ï¿½Xï¿½Aï¿½tï¿½Bï¿½[ï¿½ï¿½ï¿½hï¿½Aï¿½Rï¿½ï¿½ï¿½Xï¿½gï¿½ï¿½ï¿½Nï¿½^ï¿½Aï¿½ï¿½Ûƒï¿½ï¿½\ï¿½bï¿½h','TRUE',now());
INSERT INTO public."option"(test_id,question_id,option_id,text,right_or_wrong,create_datetime)
VALUES('2','27','2','ï¿½Nï¿½ï¿½ï¿½Xï¿½Aï¿½tï¿½Bï¿½[ï¿½ï¿½ï¿½hï¿½Aï¿½ï¿½ï¿½Ûƒï¿½ï¿½\ï¿½bï¿½h','FALSE',now());
INSERT INTO public."option"(test_id,question_id,option_id,text,right_or_wrong,create_datetime)
VALUES('2','27','3','ï¿½ï¿½ï¿½ÛƒNï¿½ï¿½ï¿½Xï¿½Aï¿½tï¿½Bï¿½[ï¿½ï¿½ï¿½hï¿½Aï¿½ï¿½Ûƒï¿½ï¿½\ï¿½bï¿½h','FALSE',now());
INSERT INTO public."option"(test_id,question_id,option_id,text,right_or_wrong,create_datetime)
VALUES('2','27','4','ï¿½Cï¿½ï¿½ï¿½^ï¿½tï¿½Fï¿½[ï¿½Xï¿½Aï¿½ï¿½Ûƒï¿½ï¿½\ï¿½bï¿½h','FALSE',now());
INSERT INTO public."option"(test_id,question_id,option_id,text,right_or_wrong,create_datetime)
VALUES('2','27','5','ï¿½tï¿½Bï¿½[ï¿½ï¿½ï¿½hï¿½Aï¿½ï¿½ï¿½Ûƒï¿½ï¿½\ï¿½bï¿½h','FALSE',now());
INSERT INTO public."option"(test_id,question_id,option_id,text,right_or_wrong,create_datetime)
VALUES('2','28','1','ï¿½utestï¿½vï¿½Æ•\ï¿½ï¿½ï¿½ï¿½ï¿½ï¿½ï¿½','FALSE',now());
INSERT INTO public."option"(test_id,question_id,option_id,text,right_or_wrong,create_datetime)
VALUES('2','28','2','ï¿½uMain testï¿½vï¿½Æ•\ï¿½ï¿½ï¿½ï¿½ï¿½ï¿½ï¿½','FALSE',now());
INSERT INTO public."option"(test_id,question_id,option_id,text,right_or_wrong,create_datetime)
VALUES('2','28','3','ï¿½utest nullï¿½vï¿½Æ•\ï¿½ï¿½ï¿½ï¿½ï¿½ï¿½ï¿½','FALSE',now());
INSERT INTO public."option"(test_id,question_id,option_id,text,right_or_wrong,create_datetime)
VALUES('2','28','4','ï¿½ï¿½ï¿½sï¿½ï¿½ï¿½É—ï¿½Oï¿½ï¿½ï¿½Xï¿½ï¿½ï¿½[ï¿½ï¿½ï¿½ï¿½ï¿½','TRUE',now());
INSERT INTO public."option"(test_id,question_id,option_id,text,right_or_wrong,create_datetime)
VALUES('2','29','1','Cï¿½Nï¿½ï¿½ï¿½Xï¿½ÌƒRï¿½ï¿½ï¿½pï¿½Cï¿½ï¿½ï¿½Éï¿½ï¿½sï¿½ï¿½ï¿½ï¿½','FALSE',now());
INSERT INTO public."option"(test_id,question_id,option_id,text,right_or_wrong,create_datetime)
VALUES('2','29','2','ï¿½u3 19ï¿½vï¿½ï¿½ï¿½\ï¿½ï¿½ï¿½ï¿½ï¿½ï¿½Aï¿½ï¿½Oï¿½ï¿½ï¿½Xï¿½ï¿½ï¿½[ï¿½ï¿½ï¿½ï¿½ï¿½','FALSE',now());
INSERT INTO public."option"(test_id,question_id,option_id,text,right_or_wrong,create_datetime)
VALUES('2','29','3','Mainï¿½Nï¿½ï¿½ï¿½Xï¿½ï¿½4ï¿½sï¿½Ú‚ÅƒRï¿½ï¿½ï¿½pï¿½Cï¿½ï¿½ï¿½Gï¿½ï¿½ï¿½[ï¿½É‚È‚ï¿½','FALSE',now());
INSERT INTO public."option"(test_id,question_id,option_id,text,right_or_wrong,create_datetime)
VALUES('2','29','4','ï¿½u3 19ï¿½vï¿½ï¿½ï¿½\ï¿½ï¿½ï¿½ï¿½ï¿½ï¿½ï¿½','TRUE',now());
INSERT INTO public."option"(test_id,question_id,option_id,text,right_or_wrong,create_datetime)
VALUES('2','29','5','Bï¿½Nï¿½ï¿½ï¿½Xï¿½ï¿½3ï¿½sï¿½Ú‚ÅƒRï¿½ï¿½ï¿½pï¿½Cï¿½ï¿½ï¿½Gï¿½ï¿½ï¿½[ï¿½É‚È‚ï¿½','FALSE',now());
INSERT INTO public."option"(test_id,question_id,option_id,text,right_or_wrong,create_datetime)
VALUES('2','30','1','ï¿½ushapeï¿½vï¿½Æ•\ï¿½ï¿½ï¿½ï¿½ï¿½ï¿½ï¿½','FALSE',now());
INSERT INTO public."option"(test_id,question_id,option_id,text,right_or_wrong,create_datetime)
VALUES('2','30','2','ï¿½utriangleï¿½vï¿½Æ•\ï¿½ï¿½ï¿½ï¿½ï¿½ï¿½ï¿½','FALSE',now());
INSERT INTO public."option"(test_id,question_id,option_id,text,right_or_wrong,create_datetime)
VALUES('2','30','3','ï¿½Rï¿½ï¿½ï¿½pï¿½Cï¿½ï¿½ï¿½Gï¿½ï¿½ï¿½[ï¿½ï¿½ï¿½ï¿½ï¿½ï¿½ï¿½ï¿½ï¿½ï¿½','FALSE',now());
INSERT INTO public."option"(test_id,question_id,option_id,text,right_or_wrong,create_datetime)
VALUES('2','30','4','ï¿½ï¿½ï¿½sï¿½ï¿½ï¿½É—ï¿½Oï¿½ï¿½ï¿½Xï¿½ï¿½ï¿½[ï¿½ï¿½ï¿½ï¿½ï¿½','TRUE',now());
INSERT INTO public."option"(test_id,question_id,option_id,text,right_or_wrong,create_datetime)
VALUES('2','31','1','public void test(int a) {}','TRUE',now());
INSERT INTO public."option"(test_id,question_id,option_id,text,right_or_wrong,create_datetime)
VALUES('2','31','2','public int test(int a, int b) {}','FALSE',now());
INSERT INTO public."option"(test_id,question_id,option_id,text,right_or_wrong,create_datetime)
VALUES('2','31','3','public void sample() {}','FALSE',now());
INSERT INTO public."option"(test_id,question_id,option_id,text,right_or_wrong,create_datetime)
VALUES('2','31','4','public test(int a, int b) {}','FALSE',now());
INSERT INTO public."option"(test_id,question_id,option_id,text,right_or_wrong,create_datetime)
VALUES('2','32','1','ï¿½pï¿½bï¿½Pï¿½[ï¿½Wï¿½éŒ¾ï¿½Í•Kï¿½{ï¿½Å‚Í‚È‚ï¿½','TRUE',now());
INSERT INTO public."option"(test_id,question_id,option_id,text,right_or_wrong,create_datetime)
VALUES('2','32','2','ï¿½pï¿½bï¿½Pï¿½[ï¿½Wï¿½éŒ¾ï¿½ÍAï¿½\ï¿½[ï¿½Xï¿½tï¿½@ï¿½Cï¿½ï¿½ï¿½Ìæ“ªï¿½sï¿½É‹Lï¿½qï¿½ï¿½ï¿½È‚ï¿½ï¿½ï¿½Î‚ï¿½ï¿½ï¿½ï¿½È‚ï¿½','TRUE',now());
INSERT INTO public."option"(test_id,question_id,option_id,text,right_or_wrong,create_datetime)
VALUES('2','32','3','1ï¿½Â‚Ìƒ\ï¿½[ï¿½Xï¿½tï¿½@ï¿½Cï¿½ï¿½ï¿½ï¿½ï¿½ÉAï¿½Cï¿½ï¿½ï¿½^ï¿½tï¿½Fï¿½[ï¿½Xï¿½ÆƒNï¿½ï¿½ï¿½Xï¿½Ì—ï¿½ï¿½ï¿½ï¿½ï¿½ï¿½`ï¿½Å‚ï¿½ï¿½ï¿½','TRUE',now());
INSERT INTO public."option"(test_id,question_id,option_id,text,right_or_wrong,create_datetime)
VALUES('2','32','4','ï¿½Cï¿½ï¿½ï¿½|ï¿½[ï¿½gï¿½éŒ¾ï¿½ï¿½1ï¿½Â‚ï¿½ï¿½ï¿½ï¿½Lï¿½qï¿½Å‚ï¿½ï¿½ï¿½','FALSE',now());
INSERT INTO public."option"(test_id,question_id,option_id,text,right_or_wrong,create_datetime)
VALUES('2','32','5','ï¿½Cï¿½ï¿½ï¿½|ï¿½[ï¿½gï¿½éŒ¾ï¿½Íƒ\ï¿½[ï¿½Xï¿½tï¿½@ï¿½Cï¿½ï¿½ï¿½Ì‚Ç‚ï¿½ï¿½É‹Lï¿½qï¿½ï¿½ï¿½Ä‚ï¿½ï¿½æ‚¢','FALSE',now());
INSERT INTO public."option"(test_id,question_id,option_id,text,right_or_wrong,create_datetime)
VALUES('2','32','6','1ï¿½Â‚Ìƒ\ï¿½[ï¿½Xï¿½tï¿½@ï¿½Cï¿½ï¿½ï¿½ï¿½ï¿½ÉAfinalï¿½Nï¿½ï¿½ï¿½Xï¿½ï¿½1ï¿½Â‚ï¿½ï¿½ï¿½ï¿½ï¿½`ï¿½Å‚ï¿½ï¿½ï¿½','FALSE',now());
INSERT INTO public."option"(test_id,question_id,option_id,text,right_or_wrong,create_datetime)
VALUES('2','32','7','ï¿½\ï¿½[ï¿½Xï¿½tï¿½@ï¿½Cï¿½ï¿½ï¿½Ì–ï¿½ï¿½Oï¿½ÍApublicï¿½éŒ¾ï¿½ï¿½ï¿½ê‚½ï¿½Nï¿½ï¿½ï¿½Xï¿½Ì–ï¿½ï¿½Oï¿½Æˆï¿½vï¿½ï¿½ï¿½ï¿½ï¿½È‚ï¿½ï¿½ï¿½Î‚È‚ï¿½È‚ï¿½','TRUE',now());
INSERT INTO public."option"(test_id,question_id,option_id,text,right_or_wrong,create_datetime)
VALUES('2','33','1','++i < 5;','TRUE',now());
INSERT INTO public."option"(test_id,question_id,option_id,text,right_or_wrong,create_datetime)
VALUES('2','33','2','i++ < 5;','FALSE',now());
INSERT INTO public."option"(test_id,question_id,option_id,text,right_or_wrong,create_datetime)
VALUES('2','33','3','i < 5; i++','FALSE',now());
INSERT INTO public."option"(test_id,question_id,option_id,text,right_or_wrong,create_datetime)
VALUES('2','33','4','i < 5; ++i','FALSE',now());
INSERT INTO public."option"(test_id,question_id,option_id,text,right_or_wrong,create_datetime)
VALUES('2','34','1','ï¿½uAï¿½vï¿½Æ•\ï¿½ï¿½ï¿½ï¿½ï¿½ï¿½ï¿½','FALSE',now());
INSERT INTO public."option"(test_id,question_id,option_id,text,right_or_wrong,create_datetime)
VALUES('2','34','2','ï¿½uBï¿½vï¿½Æ•\ï¿½ï¿½ï¿½ï¿½ï¿½ï¿½ï¿½','TRUE',now());
INSERT INTO public."option"(test_id,question_id,option_id,text,right_or_wrong,create_datetime)
VALUES('2','34','3','ï¿½uCï¿½vï¿½Æ•\ï¿½ï¿½ï¿½ï¿½ï¿½ï¿½ï¿½','FALSE',now());
INSERT INTO public."option"(test_id,question_id,option_id,text,right_or_wrong,create_datetime)
VALUES('2','34','4','ï¿½uBï¿½vï¿½uCï¿½vï¿½Æ•\ï¿½ï¿½ï¿½ï¿½ï¿½ï¿½ï¿½','FALSE',now());
INSERT INTO public."option"(test_id,question_id,option_id,text,right_or_wrong,create_datetime)
VALUES('2','34','5','ï¿½Rï¿½ï¿½ï¿½pï¿½Cï¿½ï¿½ï¿½Gï¿½ï¿½ï¿½[ï¿½ï¿½ï¿½ï¿½ï¿½ï¿½ï¿½ï¿½ï¿½ï¿½','FALSE',now());
INSERT INTO public."option"(test_id,question_id,option_id,text,right_or_wrong,create_datetime)
VALUES('2','35','1','public void test() {}','TRUE',now());
INSERT INTO public."option"(test_id,question_id,option_id,text,right_or_wrong,create_datetime)
VALUES('2','35','2','void test() {}','FALSE',now());
INSERT INTO public."option"(test_id,question_id,option_id,text,right_or_wrong,create_datetime)
VALUES('2','35','3','public abstract void test() {}','FALSE',now());
INSERT INTO public."option"(test_id,question_id,option_id,text,right_or_wrong,create_datetime)
VALUES('2','35','4','public void test(String val) {}','FALSE',now());
INSERT INTO public."option"(test_id,question_id,option_id,text,right_or_wrong,create_datetime)
VALUES('2','36','1','ï¿½unullï¿½vï¿½utestï¿½vï¿½Æ•\ï¿½ï¿½ï¿½ï¿½ï¿½ï¿½ï¿½','FALSE',now());
INSERT INTO public."option"(test_id,question_id,option_id,text,right_or_wrong,create_datetime)
VALUES('2','36','2','ï¿½usampleï¿½vï¿½utestï¿½vï¿½Æ•\ï¿½ï¿½ï¿½ï¿½ï¿½ï¿½ï¿½','FALSE',now());
INSERT INTO public."option"(test_id,question_id,option_id,text,right_or_wrong,create_datetime)
VALUES('2','36','3','ï¿½utestï¿½vï¿½utestï¿½vï¿½Æ•\ï¿½ï¿½ï¿½ï¿½ï¿½ï¿½ï¿½','FALSE',now());
INSERT INTO public."option"(test_id,question_id,option_id,text,right_or_wrong,create_datetime)
VALUES('2','36','4','ï¿½Rï¿½ï¿½ï¿½pï¿½Cï¿½ï¿½ï¿½Gï¿½ï¿½ï¿½[ï¿½ï¿½ï¿½ï¿½ï¿½ï¿½ï¿½ï¿½ï¿½ï¿½','TRUE',now());
INSERT INTO public."option"(test_id,question_id,option_id,text,right_or_wrong,create_datetime)
VALUES('2','37','1','public abstract int a;','FALSE',now());
INSERT INTO public."option"(test_id,question_id,option_id,text,right_or_wrong,create_datetime)
VALUES('2','37','2','public final int b;','FALSE',now());
INSERT INTO public."option"(test_id,question_id,option_id,text,right_or_wrong,create_datetime)
VALUES('2','37','3','private static int c;','FALSE',now());
INSERT INTO public."option"(test_id,question_id,option_id,text,right_or_wrong,create_datetime)
VALUES('2','37','4','private final int d;','TRUE',now());
INSERT INTO public."option"(test_id,question_id,option_id,text,right_or_wrong,create_datetime)
VALUES('2','37','5','private abstract int e;','FALSE',now());
INSERT INTO public."option"(test_id,question_id,option_id,text,right_or_wrong,create_datetime)
VALUES('2','38','1','ï¿½u2ï¿½vï¿½u4ï¿½vï¿½u6ï¿½vï¿½u8ï¿½vï¿½u1ï¿½vï¿½Æ•\ï¿½ï¿½ï¿½ï¿½ï¿½ï¿½ï¿½','FALSE',now());
INSERT INTO public."option"(test_id,question_id,option_id,text,right_or_wrong,create_datetime)
VALUES('2','38','2','ï¿½u2ï¿½vï¿½u4ï¿½vï¿½u6ï¿½vï¿½u8ï¿½vï¿½u9ï¿½vï¿½Æ•\ï¿½ï¿½ï¿½ï¿½ï¿½ï¿½ï¿½','FALSE',now());
INSERT INTO public."option"(test_id,question_id,option_id,text,right_or_wrong,create_datetime)
VALUES('2','38','3','ï¿½u1ï¿½vï¿½u3ï¿½vï¿½u5ï¿½vï¿½u7ï¿½vï¿½Æ•\ï¿½ï¿½ï¿½ï¿½ï¿½ï¿½ï¿½','FALSE',now());
INSERT INTO public."option"(test_id,question_id,option_id,text,right_or_wrong,create_datetime)
VALUES('2','38','4','ï¿½u1ï¿½vï¿½u3ï¿½vï¿½u5ï¿½vï¿½u7ï¿½vï¿½u9ï¿½vï¿½Æ•\ï¿½ï¿½ï¿½ï¿½ï¿½ï¿½ï¿½','TRUE',now());
INSERT INTO public."option"(test_id,question_id,option_id,text,right_or_wrong,create_datetime)
VALUES('2','38','5','ï¿½Rï¿½ï¿½ï¿½pï¿½Cï¿½ï¿½ï¿½Gï¿½ï¿½ï¿½[ï¿½ï¿½ï¿½ï¿½ï¿½ï¿½ï¿½ï¿½ï¿½ï¿½','FALSE',now());
INSERT INTO public."option"(test_id,question_id,option_id,text,right_or_wrong,create_datetime)
VALUES('2','38','6','ï¿½ï¿½ï¿½sï¿½ï¿½ï¿½É—ï¿½Oï¿½ï¿½ï¿½Xï¿½ï¿½ï¿½[ï¿½ï¿½ï¿½ï¿½ï¿½','FALSE',now());
INSERT INTO public."option"(test_id,question_id,option_id,text,right_or_wrong,create_datetime)
VALUES('2','39','1','10ï¿½ï¿½ï¿½\ï¿½ï¿½ï¿½ï¿½ï¿½ï¿½ï¿½','FALSE',now());
INSERT INTO public."option"(test_id,question_id,option_id,text,right_or_wrong,create_datetime)
VALUES('2','39','2','11ï¿½ï¿½ï¿½\ï¿½ï¿½ï¿½ï¿½ï¿½ï¿½ï¿½','FALSE',now());
INSERT INTO public."option"(test_id,question_id,option_id,text,right_or_wrong,create_datetime)
VALUES('2','39','3','ï¿½Rï¿½ï¿½ï¿½pï¿½Cï¿½ï¿½ï¿½Gï¿½ï¿½ï¿½[ï¿½ï¿½ï¿½ï¿½ï¿½ï¿½ï¿½ï¿½ï¿½ï¿½','TRUE',now());
INSERT INTO public."option"(test_id,question_id,option_id,text,right_or_wrong,create_datetime)
VALUES('2','39','4','ï¿½ï¿½ï¿½sï¿½ï¿½ï¿½É—ï¿½Oï¿½ï¿½ï¿½Xï¿½ï¿½ï¿½[ï¿½ï¿½ï¿½ï¿½ï¿½','FALSE',now());
INSERT INTO public."option"(test_id,question_id,option_id,text,right_or_wrong,create_datetime)
VALUES('2','40','1','while(++x < 3) 
{ System.out.println(x); };','FALSE',now());
INSERT INTO public."option"(test_id,question_id,option_id,text,right_or_wrong,create_datetime)
VALUES('2','40','2','while(x++ < 3) 
{ System.out.println(x); };','FALSE',now());
INSERT INTO public."option"(test_id,question_id,option_id,text,right_or_wrong,create_datetime)
VALUES('2','40','3','do while(++x < 3) 
{ System.out.println(x); };','FALSE',now());
INSERT INTO public."option"(test_id,question_id,option_id,text,right_or_wrong,create_datetime)
VALUES('2','40','4','do { System.out.println(x); }
while( ++x < 3);','TRUE',now());
INSERT INTO public."option"(test_id,question_id,option_id,text,right_or_wrong,create_datetime)
VALUES('2','41','1','ï¿½@ int i = 0 ï¿½A i++','FALSE',now());
INSERT INTO public."option"(test_id,question_id,option_id,text,right_or_wrong,create_datetime)
VALUES('2','41','2','ï¿½@ int i = 1 ï¿½A i++','FALSE',now());
INSERT INTO public."option"(test_id,question_id,option_id,text,right_or_wrong,create_datetime)
VALUES('2','41','3','ï¿½@ int i = 0 ï¿½A ï¿½È‚ï¿½','TRUE',now());
INSERT INTO public."option"(test_id,question_id,option_id,text,right_or_wrong,create_datetime)
VALUES('2','41','4','ï¿½@ int i = 1 ï¿½A ï¿½È‚ï¿½','FALSE',now());
INSERT INTO public."option"(test_id,question_id,option_id,text,right_or_wrong,create_datetime)
VALUES('2','42','1','ï¿½uifï¿½vï¿½Æ•\ï¿½ï¿½ï¿½ï¿½ï¿½ï¿½ï¿½','TRUE',now());
INSERT INTO public."option"(test_id,question_id,option_id,text,right_or_wrong,create_datetime)
VALUES('2','42','2','ï¿½uelse ifï¿½vï¿½Æ•\ï¿½ï¿½ï¿½ï¿½ï¿½ï¿½ï¿½','FALSE',now());
INSERT INTO public."option"(test_id,question_id,option_id,text,right_or_wrong,create_datetime)
VALUES('2','42','3','ï¿½uelseï¿½vï¿½Æ•\ï¿½ï¿½ï¿½ï¿½ï¿½ï¿½ï¿½','FALSE',now());
INSERT INTO public."option"(test_id,question_id,option_id,text,right_or_wrong,create_datetime)
VALUES('2','42','4','ï¿½Rï¿½ï¿½ï¿½pï¿½Cï¿½ï¿½ï¿½Gï¿½ï¿½ï¿½[ï¿½ï¿½ï¿½ï¿½ï¿½ï¿½ï¿½ï¿½ï¿½ï¿½','FALSE',now());
INSERT INTO public."option"(test_id,question_id,option_id,text,right_or_wrong,create_datetime)
VALUES('2','42','5','ï¿½ï¿½ï¿½sï¿½ï¿½ï¿½É—ï¿½Oï¿½ï¿½ï¿½Xï¿½ï¿½ï¿½[ï¿½ï¿½ï¿½ï¿½ï¿½','FALSE',now());
INSERT INTO public."option"(test_id,question_id,option_id,text,right_or_wrong,create_datetime)
VALUES('2','43','1','ï¿½ï¿½ï¿½dï¿½pï¿½ï¿½ï¿½ï¿½ï¿½Å‚ï¿½ï¿½ï¿½','FALSE',now());
INSERT INTO public."option"(test_id,question_id,option_id,text,right_or_wrong,create_datetime)
VALUES('2','43','2','1ï¿½Â‚ÌƒNï¿½ï¿½ï¿½Xï¿½ÍAï¿½ï¿½ï¿½ï¿½ï¿½ÌƒTï¿½uï¿½Nï¿½ï¿½ï¿½Xï¿½ï¿½ï¿½ï¿½pï¿½ï¿½ï¿½ï¿½ï¿½ï¿½é‚±ï¿½Æ‚ï¿½ï¿½Å‚ï¿½ï¿½ï¿½','TRUE',now());
INSERT INTO public."option"(test_id,question_id,option_id,text,right_or_wrong,create_datetime)
VALUES('2','43','3','ï¿½pï¿½ï¿½ï¿½ï¿½ï¿½ï¿½ï¿½Nï¿½ï¿½ï¿½Xï¿½ÍAï¿½pï¿½ï¿½ï¿½ï¿½ï¿½Ì‚ï¿½ï¿½×‚Ä‚ï¿½ï¿½ï¿½ï¿½ï¿½ï¿½pï¿½ï¿½','FALSE',now());
INSERT INTO public."option"(test_id,question_id,option_id,text,right_or_wrong,create_datetime)
VALUES('2','43','4','ï¿½Tï¿½uï¿½Nï¿½ï¿½ï¿½Xï¿½ï¿½ï¿½ç‚³ï¿½ï¿½ÉƒTï¿½uï¿½Nï¿½ï¿½ï¿½Xï¿½ï¿½ï¿½ï¿½é‚±ï¿½Æ‚ï¿½ï¿½Å‚ï¿½ï¿½ï¿½','TRUE',now());
INSERT INTO public."option"(test_id,question_id,option_id,text,right_or_wrong,create_datetime)
VALUES('2','44','1','ï¿½Nï¿½ï¿½ï¿½X','FALSE',now());
INSERT INTO public."option"(test_id,question_id,option_id,text,right_or_wrong,create_datetime)
VALUES('2','44','2','ï¿½Ïï¿½','TRUE',now());
INSERT INTO public."option"(test_id,question_id,option_id,text,right_or_wrong,create_datetime)
VALUES('2','44','3','ï¿½ï¿½ï¿½\ï¿½bï¿½h','FALSE',now());
INSERT INTO public."option"(test_id,question_id,option_id,text,right_or_wrong,create_datetime)
VALUES('2','44','4','ï¿½pï¿½bï¿½Pï¿½[ï¿½W','TRUE',now());
INSERT INTO public."option"(test_id,question_id,option_id,text,right_or_wrong,create_datetime)
VALUES('2','45','1','3ï¿½ï¿½ï¿½\ï¿½ï¿½ï¿½ï¿½ï¿½ï¿½ï¿½','TRUE',now());
INSERT INTO public."option"(test_id,question_id,option_id,text,right_or_wrong,create_datetime)
VALUES('2','45','2','ï¿½ï¿½Oï¿½ï¿½ï¿½Xï¿½ï¿½ï¿½[ï¿½ï¿½ï¿½ï¿½Aï¿½ï¿½ï¿½ï¿½ï¿½\ï¿½ï¿½ï¿½ï¿½ï¿½ï¿½È‚ï¿½','FALSE',now());
INSERT INTO public."option"(test_id,question_id,option_id,text,right_or_wrong,create_datetime)
VALUES('2','45','3','Sampleï¿½Nï¿½ï¿½ï¿½Xï¿½ï¿½testï¿½ï¿½ï¿½\ï¿½bï¿½hï¿½ÅƒRï¿½ï¿½ï¿½pï¿½Cï¿½ï¿½ï¿½Gï¿½ï¿½ï¿½[ï¿½É‚È‚ï¿½','FALSE',now());
INSERT INTO public."option"(test_id,question_id,option_id,text,right_or_wrong,create_datetime)
VALUES('2','45','4','Mainï¿½Nï¿½ï¿½ï¿½Xï¿½ï¿½mainï¿½ï¿½ï¿½\ï¿½bï¿½hï¿½ÅƒRï¿½ï¿½ï¿½pï¿½Cï¿½ï¿½ï¿½Gï¿½ï¿½ï¿½[ï¿½É‚È‚ï¿½','FALSE',now());
INSERT INTO public."option"(test_id,question_id,option_id,text,right_or_wrong,create_datetime)
VALUES('2','46','1','ï¿½uAï¿½vï¿½u Bï¿½vï¿½u Aï¿½vï¿½Æ•\ï¿½ï¿½ï¿½ï¿½ï¿½ï¿½ï¿½','FALSE',now());
INSERT INTO public."option"(test_id,question_id,option_id,text,right_or_wrong,create_datetime)
VALUES('2','46','2','Sampleï¿½Cï¿½ï¿½ï¿½^ï¿½tï¿½Fï¿½[ï¿½Xï¿½ÌƒRï¿½ï¿½ï¿½pï¿½Cï¿½ï¿½ï¿½Éï¿½ï¿½sï¿½ï¿½ï¿½ï¿½','FALSE',now());
INSERT INTO public."option"(test_id,question_id,option_id,text,right_or_wrong,create_datetime)
VALUES('2','46','3','Examï¿½Nï¿½ï¿½ï¿½Xï¿½ÌƒRï¿½ï¿½ï¿½pï¿½Cï¿½ï¿½ï¿½Éï¿½ï¿½sï¿½ï¿½ï¿½ï¿½','FALSE',now());
INSERT INTO public."option"(test_id,question_id,option_id,text,right_or_wrong,create_datetime)
VALUES('2','46','4','Mainï¿½Nï¿½ï¿½ï¿½Xï¿½ÌƒRï¿½ï¿½ï¿½pï¿½Cï¿½ï¿½ï¿½Éï¿½ï¿½sï¿½ï¿½ï¿½ï¿½','TRUE',now());
INSERT INTO public."option"(test_id,question_id,option_id,text,right_or_wrong,create_datetime)
VALUES('2','46','5','ï¿½ï¿½ï¿½sï¿½ï¿½ï¿½É—ï¿½Oï¿½ï¿½ï¿½Xï¿½ï¿½ï¿½[ï¿½ï¿½ï¿½ï¿½ï¿½','FALSE',now());
INSERT INTO public."option"(test_id,question_id,option_id,text,right_or_wrong,create_datetime)
VALUES('2','47','1','public String a = "A";','FALSE',now());
INSERT INTO public."option"(test_id,question_id,option_id,text,right_or_wrong,create_datetime)
VALUES('2','47','2','abstract String b;','TRUE',now());
INSERT INTO public."option"(test_id,question_id,option_id,text,right_or_wrong,create_datetime)
VALUES('2','47','3','private String c = "C";','TRUE',now());
INSERT INTO public."option"(test_id,question_id,option_id,text,right_or_wrong,create_datetime)
VALUES('2','47','4','void setData(String data);','FALSE',now());
INSERT INTO public."option"(test_id,question_id,option_id,text,right_or_wrong,create_datetime)
VALUES('2','47','5','abstract void setData(String data);','FALSE',now());
INSERT INTO public."option"(test_id,question_id,option_id,text,right_or_wrong,create_datetime)
VALUES('2','47','6','blic void setData(String data);','FALSE',now());
INSERT INTO public."option"(test_id,question_id,option_id,text,right_or_wrong,create_datetime)
VALUES('2','48','1','4','FALSE',now());
INSERT INTO public."option"(test_id,question_id,option_id,text,right_or_wrong,create_datetime)
VALUES('2','48','2','6','TRUE',now());
INSERT INTO public."option"(test_id,question_id,option_id,text,right_or_wrong,create_datetime)
VALUES('2','48','3','7','FALSE',now());
INSERT INTO public."option"(test_id,question_id,option_id,text,right_or_wrong,create_datetime)
VALUES('2','48','4','8','FALSE',now());
INSERT INTO public."option"(test_id,question_id,option_id,text,right_or_wrong,create_datetime)
VALUES('2','49','1','package com.sample.view;
import com.sample.controlle;','FALSE',now());
INSERT INTO public."option"(test_id,question_id,option_id,text,right_or_wrong,create_datetime)
VALUES('2','49','2','import com.sample.controller;
package com.sample.view;','FALSE',now());
INSERT INTO public."option"(test_id,question_id,option_id,text,right_or_wrong,create_datetime)
VALUES('2','49','3','package com.sample.view;
import com.sample.controller.*;','TRUE',now());
INSERT INTO public."option"(test_id,question_id,option_id,text,right_or_wrong,create_datetime)
VALUES('2','49','4','import com.sample.controller.*;
package com.sample.view;','FALSE',now());
INSERT INTO public."option"(test_id,question_id,option_id,text,right_or_wrong,create_datetime)
VALUES('2','50','1','ï¿½ueeeeï¿½vï¿½Æ•\ï¿½ï¿½ï¿½ï¿½ï¿½ï¿½ï¿½','FALSE',now());
INSERT INTO public."option"(test_id,question_id,option_id,text,right_or_wrong,create_datetime)
VALUES('2','50','2','ï¿½ueeeeeï¿½vï¿½Æ•\ï¿½ï¿½ï¿½ï¿½ï¿½ï¿½ï¿½','TRUE',now());
INSERT INTO public."option"(test_id,question_id,option_id,text,right_or_wrong,create_datetime)
VALUES('2','50','3','ï¿½ï¿½ï¿½ï¿½ï¿½\ï¿½ï¿½ï¿½ï¿½ï¿½ï¿½È‚ï¿½','FALSE',now());
INSERT INTO public."option"(test_id,question_id,option_id,text,right_or_wrong,create_datetime)
VALUES('2','50','4','ï¿½Rï¿½ï¿½ï¿½pï¿½Cï¿½ï¿½ï¿½Gï¿½ï¿½ï¿½[ï¿½ï¿½ï¿½ï¿½ï¿½ï¿½ï¿½ï¿½ï¿½ï¿½','FALSE',now());
INSERT INTO public."option"(test_id,question_id,option_id,text,right_or_wrong,create_datetime)
VALUES('2','50','5','ï¿½ï¿½ï¿½sï¿½ï¿½ï¿½É—ï¿½Oï¿½ï¿½ï¿½Xï¿½ï¿½ï¿½[ï¿½ï¿½ï¿½ï¿½ï¿½','FALSE',now());
INSERT INTO public."option"(test_id,question_id,option_id,text,right_or_wrong,create_datetime)
VALUES('2','51','1','ï¿½Tï¿½uï¿½Nï¿½ï¿½ï¿½Xï¿½ÉAï¿½Xï¿½[ï¿½pï¿½[ï¿½Nï¿½ï¿½ï¿½Xï¿½Ìƒï¿½ï¿½\ï¿½bï¿½hï¿½Æ–ï¿½ï¿½Oï¿½ï¿½ï¿½ï¿½ï¿½ï¿½ï¿½Åˆï¿½ï¿½ï¿½ï¿½ï¿½ï¿½Ù‚È‚éƒï¿½\ï¿½bï¿½hï¿½ï¿½ï¿½`ï¿½ï¿½ï¿½é‚±ï¿½Æ‚ï¿½ï¿½uï¿½Iï¿½[ï¿½oï¿½[ï¿½ï¿½ï¿½[ï¿½hï¿½vï¿½ÆŒÄ‚ï¿½','FALSE',now());
INSERT INTO public."option"(test_id,question_id,option_id,text,right_or_wrong,create_datetime)
VALUES('2','51','2','ï¿½Tï¿½uï¿½Nï¿½ï¿½ï¿½Xï¿½ÉAï¿½Xï¿½[ï¿½pï¿½[ï¿½Nï¿½ï¿½ï¿½Xï¿½Ìƒï¿½ï¿½\ï¿½bï¿½hï¿½Æ–ï¿½ï¿½Oï¿½ï¿½ï¿½ï¿½ï¿½ï¿½ï¿½Åˆï¿½ï¿½ï¿½ï¿½ï¿½ï¿½Ù‚È‚éƒï¿½\ï¿½bï¿½hï¿½ï¿½ï¿½`ï¿½ï¿½ï¿½é‚±ï¿½Æ‚ï¿½ï¿½uï¿½Iï¿½[ï¿½oï¿½[ï¿½ï¿½ï¿½Cï¿½hï¿½vï¿½ÆŒÄ‚ï¿½','TRUE',now());
INSERT INTO public."option"(test_id,question_id,option_id,text,right_or_wrong,create_datetime)
VALUES('2','51','3','ï¿½Tï¿½uï¿½Nï¿½ï¿½ï¿½Xï¿½ÉAï¿½Xï¿½[ï¿½pï¿½[ï¿½Nï¿½ï¿½ï¿½Xï¿½Ìƒï¿½ï¿½\ï¿½bï¿½hï¿½ÆƒVï¿½Oï¿½jï¿½`ï¿½ï¿½ï¿½ï¿½ï¿½ï¿½ï¿½ï¿½ï¿½ï¿½ï¿½\ï¿½bï¿½hï¿½ï¿½ï¿½`ï¿½ï¿½ï¿½é‚±ï¿½Æ‚ï¿½ï¿½uï¿½Iï¿½[ï¿½oï¿½[ï¿½ï¿½ï¿½[ï¿½hï¿½vï¿½ÆŒÄ‚ï¿½','FALSE',now());
INSERT INTO public."option"(test_id,question_id,option_id,text,right_or_wrong,create_datetime)
VALUES('2','51','4','ï¿½Tï¿½uï¿½Nï¿½ï¿½ï¿½Xï¿½ÉAï¿½Xï¿½[ï¿½pï¿½[ï¿½Nï¿½ï¿½ï¿½Xï¿½Ìƒï¿½ï¿½\ï¿½bï¿½hï¿½ÆƒVï¿½Oï¿½jï¿½`ï¿½ï¿½ï¿½ï¿½ï¿½ï¿½ï¿½ï¿½ï¿½ï¿½ï¿½\ï¿½bï¿½hï¿½ï¿½ï¿½`ï¿½ï¿½ï¿½é‚±ï¿½Æ‚ï¿½ï¿½uï¿½Iï¿½[ï¿½oï¿½[ï¿½ï¿½ï¿½Cï¿½hï¿½vï¿½ÆŒÄ‚ï¿½','TRUE',now());
INSERT INTO public."option"(test_id,question_id,option_id,text,right_or_wrong,create_datetime)
VALUES('2','52','1','ï¿½Rï¿½ï¿½ï¿½Xï¿½gï¿½ï¿½ï¿½Nï¿½^ï¿½ï¿½ï¿½ï¿½staticï¿½tï¿½Bï¿½[ï¿½ï¿½ï¿½hï¿½ÉƒAï¿½Nï¿½Zï¿½Xï¿½ï¿½ï¿½Ä‚ï¿½ï¿½é‚½ï¿½ß‚ÉƒRï¿½ï¿½ï¿½pï¿½Cï¿½ï¿½ï¿½Gï¿½ï¿½ï¿½[ï¿½É‚È‚ï¿½','FALSE',now());
INSERT INTO public."option"(test_id,question_id,option_id,text,right_or_wrong,create_datetime)
VALUES('2','52','2','ï¿½Rï¿½ï¿½ï¿½Xï¿½gï¿½ï¿½ï¿½Nï¿½^ï¿½Ì–ß‚ï¿½lï¿½^ï¿½ï¿½voidï¿½É‚ï¿½ï¿½Ä‚ï¿½ï¿½é‚½ï¿½ßƒRï¿½ï¿½ï¿½pï¿½Cï¿½ï¿½ï¿½Gï¿½ï¿½ï¿½[ï¿½É‚È‚ï¿½','FALSE',now());
INSERT INTO public."option"(test_id,question_id,option_id,text,right_or_wrong,create_datetime)
VALUES('2','52','3','ï¿½Rï¿½ï¿½ï¿½Xï¿½gï¿½ï¿½ï¿½Nï¿½^ï¿½ï¿½privateï¿½ÅCï¿½ï¿½ï¿½ï¿½ï¿½Ä‚ï¿½ï¿½é‚½ï¿½ßƒRï¿½ï¿½ï¿½pï¿½Cï¿½ï¿½ï¿½Gï¿½ï¿½ï¿½[ï¿½É‚È‚ï¿½','FALSE',now());
INSERT INTO public."option"(test_id,question_id,option_id,text,right_or_wrong,create_datetime)
VALUES('2','52','4','ï¿½ï¿½ï¿½\ï¿½bï¿½hï¿½ï¿½ï¿½ï¿½Rï¿½ï¿½ï¿½Xï¿½gï¿½ï¿½ï¿½Nï¿½^ï¿½ï¿½ï¿½Ä‚Ñoï¿½ï¿½ï¿½Ä‚ï¿½ï¿½é‚½ï¿½ßƒRï¿½ï¿½ï¿½pï¿½Cï¿½ï¿½ï¿½Gï¿½ï¿½ï¿½[ï¿½É‚È‚ï¿½','TRUE',now());
INSERT INTO public."option"(test_id,question_id,option_id,text,right_or_wrong,create_datetime)
VALUES('2','53','1','3ï¿½sï¿½ï¿½','FALSE',now());
INSERT INTO public."option"(test_id,question_id,option_id,text,right_or_wrong,create_datetime)
VALUES('2','53','2','4ï¿½sï¿½ï¿½','TRUE',now());
INSERT INTO public."option"(test_id,question_id,option_id,text,right_or_wrong,create_datetime)
VALUES('2','53','3','5ï¿½sï¿½ï¿½','FALSE',now());
INSERT INTO public."option"(test_id,question_id,option_id,text,right_or_wrong,create_datetime)
VALUES('2','53','4','6ï¿½sï¿½ï¿½','FALSE',now());
INSERT INTO public."option"(test_id,question_id,option_id,text,right_or_wrong,create_datetime)
VALUES('2','53','5','7ï¿½sï¿½ï¿½','TRUE',now());
INSERT INTO public."option"(test_id,question_id,option_id,text,right_or_wrong,create_datetime)
VALUES('2','53','6','8ï¿½sï¿½ï¿½','TRUE',now());
INSERT INTO public."option"(test_id,question_id,option_id,text,right_or_wrong,create_datetime)
VALUES('2','54','1','0ï¿½ï¿½','FALSE',now());
INSERT INTO public."option"(test_id,question_id,option_id,text,right_or_wrong,create_datetime)
VALUES('2','54','2','1ï¿½ï¿½','FALSE',now());
INSERT INTO public."option"(test_id,question_id,option_id,text,right_or_wrong,create_datetime)
VALUES('2','54','3','2ï¿½ï¿½','TRUE',now());
INSERT INTO public."option"(test_id,question_id,option_id,text,right_or_wrong,create_datetime)
VALUES('2','54','4','3ï¿½ï¿½','FALSE',now());
INSERT INTO public."option"(test_id,question_id,option_id,text,right_or_wrong,create_datetime)
VALUES('2','55','1','ï¿½tï¿½Bï¿½[ï¿½ï¿½ï¿½h','TRUE',now());
INSERT INTO public."option"(test_id,question_id,option_id,text,right_or_wrong,create_datetime)
VALUES('2','55','2','privateï¿½ÅCï¿½ï¿½ï¿½ï¿½ï¿½ï¿½Ä‚ï¿½ï¿½È‚ï¿½ï¿½Rï¿½ï¿½ï¿½Xï¿½gï¿½ï¿½ï¿½Nï¿½^','FALSE',now());
INSERT INTO public."option"(test_id,question_id,option_id,text,right_or_wrong,create_datetime)
VALUES('2','55','3','privateï¿½ÅCï¿½ï¿½ï¿½ï¿½ï¿½ê‚½ï¿½Rï¿½ï¿½ï¿½Xï¿½gï¿½ï¿½ï¿½Nï¿½^','FALSE',now());
INSERT INTO public."option"(test_id,question_id,option_id,text,right_or_wrong,create_datetime)
VALUES('2','55','4','finalï¿½ÅCï¿½ï¿½ï¿½ï¿½ï¿½ï¿½Ä‚ï¿½ï¿½È‚ï¿½ï¿½ï¿½ï¿½\ï¿½bï¿½h','TRUE',now());
INSERT INTO public."option"(test_id,question_id,option_id,text,right_or_wrong,create_datetime)
VALUES('2','55','5','finalï¿½ÅCï¿½ï¿½ï¿½ï¿½ï¿½ê‚½ï¿½ï¿½ï¿½\ï¿½bï¿½h','FALSE',now());
INSERT INTO public."option"(test_id,question_id,option_id,text,right_or_wrong,create_datetime)
VALUES('2','56','1','A#','FALSE',now());
INSERT INTO public."option"(test_id,question_id,option_id,text,right_or_wrong,create_datetime)
VALUES('2','56','2','$B','TRUE',now());
INSERT INTO public."option"(test_id,question_id,option_id,text,right_or_wrong,create_datetime)
VALUES('2','56','3','C%','FALSE',now());
INSERT INTO public."option"(test_id,question_id,option_id,text,right_or_wrong,create_datetime)
VALUES('2','56','4','D9','TRUE',now());
INSERT INTO public."option"(test_id,question_id,option_id,text,right_or_wrong,create_datetime)
VALUES('2','56','5','E-','FALSE',now());
INSERT INTO public."option"(test_id,question_id,option_id,text,right_or_wrong,create_datetime)
VALUES('2','56','6','F_','TRUE',now());
INSERT INTO public."option"(test_id,question_id,option_id,text,right_or_wrong,create_datetime)
VALUES('2','57','1','ï¿½Cï¿½ï¿½ï¿½q','TRUE',now());
INSERT INTO public."option"(test_id,question_id,option_id,text,right_or_wrong,create_datetime)
VALUES('2','57','2','ï¿½ï¿½ï¿½\ï¿½bï¿½hï¿½ï¿½','FALSE',now());
INSERT INTO public."option"(test_id,question_id,option_id,text,right_or_wrong,create_datetime)
VALUES('2','57','3','ï¿½ï¿½ï¿½ï¿½ï¿½Ìï¿½','FALSE',now());
INSERT INTO public."option"(test_id,question_id,option_id,text,right_or_wrong,create_datetime)
VALUES('2','57','4','ï¿½ï¿½ï¿½ï¿½ï¿½ÌŒ^','FALSE',now());
INSERT INTO public."option"(test_id,question_id,option_id,text,right_or_wrong,create_datetime)
VALUES('2','57','5','ï¿½ï¿½ï¿½ï¿½ï¿½Ìï¿½ï¿½ï¿½','FALSE',now());
INSERT INTO public."option"(test_id,question_id,option_id,text,right_or_wrong,create_datetime)
VALUES('2','57','6','ï¿½ï¿½ï¿½ï¿½ï¿½Ì–ï¿½ï¿½O','TRUE',now());
INSERT INTO public."option"(test_id,question_id,option_id,text,right_or_wrong,create_datetime)
VALUES('2','57','7','ï¿½ß‚ï¿½lï¿½^','TRUE',now());
INSERT INTO public."option"(test_id,question_id,option_id,text,right_or_wrong,create_datetime)
VALUES('2','58','1','ï¿½pï¿½ï¿½','FALSE',now());
INSERT INTO public."option"(test_id,question_id,option_id,text,right_or_wrong,create_datetime)
VALUES('2','58','2','ï¿½Iï¿½[ï¿½oï¿½[ï¿½ï¿½ï¿½Cï¿½h','TRUE',now());
INSERT INTO public."option"(test_id,question_id,option_id,text,right_or_wrong,create_datetime)
VALUES('2','58','3','ï¿½Iï¿½[ï¿½oï¿½[ï¿½ï¿½ï¿½[ï¿½h','FALSE',now());
INSERT INTO public."option"(test_id,question_id,option_id,text,right_or_wrong,create_datetime)
VALUES('2','58','4','ï¿½Cï¿½ï¿½ï¿½^ï¿½tï¿½Fï¿½[ï¿½Xï¿½ÌŒpï¿½ï¿½','FALSE',now());
INSERT INTO public."option"(test_id,question_id,option_id,text,right_or_wrong,create_datetime)
VALUES('2','59','1','4ï¿½ï¿½ï¿½\ï¿½ï¿½ï¿½ï¿½ï¿½ï¿½ï¿½','FALSE',now());
INSERT INTO public."option"(test_id,question_id,option_id,text,right_or_wrong,create_datetime)
VALUES('2','59','2','6ï¿½ï¿½ï¿½\ï¿½ï¿½ï¿½ï¿½ï¿½ï¿½ï¿½','FALSE',now());
INSERT INTO public."option"(test_id,question_id,option_id,text,right_or_wrong,create_datetime)
VALUES('2','59','3','8ï¿½ï¿½ï¿½\ï¿½ï¿½ï¿½ï¿½ï¿½ï¿½ï¿½','TRUE',now());
INSERT INTO public."option"(test_id,question_id,option_id,text,right_or_wrong,create_datetime)
VALUES('2','59','4','9ï¿½ï¿½ï¿½\ï¿½ï¿½ï¿½ï¿½ï¿½ï¿½ï¿½','FALSE',now());
INSERT INTO public."option"(test_id,question_id,option_id,text,right_or_wrong,create_datetime)
VALUES('2','60','1','20ï¿½ï¿½ï¿½\ï¿½ï¿½ï¿½ï¿½ï¿½ï¿½ï¿½','FALSE',now());
INSERT INTO public."option"(test_id,question_id,option_id,text,right_or_wrong,create_datetime)
VALUES('2','60','2','30ï¿½ï¿½ï¿½\ï¿½ï¿½ï¿½ï¿½ï¿½ï¿½ï¿½','FALSE',now());
INSERT INTO public."option"(test_id,question_id,option_id,text,right_or_wrong,create_datetime)
VALUES('2','60','3','ï¿½Rï¿½ï¿½ï¿½pï¿½Cï¿½ï¿½ï¿½Gï¿½ï¿½ï¿½[ï¿½ï¿½ï¿½ï¿½ï¿½ï¿½ï¿½ï¿½ï¿½ï¿½','TRUE',now());
INSERT INTO public."option"(test_id,question_id,option_id,text,right_or_wrong,create_datetime)
VALUES('2','60','4','ï¿½ï¿½ï¿½sï¿½ï¿½ï¿½É—ï¿½Oï¿½ï¿½ï¿½Xï¿½ï¿½ï¿½[ï¿½ï¿½ï¿½ï¿½ï¿½','FALSE',now());



-- exam_event
INSERT INTO public."exam_event"(exam_event_id,user_id,test_id,test_result,create_datetime)
VALUES('1','1','1','80',now());
-- user_test_answer
INSERT INTO public."user_test_answer"(exam_event_id,question_id,user_answer_right_or_wrong,user_answer_option,create_datetime)
VALUES('1','1','true','2',now());
INSERT INTO public."user_test_answer"(exam_event_id,question_id,user_answer_right_or_wrong,user_answer_option,create_datetime)
VALUES('1','2','false','1,2',now());
INSERT INTO public."user_test_answer"(exam_event_id,question_id,user_answer_right_or_wrong,user_answer_option,create_datetime)
VALUES('1','3','true','1,2,3',now());
INSERT INTO public."user_test_answer"(exam_event_id,question_id,user_answer_right_or_wrong,user_answer_option,create_datetime)
VALUES('1','4','false','1',now());

INSERT INTO public."user_test_answer"(exam_event_id,question_id,user_answer_right_or_wrong,user_answer_option,create_datetime)
VALUES('2','1','TRUE','2',now());
INSERT INTO public."user_test_answer"(exam_event_id,question_id,user_answer_right_or_wrong,user_answer_option,create_datetime)
VALUES('2','2','FALSE','1',now());
INSERT INTO public."user_test_answer"(exam_event_id,question_id,user_answer_right_or_wrong,user_answer_option,create_datetime)
VALUES('2','3','TRUE','3',now());
INSERT INTO public."user_test_answer"(exam_event_id,question_id,user_answer_right_or_wrong,user_answer_option,create_datetime)
VALUES('2','4','TRUE','3',now());
INSERT INTO public."user_test_answer"(exam_event_id,question_id,user_answer_right_or_wrong,user_answer_option,create_datetime)
VALUES('2','5','TRUE','2',now());
INSERT INTO public."user_test_answer"(exam_event_id,question_id,user_answer_right_or_wrong,user_answer_option,create_datetime)
VALUES('2','6','TRUE','4',now());
INSERT INTO public."user_test_answer"(exam_event_id,question_id,user_answer_right_or_wrong,user_answer_option,create_datetime)
VALUES('2','7','FALSE','1',now());
INSERT INTO public."user_test_answer"(exam_event_id,question_id,user_answer_right_or_wrong,user_answer_option,create_datetime)
VALUES('2','8','TRUE','3',now());
INSERT INTO public."user_test_answer"(exam_event_id,question_id,user_answer_right_or_wrong,user_answer_option,create_datetime)
VALUES('2','9','TRUE','3,5',now());
INSERT INTO public."user_test_answer"(exam_event_id,question_id,user_answer_right_or_wrong,user_answer_option,create_datetime)
VALUES('2','10','FALSE','1,2,3',now());
INSERT INTO public."user_test_answer"(exam_event_id,question_id,user_answer_right_or_wrong,user_answer_option,create_datetime)
VALUES('2','11','TRUE','2',now());
INSERT INTO public."user_test_answer"(exam_event_id,question_id,user_answer_right_or_wrong,user_answer_option,create_datetime)
VALUES('2','12','TRUE','4',now());
INSERT INTO public."user_test_answer"(exam_event_id,question_id,user_answer_right_or_wrong,user_answer_option,create_datetime)
VALUES('2','13','FALSE','3',now());
INSERT INTO public."user_test_answer"(exam_event_id,question_id,user_answer_right_or_wrong,user_answer_option,create_datetime)
VALUES('2','14','TRUE','4',now());
INSERT INTO public."user_test_answer"(exam_event_id,question_id,user_answer_right_or_wrong,user_answer_option,create_datetime)
VALUES('2','15','TRUE','3',now());
INSERT INTO public."user_test_answer"(exam_event_id,question_id,user_answer_right_or_wrong,user_answer_option,create_datetime)
VALUES('2','16','FALSE','2',now());
INSERT INTO public."user_test_answer"(exam_event_id,question_id,user_answer_right_or_wrong,user_answer_option,create_datetime)
VALUES('2','17','FALSE','2',now());
INSERT INTO public."user_test_answer"(exam_event_id,question_id,user_answer_right_or_wrong,user_answer_option,create_datetime)
VALUES('2','18','TRUE','3',now());
INSERT INTO public."user_test_answer"(exam_event_id,question_id,user_answer_right_or_wrong,user_answer_option,create_datetime)
VALUES('2','19','TRUE','2',now());
INSERT INTO public."user_test_answer"(exam_event_id,question_id,user_answer_right_or_wrong,user_answer_option,create_datetime)
VALUES('2','20','TRUE','2,3,5',now());
INSERT INTO public."user_test_answer"(exam_event_id,question_id,user_answer_right_or_wrong,user_answer_option,create_datetime)
VALUES('2','21','TRUE','2',now());
INSERT INTO public."user_test_answer"(exam_event_id,question_id,user_answer_right_or_wrong,user_answer_option,create_datetime)
VALUES('2','22','TRUE','1',now());
INSERT INTO public."user_test_answer"(exam_event_id,question_id,user_answer_right_or_wrong,user_answer_option,create_datetime)
VALUES('2','23','TRUE','2',now());
INSERT INTO public."user_test_answer"(exam_event_id,question_id,user_answer_right_or_wrong,user_answer_option,create_datetime)
VALUES('2','24','TRUE','4',now());
INSERT INTO public."user_test_answer"(exam_event_id,question_id,user_answer_right_or_wrong,user_answer_option,create_datetime)
VALUES('2','25','TRUE','2',now());
INSERT INTO public."user_test_answer"(exam_event_id,question_id,user_answer_right_or_wrong,user_answer_option,create_datetime)
VALUES('2','26','TRUE','1',now());
INSERT INTO public."user_test_answer"(exam_event_id,question_id,user_answer_right_or_wrong,user_answer_option,create_datetime)
VALUES('2','27','TRUE','1',now());
INSERT INTO public."user_test_answer"(exam_event_id,question_id,user_answer_right_or_wrong,user_answer_option,create_datetime)
VALUES('2','28','FALSE','3',now());
INSERT INTO public."user_test_answer"(exam_event_id,question_id,user_answer_right_or_wrong,user_answer_option,create_datetime)
VALUES('2','29','TRUE','4',now());
INSERT INTO public."user_test_answer"(exam_event_id,question_id,user_answer_right_or_wrong,user_answer_option,create_datetime)
VALUES('2','30','TRUE','4',now());
INSERT INTO public."user_test_answer"(exam_event_id,question_id,user_answer_right_or_wrong,user_answer_option,create_datetime)
VALUES('2','31','TRUE','1',now());
INSERT INTO public."user_test_answer"(exam_event_id,question_id,user_answer_right_or_wrong,user_answer_option,create_datetime)
VALUES('2','32','FALSE','1,2,3,5',now());
INSERT INTO public."user_test_answer"(exam_event_id,question_id,user_answer_right_or_wrong,user_answer_option,create_datetime)
VALUES('2','33','TRUE','1',now());
INSERT INTO public."user_test_answer"(exam_event_id,question_id,user_answer_right_or_wrong,user_answer_option,create_datetime)
VALUES('2','34','TRUE','2',now());
INSERT INTO public."user_test_answer"(exam_event_id,question_id,user_answer_right_or_wrong,user_answer_option,create_datetime)
VALUES('2','35','TRUE','1',now());
INSERT INTO public."user_test_answer"(exam_event_id,question_id,user_answer_right_or_wrong,user_answer_option,create_datetime)
VALUES('2','36','TRUE','4',now());
INSERT INTO public."user_test_answer"(exam_event_id,question_id,user_answer_right_or_wrong,user_answer_option,create_datetime)
VALUES('2','37','TRUE','4',now());
INSERT INTO public."user_test_answer"(exam_event_id,question_id,user_answer_right_or_wrong,user_answer_option,create_datetime)
VALUES('2','38','TRUE','4',now());
INSERT INTO public."user_test_answer"(exam_event_id,question_id,user_answer_right_or_wrong,user_answer_option,create_datetime)
VALUES('2','39','FALSE','2',now());
INSERT INTO public."user_test_answer"(exam_event_id,question_id,user_answer_right_or_wrong,user_answer_option,create_datetime)
VALUES('2','40','FALSE','1',now());
INSERT INTO public."user_test_answer"(exam_event_id,question_id,user_answer_right_or_wrong,user_answer_option,create_datetime)
VALUES('2','41','TRUE','3',now());
INSERT INTO public."user_test_answer"(exam_event_id,question_id,user_answer_right_or_wrong,user_answer_option,create_datetime)
VALUES('2','42','TRUE','1',now());
INSERT INTO public."user_test_answer"(exam_event_id,question_id,user_answer_right_or_wrong,user_answer_option,create_datetime)
VALUES('2','43','TRUE','2,4',now());
INSERT INTO public."user_test_answer"(exam_event_id,question_id,user_answer_right_or_wrong,user_answer_option,create_datetime)
VALUES('2','44','TRUE','2,4',now());
INSERT INTO public."user_test_answer"(exam_event_id,question_id,user_answer_right_or_wrong,user_answer_option,create_datetime)
VALUES('2','45','TRUE','1',now());
INSERT INTO public."user_test_answer"(exam_event_id,question_id,user_answer_right_or_wrong,user_answer_option,create_datetime)
VALUES('2','46','TRUE','4',now());
INSERT INTO public."user_test_answer"(exam_event_id,question_id,user_answer_right_or_wrong,user_answer_option,create_datetime)
VALUES('2','47','TRUE','2,3',now());
INSERT INTO public."user_test_answer"(exam_event_id,question_id,user_answer_right_or_wrong,user_answer_option,create_datetime)
VALUES('2','48','TRUE','2',now());
INSERT INTO public."user_test_answer"(exam_event_id,question_id,user_answer_right_or_wrong,user_answer_option,create_datetime)
VALUES('2','49','TRUE','3',now());
INSERT INTO public."user_test_answer"(exam_event_id,question_id,user_answer_right_or_wrong,user_answer_option,create_datetime)
VALUES('2','50','TRUE','2',now());
INSERT INTO public."user_test_answer"(exam_event_id,question_id,user_answer_right_or_wrong,user_answer_option,create_datetime)
VALUES('2','51','FALSE','2,4',now());
INSERT INTO public."user_test_answer"(exam_event_id,question_id,user_answer_right_or_wrong,user_answer_option,create_datetime)
VALUES('2','52','TRUE','4',now());
INSERT INTO public."user_test_answer"(exam_event_id,question_id,user_answer_right_or_wrong,user_answer_option,create_datetime)
VALUES('2','53','TRUE','2,5,6',now());
INSERT INTO public."user_test_answer"(exam_event_id,question_id,user_answer_right_or_wrong,user_answer_option,create_datetime)
VALUES('2','54','TRUE','3',now());
INSERT INTO public."user_test_answer"(exam_event_id,question_id,user_answer_right_or_wrong,user_answer_option,create_datetime)
VALUES('2','55','TRUE','1,4',now());
INSERT INTO public."user_test_answer"(exam_event_id,question_id,user_answer_right_or_wrong,user_answer_option,create_datetime)
VALUES('2','56','TRUE','2,4,6',now());
INSERT INTO public."user_test_answer"(exam_event_id,question_id,user_answer_right_or_wrong,user_answer_option,create_datetime)
VALUES('2','57','TRUE','2,6,7',now());
INSERT INTO public."user_test_answer"(exam_event_id,question_id,user_answer_right_or_wrong,user_answer_option,create_datetime)
VALUES('2','58','FALSE','3',now());
INSERT INTO public."user_test_answer"(exam_event_id,question_id,user_answer_right_or_wrong,user_answer_option,create_datetime)
VALUES('2','59','TRUE','3',now());
INSERT INTO public."user_test_answer"(exam_event_id,question_id,user_answer_right_or_wrong,user_answer_option,create_datetime)
VALUES('2','60','TRUE','3',now());





-- SEQUENCE
SELECT pg_catalog.setval('public."User_userinfo_use_id_seq"', 2, true);

SELECT pg_catalog.setval('public."User_login_user_id_seq"', 2, true);

SELECT pg_catalog.setval('public."Product_Exam_exam_test_id_seq"', 2, true);

SELECT pg_catalog.setval('public."Exam_exam_event_id_seq"', 1, true);


