-- Dumped from database version 12.3
-- Dumped by pg_dump version 12.3

SET statement_timeout = 0;
SET lock_timeout = 0;
SET idle_in_transaction_session_timeout = 0;
SET client_encoding = 'SJIS';
SET standard_conforming_strings = on;
SELECT pg_catalog.set_config('search_path', '', false);
SET check_function_bodies = false;
SET xmloption = content;
SET client_min_messages = warning;
SET row_security = off;

--
-- Data for Name: M_DataType; Type: TABLE DATA; Schema: public; Owner: user
--userinfo
INSERT INTO public."userinfo" (user_id,lastname, firstname, birthday, sex, city,create_datetime) VALUES ('1','data', 'test','19980304','1','Tokyo',now());
INSERT INTO public."userinfo" (user_id,lastname, firstname, birthday, sex, city,create_datetime) VALUES ('2','Bruce', 'Lee','19930625','2','Gothm',now());

--login
INSERT INTO public."login" (user_id,mail, password,create_datetime) 
VALUES ('1','datatest@el.com','199803041Tokyo',now());

INSERT INTO public."login" (user_id,mail, password,create_datetime) 
VALUES ('2','BruceLee@el.com','Goyhm199306252',now());


--exam
INSERT INTO public."exam"(test_id,test_category,test_name,description,create_datetime)
 VALUES('1','level_test','Java SE Bronze','?ï¿½ï¿½uJava SE 11?ï¿½ï¿½v?ï¿½ï¿½ÍA2017?ï¿½ï¿½N9?ï¿½ï¿½?ï¿½ï¿½?ï¿½ï¿½É”ï¿½?ï¿½ï¿½\?ï¿½ï¿½?ï¿½ï¿½?ï¿½ï¿½ê‚½?ï¿½ï¿½V?ï¿½ï¿½?ï¿½ï¿½?ï¿½ï¿½?ï¿½ï¿½?ï¿½ï¿½?ï¿½ï¿½?ï¿½ï¿½?ï¿½ï¿½?ï¿½ï¿½[?ï¿½ï¿½X?ï¿½ï¿½E?ï¿½ï¿½?ï¿½ï¿½?ï¿½ï¿½f?ï¿½ï¿½?ï¿½ï¿½?ï¿½ï¿½Ö‚ÌˆÚs?ï¿½ï¿½ã‰ï¿½?ï¿½ï¿½ LTS ?ï¿½ï¿½?ï¿½ï¿½?ï¿½ï¿½?ï¿½ï¿½?ï¿½ï¿½[?ï¿½ï¿½X?ï¿½ï¿½Å‚ï¿½?ï¿½ï¿½?ï¿½ï¿½A?ï¿½ï¿½?ï¿½ï¿½ÆƒV?ï¿½ï¿½X?ï¿½ï¿½e?ï¿½ï¿½?ï¿½ï¿½?ï¿½ï¿½?ï¿½ï¿½N?ï¿½ï¿½?ï¿½ï¿½?ï¿½ï¿½E?ï¿½ï¿½h?ï¿½ï¿½E?ï¿½ï¿½T?ï¿½ï¿½[?ï¿½ï¿½r?ï¿½ï¿½X?ï¿½ï¿½A?ï¿½ï¿½X?ï¿½ï¿½}?ï¿½ï¿½[?ï¿½ï¿½g?ï¿½ï¿½E?ï¿½ï¿½f?ï¿½ï¿½o?ï¿½ï¿½C?ï¿½ï¿½X?ï¿½ï¿½È‚Ç‚ÅŠï¿½?ï¿½ï¿½p?ï¿½ï¿½?ï¿½ï¿½?ï¿½ï¿½?ï¿½ï¿½?ï¿½ï¿½A?ï¿½ï¿½v?ï¿½ï¿½?ï¿½ï¿½?ï¿½ï¿½P?ï¿½ï¿½[?ï¿½ï¿½V?ï¿½ï¿½?ï¿½ï¿½?ï¿½ï¿½?ï¿½ï¿½?ï¿½ï¿½J?ï¿½ï¿½?ï¿½ï¿½?ï¿½ï¿½Ìï¿½?ï¿½ï¿½Y?ï¿½ï¿½?ï¿½ï¿½?ï¿½ï¿½?ï¿½ï¿½?ï¿½ï¿½?ï¿½ï¿½Éd?ï¿½ï¿½_?ï¿½ï¿½?ï¿½ï¿½?ï¿½ï¿½?ï¿½ï¿½?ï¿½ï¿½?ï¿½ï¿½?ï¿½ï¿½Ä‚ï¿½?ï¿½ï¿½Ü‚ï¿½?ï¿½ï¿½B?ï¿½ï¿½?ï¿½ï¿½?ï¿½ï¿½Ìï¿½?ï¿½ï¿½i?ï¿½ï¿½?ï¿½ï¿½?ï¿½ï¿½æ“¾?ï¿½ï¿½?ï¿½ï¿½?ï¿½ï¿½é‚±?ï¿½ï¿½Æ‚ÅA?ï¿½ï¿½ÆŠE?ï¿½ï¿½W?ï¿½ï¿½?ï¿½ï¿½?ï¿½ï¿½Éï¿½?ï¿½ï¿½?ï¿½ï¿½?ï¿½ï¿½?ï¿½ï¿½?ï¿½ï¿½?ï¿½ï¿½?ï¿½ï¿½?ï¿½ï¿½?ï¿½ï¿½x?ï¿½ï¿½ÈƒX?ï¿½ï¿½L?ï¿½ï¿½?ï¿½ï¿½?ï¿½ï¿½?ï¿½ï¿½?ï¿½ï¿½Ø–ï¿½?ï¿½ï¿½?ï¿½ï¿½?ï¿½ï¿½Ü‚ï¿½?ï¿½ï¿½B
Oracle Certified Java Programmer, Bronze SE ?ï¿½ï¿½F?ï¿½ï¿½è‘ï¿½i?ï¿½ï¿½ÍA?ï¿½ï¿½?ï¿½ï¿½?ï¿½ï¿½ê–¢?ï¿½ï¿½o?ï¿½ï¿½?ï¿½ï¿½?ï¿½ï¿½ÒŒï¿½?ï¿½ï¿½?ï¿½ï¿½?ï¿½ï¿½Ì“ï¿½?ï¿½ï¿½å‘ï¿½i?ï¿½ï¿½?ï¿½ï¿½ Java ?ï¿½ï¿½?ï¿½ï¿½?ï¿½ï¿½?ï¿½ï¿½?ï¿½ï¿½?ï¿½ï¿½g?ï¿½ï¿½p?ï¿½ï¿½?ï¿½ï¿½?ï¿½ï¿½?ï¿½ï¿½?ï¿½ï¿½I?ï¿½ï¿½u?ï¿½ï¿½W?ï¿½ï¿½F?ï¿½ï¿½N?ï¿½ï¿½g?ï¿½ï¿½w?ï¿½ï¿½?ï¿½ï¿½?ï¿½ï¿½v?ï¿½ï¿½?ï¿½ï¿½?ï¿½ï¿½O?ï¿½ï¿½?ï¿½ï¿½?ï¿½ï¿½~?ï¿½ï¿½?ï¿½ï¿½?ï¿½ï¿½O?ï¿½ï¿½ÌŠï¿½{?ï¿½ï¿½I?ï¿½ï¿½È’m?ï¿½ï¿½?ï¿½ï¿½?ï¿½ï¿½?ï¿½ï¿½L?ï¿½ï¿½?ï¿½ï¿½?ï¿½ï¿½é‚±?ï¿½ï¿½?ï¿½ï¿½ ?ï¿½ï¿½?ï¿½ï¿½]?ï¿½ï¿½?ï¿½ï¿½?ï¿½ï¿½?ï¿½ï¿½?ï¿½ï¿½é‚±?ï¿½ï¿½Æ‚ï¿½Ú“I?ï¿½ï¿½Æ‚ï¿½?ï¿½ï¿½Ä‚ï¿½?ï¿½ï¿½Ü‚ï¿½?ï¿½ï¿½BOracle Certified Java Programmer, Bronze SE ?ï¿½ï¿½F?ï¿½ï¿½è‘ï¿½i?ï¿½ï¿½?ï¿½ï¿½?ï¿½ï¿½æ“¾?ï¿½ï¿½?ï¿½ï¿½?ï¿½ï¿½é‚½?ï¿½ï¿½ß‚É‚ÍAJava SE Bronze (1Z0-818-JPN) ?ï¿½ï¿½?ï¿½ï¿½?ï¿½ï¿½?ï¿½ï¿½ ?ï¿½ï¿½Ìï¿½?ï¿½ï¿½i?ï¿½ï¿½?ï¿½ï¿½?ï¿½ï¿½K?ï¿½ï¿½v?ï¿½ï¿½Å‚ï¿½?ï¿½ï¿½B',now());

INSERT INTO public."exam"(test_id,test_category,test_name,description,create_datetime)
VALUES('2','Java','?ï¿½ï¿½?ï¿½ï¿½?ï¿½ï¿½Í‘ï¿½?ï¿½ï¿½d?ï¿½ï¿½ã‚°?ï¿½ï¿½?ï¿½ï¿½?ï¿½ï¿½','Java SE Bronze ?ï¿½ï¿½?ï¿½ï¿½?ï¿½ï¿½K?ï¿½ï¿½?ï¿½ï¿½?ï¿½ï¿½',now());

INSERT INTO public."exam"(test_id,test_category,test_name,description,create_datetime)
 VALUES('3','?ï¿½ï¿½?ï¿½ï¿½??ï¿½ï¿½?ï¿½ï¿½Z?ï¿½ï¿½p?ï¿½ï¿½Òï¿½?ï¿½ï¿½?ï¿½ï¿½','?ï¿½ï¿½?ï¿½ï¿½{?ï¿½ï¿½?ï¿½ï¿½?ï¿½ï¿½Z?ï¿½ï¿½p?ï¿½ï¿½Òï¿½?ï¿½ï¿½?ï¿½ï¿½','?ï¿½ï¿½?ï¿½ï¿½{?ï¿½ï¿½?ï¿½ï¿½?ï¿½ï¿½Z?ï¿½ï¿½p?ï¿½ï¿½Òï¿½?ï¿½ï¿½?ï¿½ï¿½?ï¿½ï¿½Ì‘ÎÛÒ‚Íï¿½?ï¿½ï¿½xIT?ï¿½ï¿½l?ï¿½ï¿½Ş‚Æ‚È‚é‚½?ï¿½ï¿½ß‚É•K?ï¿½ï¿½v?ï¿½ï¿½ÈŠï¿½{?ï¿½ï¿½I?ï¿½ï¿½m?ï¿½ï¿½?ï¿½ï¿½?ï¿½ï¿½E?ï¿½ï¿½Z?ï¿½ï¿½\?ï¿½ï¿½?ï¿½ï¿½?ï¿½ï¿½?ï¿½ï¿½?ï¿½ï¿½?ï¿½ï¿½?ï¿½ï¿½A?ï¿½ï¿½?ï¿½ï¿½?ï¿½ï¿½H?ï¿½ï¿½I?ï¿½ï¿½ÈŠï¿½?ï¿½ï¿½p?ï¿½ï¿½\?ï¿½ï¿½Í‚ï¿½g?ï¿½ï¿½É•t?ï¿½ï¿½?ï¿½ï¿½?ï¿½ï¿½?ï¿½ï¿½?ï¿½ï¿½Ò‚Å‚ï¿½?ï¿½ï¿½B',now());
 
INSERT INTO public."exam"(test_id,test_category,test_name,description,create_datetime)
VALUES('4','?ï¿½ï¿½?ï¿½ï¿½??ï¿½ï¿½?ï¿½ï¿½Z?ï¿½ï¿½p?ï¿½ï¿½Òï¿½?ï¿½ï¿½?ï¿½ï¿½','?ï¿½ï¿½?ï¿½ï¿½?ï¿½ï¿½p?ï¿½ï¿½?ï¿½ï¿½?ï¿½ï¿½Z?ï¿½ï¿½p?ï¿½ï¿½Òï¿½?ï¿½ï¿½?ï¿½ï¿½','IT?ï¿½ï¿½G?ï¿½ï¿½?ï¿½ï¿½?ï¿½ï¿½W?ï¿½ï¿½j?ï¿½ï¿½A?ï¿½ï¿½Æ‚ï¿½?ï¿½ï¿½Ä‚ï¿½??ï¿½ï¿½?ï¿½ï¿½x?ï¿½ï¿½?ï¿½ï¿½?ï¿½ï¿½A?ï¿½ï¿½b?ï¿½ï¿½v?ï¿½ï¿½?ï¿½ï¿½}?ï¿½ï¿½?ï¿½ï¿½É‚ÍA?ï¿½ï¿½?ï¿½ï¿½?ï¿½ï¿½p?ï¿½ï¿½?ï¿½ï¿½?ï¿½ï¿½Z?ï¿½ï¿½p?ï¿½ï¿½Òï¿½?ï¿½ï¿½?ï¿½ï¿½?ï¿½ï¿½?ï¿½ï¿½?ï¿½ï¿½?ï¿½ï¿½?ï¿½ï¿½?ï¿½ï¿½?ï¿½ï¿½ß‚Å‚ï¿½?ï¿½ï¿½B?ï¿½ï¿½Z?ï¿½ï¿½p?ï¿½ï¿½?ï¿½ï¿½?ï¿½ï¿½?ï¿½ï¿½Ç—ï¿½?ï¿½ï¿½A?ï¿½ï¿½o?ï¿½ï¿½c?ï¿½ï¿½Ü‚ÅA?ï¿½ï¿½?ï¿½ï¿½?ï¿½ï¿½L?ï¿½ï¿½?ï¿½ï¿½?ï¿½ï¿½m?ï¿½ï¿½?ï¿½ï¿½?ï¿½ï¿½Æ‰ï¿½?ï¿½ï¿½p?ï¿½ï¿½Í‚ï¿½?ï¿½ï¿½g?ï¿½ï¿½É•t?ï¿½ï¿½?ï¿½ï¿½?ï¿½ï¿½A?ï¿½ï¿½V?ï¿½ï¿½X?ï¿½ï¿½e?ï¿½ï¿½?ï¿½ï¿½?ï¿½ï¿½J?ï¿½ï¿½?ï¿½ï¿½?ï¿½ï¿½AIT?ï¿½ï¿½?ï¿½ï¿½Õ\?ï¿½ï¿½z?ï¿½ï¿½È‚Ç‚Ì‹Ç–Ê‚ÅA?ï¿½ï¿½?ï¿½ï¿½?ï¿½ï¿½?ï¿½ï¿½?ï¿½ï¿½p?ï¿½ï¿½t?ï¿½ï¿½H?ï¿½ï¿½[?ï¿½ï¿½}?ï¿½ï¿½?ï¿½ï¿½?ï¿½ï¿½X?ï¿½ï¿½?ï¿½ï¿½ï¿½?ï¿½ï¿½?ï¿½ï¿½?ï¿½ï¿½é‚±?ï¿½ï¿½Æ‚ï¿½?ï¿½ï¿½Å‚ï¿½?ï¿½ï¿½Ü‚ï¿½?ï¿½ï¿½B',now());

INSERT INTO public."exam"(test_id,test_category,test_name,description,create_datetime)
VALUES('5','?ï¿½ï¿½?ï¿½ï¿½??ï¿½ï¿½?ï¿½ï¿½Z?ï¿½ï¿½p?ï¿½ï¿½Òï¿½?ï¿½ï¿½?ï¿½ï¿½','IT?ï¿½ï¿½p?ï¿½ï¿½X?ï¿½ï¿½|?ï¿½ï¿½[?ï¿½ï¿½g?ï¿½ï¿½?ï¿½ï¿½?ï¿½ï¿½?ï¿½ï¿½','?ï¿½ï¿½E?ï¿½ï¿½Æl?ï¿½ï¿½?ï¿½ï¿½?ï¿½ï¿½?ï¿½ï¿½?ï¿½ï¿½Ê‚É”ï¿½?ï¿½ï¿½?ï¿½ï¿½?ï¿½ï¿½Ä‚ï¿½?ï¿½ï¿½?ï¿½ï¿½?ï¿½ï¿½×‚ï¿½?ï¿½ï¿½?ï¿½ï¿½?ï¿½ï¿½Z?ï¿½ï¿½p?ï¿½ï¿½ÉŠÖ‚ï¿½?ï¿½ï¿½?ï¿½ï¿½?ï¿½ï¿½b?ï¿½ï¿½I?ï¿½ï¿½È’m?ï¿½ï¿½?ï¿½ï¿½?ï¿½ï¿½?ï¿½ï¿½?ï¿½ï¿½?ï¿½ï¿½?ï¿½ï¿½?ï¿½ï¿½?ï¿½ï¿½A?ï¿½ï¿½?ï¿½ï¿½?ï¿½ï¿½Z?ï¿½ï¿½p?ï¿½ï¿½ÉŒg?ï¿½ï¿½?ï¿½ï¿½?ï¿½ï¿½Æ–ï¿½?ï¿½ï¿½ÉA?ï¿½ï¿½?ï¿½ï¿½?ï¿½ï¿½?ï¿½ï¿½?ï¿½ï¿½A?ï¿½ï¿½S?ï¿½ï¿½?ï¿½ï¿½?ï¿½ï¿½Æ–ï¿½?ï¿½ï¿½É‘Î‚ï¿½?ï¿½ï¿½Äï¿½?ï¿½ï¿½Z?ï¿½ï¿½p?ï¿½ï¿½?ï¿½ï¿½?ï¿½ï¿½?ï¿½ï¿½?ï¿½ï¿½p?ï¿½ï¿½?ï¿½ï¿½?ï¿½ï¿½Ä‚ï¿½?ï¿½ï¿½?ï¿½ï¿½?ï¿½ï¿½?ï¿½ï¿½?ï¿½ï¿½Æ‚ï¿½?ï¿½ï¿½?ï¿½ï¿½ÒB',now());

 INSERT INTO public."exam"(test_id,test_category,test_name,description,create_datetime)
VALUES('6','AWS?ï¿½ï¿½?ï¿½ï¿½?ï¿½ï¿½i?ï¿½ï¿½?ï¿½ï¿½','AWS Certified DevOps Engineer - Professional','?ï¿½ï¿½?ï¿½ï¿½?ï¿½ï¿½Ìï¿½?ï¿½ï¿½i?ï¿½ï¿½ÍA?ï¿½ï¿½g?ï¿½ï¿½D?ï¿½ï¿½?ï¿½ï¿½?ï¿½ï¿½N?ï¿½ï¿½?ï¿½ï¿½?ï¿½ï¿½E?ï¿½ï¿½h?ï¿½ï¿½C?ï¿½ï¿½j?ï¿½ï¿½V?ï¿½ï¿½A?ï¿½ï¿½`?ï¿½ï¿½u?ï¿½ï¿½?ï¿½ï¿½?ï¿½ï¿½?ï¿½ï¿½?ï¿½ï¿½?ï¿½ï¿½?ï¿½ï¿½?ï¿½ï¿½?ï¿½ï¿½é‚½?ï¿½ï¿½ß‚Ìd?ï¿½ï¿½v?ï¿½ï¿½ÈƒX?ï¿½ï¿½L?ï¿½ï¿½?ï¿½ï¿½?ï¿½ï¿½?ï¿½ï¿½?ï¿½ï¿½?ï¿½ï¿½?ï¿½ï¿½Âl?ï¿½ï¿½Ş‚ï¿½?ï¿½ï¿½?ï¿½ï¿½è‚µ?ï¿½ï¿½Äˆç¬?ï¿½ï¿½?ï¿½ï¿½?ï¿½ï¿½?ï¿½ï¿½Ì‚É–ğ—§‚ï¿½?ï¿½ï¿½Ü‚ï¿½?ï¿½ï¿½BAWS Certified DevOps Engineer - Professional ?ï¿½ï¿½?ï¿½ï¿½?ï¿½ï¿½æ“¾?ï¿½ï¿½?ï¿½ï¿½?ï¿½ï¿½?ï¿½ï¿½ÆAAWS ?ï¿½ï¿½C?ï¿½ï¿½?ï¿½ï¿½?ï¿½ï¿½t?ï¿½ï¿½?ï¿½ï¿½?ï¿½ï¿½X?ï¿½ï¿½g?ï¿½ï¿½?ï¿½ï¿½?ï¿½ï¿½N?ï¿½ï¿½`?ï¿½ï¿½?ï¿½ï¿½?ï¿½ï¿½ÆƒA?ï¿½ï¿½v?ï¿½ï¿½?ï¿½ï¿½?ï¿½ï¿½P?ï¿½ï¿½[?ï¿½ï¿½V?ï¿½ï¿½?ï¿½ï¿½?ï¿½ï¿½?ï¿½ï¿½?ï¿½ï¿½Ìƒe?ï¿½ï¿½X?ï¿½ï¿½g?ï¿½ï¿½Æƒf?ï¿½ï¿½v?ï¿½ï¿½?ï¿½ï¿½?ï¿½ï¿½C?ï¿½ï¿½?ï¿½ï¿½?ï¿½ï¿½?ï¿½ï¿½?ï¿½ï¿½?ï¿½ï¿½?ï¿½ï¿½?ï¿½ï¿½?ï¿½ï¿½?ï¿½ï¿½?ï¿½ï¿½?ï¿½ï¿½\?ï¿½ï¿½Í‚ï¿½?ï¿½ï¿½F?ï¿½ï¿½è‚³?ï¿½ï¿½?ï¿½ï¿½Ü‚ï¿½?ï¿½ï¿½B',now());

 INSERT INTO public."exam"(test_id,test_category,test_name,description,create_datetime)
VALUES('7','AWS?ï¿½ï¿½?ï¿½ï¿½?ï¿½ï¿½i?ï¿½ï¿½?ï¿½ï¿½','AWS Certified Solutions Architect ? Associate','?ï¿½ï¿½?ï¿½ï¿½?ï¿½ï¿½Ìï¿½?ï¿½ï¿½i?ï¿½ï¿½ÍA?ï¿½ï¿½g?ï¿½ï¿½D?ï¿½ï¿½?ï¿½ï¿½?ï¿½ï¿½N?ï¿½ï¿½?ï¿½ï¿½?ï¿½ï¿½E?ï¿½ï¿½h?ï¿½ï¿½C?ï¿½ï¿½j?ï¿½ï¿½V?ï¿½ï¿½A?ï¿½ï¿½`?ï¿½ï¿½u?ï¿½ï¿½?ï¿½ï¿½?ï¿½ï¿½?ï¿½ï¿½?ï¿½ï¿½?ï¿½ï¿½?ï¿½ï¿½?ï¿½ï¿½?ï¿½ï¿½é‚½?ï¿½ï¿½ß‚Ìd?ï¿½ï¿½v?ï¿½ï¿½ÈƒX?ï¿½ï¿½L?ï¿½ï¿½?ï¿½ï¿½?ï¿½ï¿½?ï¿½ï¿½?ï¿½ï¿½?ï¿½ï¿½?ï¿½ï¿½Âl?ï¿½ï¿½Ş‚ï¿½?ï¿½ï¿½?ï¿½ï¿½è‚µ?ï¿½ï¿½Äˆç¬?ï¿½ï¿½?ï¿½ï¿½?ï¿½ï¿½?ï¿½ï¿½Ì‚É–ğ—§‚ï¿½?ï¿½ï¿½Ü‚ï¿½?ï¿½ï¿½BAWS Certified Solutions Architect ? Associate ?ï¿½ï¿½?ï¿½ï¿½?ï¿½ï¿½æ“¾?ï¿½ï¿½?ï¿½ï¿½?ï¿½ï¿½?ï¿½ï¿½ÆAAWS ?ï¿½ï¿½?ï¿½ï¿½Å•ï¿½?ï¿½ï¿½U?ï¿½ï¿½V?ï¿½ï¿½X?ï¿½ï¿½e?ï¿½ï¿½?ï¿½ï¿½?ï¿½ï¿½?ï¿½ï¿½İŒv?ï¿½ï¿½A?ï¿½ï¿½?ï¿½ï¿½?ï¿½ï¿½?ï¿½ï¿½?ï¿½ï¿½?ï¿½ï¿½?ï¿½ï¿½?ï¿½ï¿½\?ï¿½ï¿½Í‚ï¿½?ï¿½ï¿½F?ï¿½ï¿½è‚³?ï¿½ï¿½?ï¿½ï¿½Ü‚ï¿½?ï¿½ï¿½B',now());

 INSERT INTO public."exam"(test_id,test_category,test_name,description,create_datetime)
VALUES('8','AWS?ï¿½ï¿½?ï¿½ï¿½?ï¿½ï¿½i?ï¿½ï¿½?ï¿½ï¿½','AWS Certified Developer-Associate','?ï¿½ï¿½?ï¿½ï¿½?ï¿½ï¿½Ìï¿½?ï¿½ï¿½i?ï¿½ï¿½ÍA?ï¿½ï¿½g?ï¿½ï¿½D?ï¿½ï¿½?ï¿½ï¿½?ï¿½ï¿½N?ï¿½ï¿½?ï¿½ï¿½?ï¿½ï¿½E?ï¿½ï¿½h?ï¿½ï¿½C?ï¿½ï¿½j?ï¿½ï¿½V?ï¿½ï¿½A?ï¿½ï¿½`?ï¿½ï¿½u?ï¿½ï¿½?ï¿½ï¿½?ï¿½ï¿½?ï¿½ï¿½?ï¿½ï¿½?ï¿½ï¿½?ï¿½ï¿½?ï¿½ï¿½?ï¿½ï¿½é‚½?ï¿½ï¿½ß‚Ìd?ï¿½ï¿½v?ï¿½ï¿½ÈƒX?ï¿½ï¿½L?ï¿½ï¿½?ï¿½ï¿½?ï¿½ï¿½?ï¿½ï¿½?ï¿½ï¿½?ï¿½ï¿½?ï¿½ï¿½Âl?ï¿½ï¿½Ş‚ï¿½?ï¿½ï¿½?ï¿½ï¿½è‚µ?ï¿½ï¿½Äˆç¬?ï¿½ï¿½?ï¿½ï¿½?ï¿½ï¿½?ï¿½ï¿½Ì‚É–ğ—§‚ï¿½?ï¿½ï¿½Ü‚ï¿½?ï¿½ï¿½BAWS Certified Developer - Associate ?ï¿½ï¿½?ï¿½ï¿½?ï¿½ï¿½æ“¾?ï¿½ï¿½?ï¿½ï¿½?ï¿½ï¿½?ï¿½ï¿½ÆA?ï¿½ï¿½N?ï¿½ï¿½?ï¿½ï¿½?ï¿½ï¿½E?ï¿½ï¿½h?ï¿½ï¿½x?ï¿½ï¿½[?ï¿½ï¿½X?ï¿½ï¿½ÌƒA?ï¿½ï¿½v?ï¿½ï¿½?ï¿½ï¿½?ï¿½ï¿½P?ï¿½ï¿½[?ï¿½ï¿½V?ï¿½ï¿½?ï¿½ï¿½?ï¿½ï¿½?ï¿½ï¿½?ï¿½ï¿½Åï¿½?ï¿½ï¿½?ï¿½ï¿½?ï¿½ï¿½?ï¿½ï¿½?ï¿½ï¿½İ‚ï¿½?ï¿½ï¿½?ï¿½ï¿½Ñƒf?ï¿½ï¿½v?ï¿½ï¿½?ï¿½ï¿½?ï¿½ï¿½C?ï¿½ï¿½?ï¿½ï¿½?ï¿½ï¿½s?ï¿½ï¿½?ï¿½ï¿½?ï¿½ï¿½\?ï¿½ï¿½Í‚ï¿½F?ï¿½ï¿½è‚µ?ï¿½ï¿½Ü‚ï¿½?ï¿½ï¿½B',now());

INSERT INTO public."exam"(test_id,test_category,test_name,description,create_datetime)
 VALUES('9','AWS?ï¿½ï¿½?ï¿½ï¿½?ï¿½ï¿½i?ï¿½ï¿½?ï¿½ï¿½','AWS Certified Cloud Practitioner','AWS Certified Cloud Practitioner ?ï¿½ï¿½ÍAAWS ?ï¿½ï¿½v?ï¿½ï¿½?ï¿½ï¿½?ï¿½ï¿½b?ï¿½ï¿½g?ï¿½ï¿½t?ï¿½ï¿½H?ï¿½ï¿½[?ï¿½ï¿½?ï¿½ï¿½?ï¿½ï¿½ÌŠï¿½{?ï¿½ï¿½I?ï¿½ï¿½È’m?ï¿½ï¿½?ï¿½ï¿½?ï¿½ï¿½?ï¿½ï¿½?ï¿½ï¿½?ï¿½ï¿½?ï¿½ï¿½?ï¿½ï¿½?ï¿½ï¿½?ï¿½ï¿½?ï¿½ï¿½Ì•ï¿½?ï¿½ï¿½?ï¿½ï¿½ÎÛ‚Æ‚ï¿½?ï¿½ï¿½Ä‚ï¿½?ï¿½ï¿½Ü‚ï¿½?ï¿½ï¿½B?ï¿½ï¿½g?ï¿½ï¿½D?ï¿½ï¿½?ï¿½ï¿½?ï¿½ï¿½N?ï¿½ï¿½?ï¿½ï¿½?ï¿½ï¿½E?ï¿½ï¿½h?ï¿½ï¿½C?ï¿½ï¿½j?ï¿½ï¿½V?ï¿½ï¿½A?ï¿½ï¿½`?ï¿½ï¿½u?ï¿½ï¿½?ï¿½ï¿½?ï¿½ï¿½?ï¿½ï¿½?ï¿½ï¿½?ï¿½ï¿½?ï¿½ï¿½?ï¿½ï¿½?ï¿½ï¿½é‚½?ï¿½ï¿½ß‚Ìd?ï¿½ï¿½v?ï¿½ï¿½È’m?ï¿½ï¿½?ï¿½ï¿½?ï¿½ï¿½?ï¿½ï¿½?ï¿½ï¿½?ï¿½ï¿½?ï¿½ï¿½Âl?ï¿½ï¿½Ş‚ï¿½?ï¿½ï¿½?ï¿½ï¿½è‚µ?ï¿½ï¿½Äˆç¬?ï¿½ï¿½?ï¿½ï¿½?ï¿½ï¿½?ï¿½ï¿½Ì‚É–ğ—§‚ï¿½?ï¿½ï¿½Ü‚ï¿½?ï¿½ï¿½BAWS Certified Cloud Practitioner ?ï¿½ï¿½?ï¿½ï¿½?ï¿½ï¿½æ“¾?ï¿½ï¿½?ï¿½ï¿½?ï¿½ï¿½é‚±?ï¿½ï¿½Æ‚ÅA?ï¿½ï¿½N?ï¿½ï¿½?ï¿½ï¿½?ï¿½ï¿½E?ï¿½ï¿½h?ï¿½ï¿½Ö‚Ì—ï¿½?ï¿½ï¿½?ï¿½ï¿½?ï¿½ï¿½ÆŠï¿½b?ï¿½ï¿½I?ï¿½ï¿½?ï¿½ï¿½ AWS ?ï¿½ï¿½Ì’m?ï¿½ï¿½?ï¿½ï¿½?ï¿½ï¿½?ï¿½ï¿½?ï¿½ï¿½F?ï¿½ï¿½è‚³?ï¿½ï¿½?ï¿½ï¿½Ü‚ï¿½?ï¿½ï¿½B',now());
 
 INSERT INTO public."exam"(test_id,test_category,test_name,description,create_datetime)
VALUES('10','AWS?ï¿½ï¿½?ï¿½ï¿½?ï¿½ï¿½i?ï¿½ï¿½?ï¿½ï¿½','AWS Certified Solutions Architect - Professional','?ï¿½ï¿½?ï¿½ï¿½?ï¿½ï¿½Ìï¿½?ï¿½ï¿½i?ï¿½ï¿½ÍA?ï¿½ï¿½g?ï¿½ï¿½D?ï¿½ï¿½?ï¿½ï¿½?ï¿½ï¿½N?ï¿½ï¿½?ï¿½ï¿½?ï¿½ï¿½E?ï¿½ï¿½h?ï¿½ï¿½C?ï¿½ï¿½j?ï¿½ï¿½V?ï¿½ï¿½A?ï¿½ï¿½`?ï¿½ï¿½u?ï¿½ï¿½?ï¿½ï¿½?ï¿½ï¿½?ï¿½ï¿½?ï¿½ï¿½?ï¿½ï¿½?ï¿½ï¿½?ï¿½ï¿½?ï¿½ï¿½é‚½?ï¿½ï¿½ß‚Ìd?ï¿½ï¿½v?ï¿½ï¿½ÈƒX?ï¿½ï¿½L?ï¿½ï¿½?ï¿½ï¿½?ï¿½ï¿½?ï¿½ï¿½?ï¿½ï¿½?ï¿½ï¿½?ï¿½ï¿½Âl?ï¿½ï¿½Ş‚ï¿½?ï¿½ï¿½?ï¿½ï¿½è‚µ?ï¿½ï¿½Äˆç¬?ï¿½ï¿½?ï¿½ï¿½?ï¿½ï¿½?ï¿½ï¿½Ì‚É–ğ—§‚ï¿½?ï¿½ï¿½Ü‚ï¿½?ï¿½ï¿½BAWS Certified Solutions Architect - Professional ?ï¿½ï¿½?ï¿½ï¿½?ï¿½ï¿½æ“¾?ï¿½ï¿½?ï¿½ï¿½?ï¿½ï¿½?ï¿½ï¿½ÆA?ï¿½ï¿½?ï¿½ï¿½?ï¿½ï¿½l?ï¿½ï¿½Å•ï¿½?ï¿½ï¿½G?ï¿½ï¿½È—v?ï¿½ï¿½?ï¿½ï¿½?ï¿½ï¿½?ï¿½ï¿½?ï¿½ï¿½É‚ï¿½?ï¿½ï¿½?ï¿½ï¿½?ï¿½ï¿½ÄAAWS ?ï¿½ï¿½ÌƒA?ï¿½ï¿½v?ï¿½ï¿½?ï¿½ï¿½?ï¿½ï¿½P?ï¿½ï¿½[?ï¿½ï¿½V?ï¿½ï¿½?ï¿½ï¿½?ï¿½ï¿½?ï¿½ï¿½?ï¿½ï¿½?ï¿½ï¿½İŒv?ï¿½ï¿½A?ï¿½ï¿½f?ï¿½ï¿½v?ï¿½ï¿½?ï¿½ï¿½?ï¿½ï¿½C?ï¿½ï¿½A?ï¿½ï¿½]?ï¿½ï¿½?ï¿½ï¿½?ï¿½ï¿½?ï¿½ï¿½?ï¿½ï¿½?ï¿½ï¿½\?ï¿½ï¿½Í‚ï¿½?ï¿½ï¿½F?ï¿½ï¿½è‚³?ï¿½ï¿½?ï¿½ï¿½Ü‚ï¿½?ï¿½ï¿½B',now());


--question
INSERT INTO public."question"(test_id,question_id,text,code,right_select_count,create_datetime)
VALUES('1','1','Java?ï¿½ï¿½ÌƒN?ï¿½ï¿½?ï¿½ï¿½?ï¿½ï¿½X?ï¿½ï¿½t?ï¿½ï¿½@?ï¿½ï¿½C?ï¿½ï¿½?ï¿½ï¿½?ï¿½ï¿½ÉŠÖ‚ï¿½?ï¿½ï¿½?ï¿½ï¿½?ï¿½ï¿½?ï¿½ï¿½?ï¿½ï¿½?ï¿½ï¿½?ï¿½ï¿½?ï¿½ï¿½?ï¿½ï¿½?ï¿½ï¿½ÄA?ï¿½ï¿½?ï¿½ï¿½?ï¿½ï¿½?ï¿½ï¿½?ï¿½ï¿½?ï¿½ï¿½?ï¿½ï¿½?ï¿½ï¿½?ï¿½ï¿½Ì‚ï¿½I?ï¿½ï¿½Ñ‚È‚ï¿½?ï¿½ï¿½?ï¿½ï¿½?ï¿½ï¿½B?ï¿½ï¿½i?ï¿½ï¿½?ï¿½ï¿½Â‘I?ï¿½ï¿½?ï¿½ï¿½?ï¿½ï¿½j','','1',now());

INSERT INTO public."question"(test_id,question_id,text,code,right_select_count,create_datetime)
VALUES('1','2','DUMMY2','ABCDEFG','2',now());

INSERT INTO public."question"(test_id,question_id,text,code,right_select_count,create_datetime)
VALUES('1','3','DUMMY question 3','XXXXXXXXXXXXXXXXXXXXXXXXXXXXXXXXXXXXXXXXXXXXXXXXXXX','3',now());








INSERT INTO public.question(question_id,test_id,text,code,right_select_count,create_datetime)VALUES('1','2','?ï¿½ï¿½?ï¿½ï¿½?ï¿½ï¿½Ì‚æ‚¤?ï¿½ï¿½?ï¿½ï¿½A?ï¿½ï¿½N?ï¿½ï¿½?ï¿½ï¿½?ï¿½ï¿½X?ï¿½ï¿½?ï¿½ï¿½B?ï¿½ï¿½N?ï¿½ï¿½?ï¿½ï¿½?ï¿½ï¿½X?ï¿½ï¿½?ï¿½ï¿½?ï¿½ï¿½?ï¿½ï¿½`?ï¿½ï¿½?ï¿½ï¿½?ï¿½ï¿½?ï¿½ï¿½Ä‚ï¿½?ï¿½ï¿½?ï¿½ï¿½BMain.java?ï¿½ï¿½t?ï¿½ï¿½@?ï¿½ï¿½C?ï¿½ï¿½?ï¿½ï¿½?ï¿½ï¿½ÌƒR?ï¿½ï¿½?ï¿½ï¿½?ï¿½ï¿½p?ï¿½ï¿½C?ï¿½ï¿½?ï¿½ï¿½?ï¿½ï¿½?ï¿½ï¿½Éï¿½?ï¿½ï¿½?ï¿½ï¿½?ï¿½ï¿½?ï¿½ï¿½?ï¿½ï¿½?ï¿½ï¿½?ï¿½ï¿½N?ï¿½ï¿½?ï¿½ï¿½?ï¿½ï¿½X?ï¿½ï¿½Í‚Ç‚ê‚©?ï¿½ï¿½B?ï¿½ï¿½?ï¿½ï¿½?ï¿½ï¿½?ï¿½ï¿½?ï¿½ï¿½?ï¿½ï¿½?ï¿½ï¿½?ï¿½ï¿½?ï¿½ï¿½Ì‚ï¿½I?ï¿½ï¿½Ñ‚È‚ï¿½?ï¿½ï¿½?ï¿½ï¿½?ï¿½ï¿½B?ï¿½ï¿½i1?ï¿½ï¿½Â‘I?ï¿½ï¿½?ï¿½ï¿½?ï¿½ï¿½j','	public class A {
	}

	public class B extends A {
	}

	public class Main {
		public static void main(String[] args) {
			A a = new A();
		}
	}','1',now());
INSERT INTO public.question(question_id,test_id,text,code,right_select_count,create_datetime)VALUES('2','2','?ï¿½ï¿½?ï¿½ï¿½?ï¿½ï¿½Ìƒv?ï¿½ï¿½?ï¿½ï¿½?ï¿½ï¿½O?ï¿½ï¿½?ï¿½ï¿½?ï¿½ï¿½?ï¿½ï¿½?ï¿½ï¿½?ï¿½ï¿½?ï¿½ï¿½?ï¿½ï¿½?ï¿½ï¿½s?ï¿½ï¿½?ï¿½ï¿½?ï¿½ï¿½A?ï¿½ï¿½uT?ï¿½ï¿½v?ï¿½ï¿½?ï¿½ï¿½?ï¿½ï¿½o?ï¿½ï¿½Í‚ï¿½?ï¿½ï¿½?ï¿½ï¿½?ï¿½ï¿½æ‚¤?ï¿½ï¿½É‚ï¿½?ï¿½ï¿½?ï¿½ï¿½?ï¿½ï¿½?ï¿½ï¿½?ï¿½ï¿½B5?ï¿½ï¿½s?ï¿½ï¿½Ú‚É‘}?ï¿½ï¿½?ï¿½ï¿½?ï¿½ï¿½?ï¿½ï¿½?ï¿½ï¿½?ï¿½ï¿½R?ï¿½ï¿½[?ï¿½ï¿½h?ï¿½ï¿½Æ‚ï¿½?ï¿½ï¿½ÄA?ï¿½ï¿½?ï¿½ï¿½?ï¿½ï¿½?ï¿½ï¿½?ï¿½ï¿½?ï¿½ï¿½?ï¿½ï¿½?ï¿½ï¿½?ï¿½ï¿½Ì‚ï¿½I?ï¿½ï¿½Ñ‚È‚ï¿½?ï¿½ï¿½?ï¿½ï¿½?ï¿½ï¿½B(1?ï¿½ï¿½Â‘I?ï¿½ï¿½?ï¿½ï¿½)','	public class Main { 
		public static void main(String[] args) {
		      Game game = new Game();

		     // insert code here
		            System.out.print("T");
		      } else {
		            System.out.print("F");
		          }
		      }
}

class Game {
	boolean flag;
}','1',now());
INSERT INTO public.question(question_id,test_id,text,code,right_select_count,create_datetime)VALUES('3','2','?ï¿½ï¿½?ï¿½ï¿½?ï¿½ï¿½Ìƒv?ï¿½ï¿½?ï¿½ï¿½?ï¿½ï¿½O?ï¿½ï¿½?ï¿½ï¿½?ï¿½ï¿½?ï¿½ï¿½?ï¿½ï¿½?ï¿½ï¿½?ï¿½ï¿½R?ï¿½ï¿½?ï¿½ï¿½?ï¿½ï¿½p?ï¿½ï¿½C?ï¿½ï¿½?ï¿½ï¿½?ï¿½ï¿½A?ï¿½ï¿½?ï¿½ï¿½?ï¿½ï¿½s?ï¿½ï¿½?ï¿½ï¿½?ï¿½ï¿½?ï¿½ï¿½?ï¿½ï¿½Æ‚ï¿½?ï¿½ï¿½ÌŒï¿½?ï¿½ï¿½Ê‚Æ‚ï¿½?ï¿½ï¿½Äï¿½?ï¿½ï¿½?ï¿½ï¿½?ï¿½ï¿½?ï¿½ï¿½?ï¿½ï¿½?ï¿½ï¿½?ï¿½ï¿½Ì‚ï¿½I?ï¿½ï¿½Ñ‚È‚ï¿½?ï¿½ï¿½?ï¿½ï¿½?ï¿½ï¿½B?ï¿½ï¿½i1?ï¿½ï¿½Â‘I?ï¿½ï¿½?ï¿½ï¿½?ï¿½ï¿½j','	public class Main {
		public static void main(String[] args) {
			int a = 3 * 5;
			int b = 25 - 10;
			if (a > b)
				System.out.println("A");
			if (a < b)
				System.out.println("B");
			if (a = b)
				System.out.println("C");
			else
				System.out.println("D");
		}
	}','1',now());
INSERT INTO public.question(question_id,test_id,text,code,right_select_count,create_datetime)VALUES('4','2','?ï¿½ï¿½?ï¿½ï¿½?ï¿½ï¿½Ìƒv?ï¿½ï¿½?ï¿½ï¿½?ï¿½ï¿½O?ï¿½ï¿½?ï¿½ï¿½?ï¿½ï¿½?ï¿½ï¿½?ï¿½ï¿½?ï¿½ï¿½4?ï¿½ï¿½s?ï¿½ï¿½Ú‚É‘}?ï¿½ï¿½?ï¿½ï¿½?ï¿½ï¿½?ï¿½ï¿½?ï¿½ï¿½?ï¿½ï¿½R?ï¿½ï¿½[?ï¿½ï¿½h?ï¿½ï¿½Æ‚ï¿½?ï¿½ï¿½ÄA?ï¿½ï¿½?ï¿½ï¿½?ï¿½ï¿½?ï¿½ï¿½?ï¿½ï¿½?ï¿½ï¿½?ï¿½ï¿½?ï¿½ï¿½?ï¿½ï¿½Ì‚ï¿½I?ï¿½ï¿½Ñ‚È‚ï¿½?ï¿½ï¿½?ï¿½ï¿½?ï¿½ï¿½B?ï¿½ï¿½i1?ï¿½ï¿½Â‘I?ï¿½ï¿½?ï¿½ï¿½?ï¿½ï¿½j','	public class Main {
		public static void main(String[] args) {
			String[] sa = { "a", "b", "c" };
			// insert code here
			System.out.println(s);
		}
	}','1',now());
INSERT INTO public.question(question_id,test_id,text,code,right_select_count,create_datetime)VALUES('5','2','?ï¿½ï¿½?ï¿½ï¿½?ï¿½ï¿½Ìƒv?ï¿½ï¿½?ï¿½ï¿½?ï¿½ï¿½O?ï¿½ï¿½?ï¿½ï¿½?ï¿½ï¿½?ï¿½ï¿½?ï¿½ï¿½?ï¿½ï¿½?ï¿½ï¿½R?ï¿½ï¿½?ï¿½ï¿½?ï¿½ï¿½p?ï¿½ï¿½C?ï¿½ï¿½?ï¿½ï¿½?ï¿½ï¿½A?ï¿½ï¿½?ï¿½ï¿½?ï¿½ï¿½s?ï¿½ï¿½?ï¿½ï¿½?ï¿½ï¿½?ï¿½ï¿½?ï¿½ï¿½Æ‚ï¿½?ï¿½ï¿½ÌŒï¿½?ï¿½ï¿½Ê‚Æ‚ï¿½?ï¿½ï¿½Äï¿½?ï¿½ï¿½?ï¿½ï¿½?ï¿½ï¿½?ï¿½ï¿½?ï¿½ï¿½?ï¿½ï¿½?ï¿½ï¿½Ì‚ï¿½I?ï¿½ï¿½Ñ‚È‚ï¿½?ï¿½ï¿½?ï¿½ï¿½?ï¿½ï¿½B?ï¿½ï¿½i1?ï¿½ï¿½Â‘I?ï¿½ï¿½?ï¿½ï¿½?ï¿½ï¿½j','	public class Main {
		public static void main(String[] args) {
			int a = 0;
			do {
				a++;
				System.out.print("hi ");
			} while (a < 4);
		}
	}','1',now());
INSERT INTO public.question(question_id,test_id,text,code,right_select_count,create_datetime)VALUES('6','2','?ï¿½ï¿½?ï¿½ï¿½?ï¿½ï¿½Ìƒv?ï¿½ï¿½?ï¿½ï¿½?ï¿½ï¿½O?ï¿½ï¿½?ï¿½ï¿½?ï¿½ï¿½?ï¿½ï¿½?ï¿½ï¿½?ï¿½ï¿½?ï¿½ï¿½R?ï¿½ï¿½?ï¿½ï¿½?ï¿½ï¿½p?ï¿½ï¿½C?ï¿½ï¿½?ï¿½ï¿½?ï¿½ï¿½A?ï¿½ï¿½?ï¿½ï¿½?ï¿½ï¿½s?ï¿½ï¿½?ï¿½ï¿½?ï¿½ï¿½?ï¿½ï¿½?ï¿½ï¿½Æ‚ï¿½?ï¿½ï¿½ÌŒï¿½?ï¿½ï¿½Ê‚Æ‚ï¿½?ï¿½ï¿½ÄA?ï¿½ï¿½?ï¿½ï¿½?ï¿½ï¿½?ï¿½ï¿½?ï¿½ï¿½?ï¿½ï¿½?ï¿½ï¿½?ï¿½ï¿½?ï¿½ï¿½Ì‚ï¿½I?ï¿½ï¿½Ñ‚È‚ï¿½?ï¿½ï¿½?ï¿½ï¿½?ï¿½ï¿½B?ï¿½ï¿½i1?ï¿½ï¿½Â‘I?ï¿½ï¿½?ï¿½ï¿½?ï¿½ï¿½j','	public class Super {
		static String name;

		public void print() {
			System.out.println("Super : " + name);
		}
	}

	public class Sub extends Super {
		public static void print() {
			System.out.println("Sub : " + name);
		}

		public static void main(String[] args) {
			Super a, b;
			a = new Super();
			b = new Sub();

			a.name = "A";
			b.name = "B";

			a.print();
			b.print();
		}
	}','1',now());
INSERT INTO public.question(question_id,test_id,text,code,right_select_count,create_datetime)VALUES('7','2','?ï¿½ï¿½?ï¿½ï¿½?ï¿½ï¿½Ìƒv?ï¿½ï¿½?ï¿½ï¿½?ï¿½ï¿½O?ï¿½ï¿½?ï¿½ï¿½?ï¿½ï¿½?ï¿½ï¿½?ï¿½ï¿½?ï¿½ï¿½?ï¿½ï¿½R?ï¿½ï¿½?ï¿½ï¿½?ï¿½ï¿½p?ï¿½ï¿½C?ï¿½ï¿½?ï¿½ï¿½?ï¿½ï¿½A?ï¿½ï¿½?ï¿½ï¿½?ï¿½ï¿½s?ï¿½ï¿½?ï¿½ï¿½?ï¿½ï¿½?ï¿½ï¿½?ï¿½ï¿½Æ‚ï¿½?ï¿½ï¿½ÌŒï¿½?ï¿½ï¿½Ê‚Æ‚ï¿½?ï¿½ï¿½ÄA?ï¿½ï¿½?ï¿½ï¿½?ï¿½ï¿½?ï¿½ï¿½?ï¿½ï¿½?ï¿½ï¿½?ï¿½ï¿½?ï¿½ï¿½?ï¿½ï¿½Ì‚ï¿½I?ï¿½ï¿½Ñ‚È‚ï¿½?ï¿½ï¿½?ï¿½ï¿½?ï¿½ï¿½B?ï¿½ï¿½i1?ï¿½ï¿½Â‘I?ï¿½ï¿½?ï¿½ï¿½?ï¿½ï¿½j','	public class Parent {
		void printInfo() {
			System.out.println("parent");
		}
	}

	public class Child extends Parent {
		void printInfo() {
			System.out.println("child");
		}

		public static void main(String[] args) {
			Parent a = new Child();
			a.printInfo();
		}
	}','1',now());
INSERT INTO public.question(question_id,test_id,text,code,right_select_count,create_datetime)VALUES('8','2','?ï¿½ï¿½?ï¿½ï¿½?ï¿½ï¿½Ìƒv?ï¿½ï¿½?ï¿½ï¿½?ï¿½ï¿½O?ï¿½ï¿½?ï¿½ï¿½?ï¿½ï¿½?ï¿½ï¿½?ï¿½ï¿½?ï¿½ï¿½?ï¿½ï¿½R?ï¿½ï¿½?ï¿½ï¿½?ï¿½ï¿½p?ï¿½ï¿½C?ï¿½ï¿½?ï¿½ï¿½?ï¿½ï¿½A?ï¿½ï¿½?ï¿½ï¿½?ï¿½ï¿½s?ï¿½ï¿½?ï¿½ï¿½?ï¿½ï¿½?ï¿½ï¿½?ï¿½ï¿½Æ‚ï¿½?ï¿½ï¿½ÌŒï¿½?ï¿½ï¿½Ê‚Æ‚ï¿½?ï¿½ï¿½ÄA?ï¿½ï¿½?ï¿½ï¿½?ï¿½ï¿½?ï¿½ï¿½?ï¿½ï¿½?ï¿½ï¿½?ï¿½ï¿½?ï¿½ï¿½?ï¿½ï¿½Ì‚ï¿½I?ï¿½ï¿½Ñ‚È‚ï¿½?ï¿½ï¿½?ï¿½ï¿½?ï¿½ï¿½B?ï¿½ï¿½i1?ï¿½ï¿½Â‘I?ï¿½ï¿½?ï¿½ï¿½?ï¿½ï¿½j','	public class Main {
		public static void main(String[] args) {
			System.out.println(args[1] + "," + args[2]);
		}
	}
?ï¿½ï¿½y?ï¿½ï¿½?ï¿½ï¿½?ï¿½ï¿½s?ï¿½ï¿½?ï¿½ï¿½?ï¿½ï¿½@?ï¿½ï¿½z
java Main easy normal hard','1',now());
INSERT INTO public.question(question_id,test_id,text,code,right_select_count,create_datetime)VALUES('9','2','?ï¿½ï¿½?ï¿½ï¿½?ï¿½ï¿½Ìƒv?ï¿½ï¿½?ï¿½ï¿½?ï¿½ï¿½O?ï¿½ï¿½?ï¿½ï¿½?ï¿½ï¿½?ï¿½ï¿½?ï¿½ï¿½?ï¿½ï¿½2?ï¿½ï¿½s?ï¿½ï¿½Ú‚É‘}?ï¿½ï¿½?ï¿½ï¿½?ï¿½ï¿½?ï¿½ï¿½?ï¿½ï¿½?ï¿½ï¿½R?ï¿½ï¿½[?ï¿½ï¿½h?ï¿½ï¿½Æ‚ï¿½?ï¿½ï¿½ÄA?ï¿½ï¿½?ï¿½ï¿½?ï¿½ï¿½?ï¿½ï¿½?ï¿½ï¿½?ï¿½ï¿½?ï¿½ï¿½?ï¿½ï¿½?ï¿½ï¿½Ì‚ï¿½I?ï¿½ï¿½Ñ‚È‚ï¿½?ï¿½ï¿½?ï¿½ï¿½?ï¿½ï¿½B?ï¿½ï¿½i2?ï¿½ï¿½Â‘I?ï¿½ï¿½?ï¿½ï¿½?ï¿½ï¿½j','	
	public interface Sample {
	       // insert code here 
	 }','2',now());
INSERT INTO public.question(question_id,test_id,text,code,right_select_count,create_datetime)VALUES('10','2','?ï¿½ï¿½?ï¿½ï¿½?ï¿½ï¿½Ì‚ï¿½?ï¿½ï¿½?ï¿½ï¿½?ï¿½ï¿½A?ï¿½ï¿½N?ï¿½ï¿½?ï¿½ï¿½?ï¿½ï¿½X?ï¿½ï¿½éŒ¾?ï¿½ï¿½Æ‚ï¿½?ï¿½ï¿½Ä—L?ï¿½ï¿½?ï¿½ï¿½?ï¿½ï¿½È‚ï¿½?ï¿½ï¿½Ì‚ï¿½I?ï¿½ï¿½Ñ‚È‚ï¿½?ï¿½ï¿½?ï¿½ï¿½?ï¿½ï¿½B?ï¿½ï¿½i3?ï¿½ï¿½Â‘I?ï¿½ï¿½?ï¿½ï¿½?ï¿½ï¿½j','','3',now());
INSERT INTO public.question(question_id,test_id,text,code,right_select_count,create_datetime)VALUES('11','2',' ?ï¿½ï¿½?ï¿½ï¿½?ï¿½ï¿½Ìƒv?ï¿½ï¿½?ï¿½ï¿½?ï¿½ï¿½O?ï¿½ï¿½?ï¿½ï¿½?ï¿½ï¿½?ï¿½ï¿½?ï¿½ï¿½?ï¿½ï¿½?ï¿½ï¿½?ï¿½ï¿½?ï¿½ï¿½s?ï¿½ï¿½?ï¿½ï¿½?ï¿½ï¿½?ï¿½ï¿½ÆA?ï¿½ï¿½uB, A?ï¿½ï¿½v?ï¿½ï¿½Æ•\?ï¿½ï¿½?ï¿½ï¿½?ï¿½ï¿½?ï¿½ï¿½?ï¿½ï¿½?ï¿½ï¿½?ï¿½ï¿½æ‚¤?ï¿½ï¿½É‚ï¿½?ï¿½ï¿½?ï¿½ï¿½?ï¿½ï¿½?ï¿½ï¿½?ï¿½ï¿½B?ï¿½ï¿½È‰ï¿½?ï¿½ï¿½Ì‹ó—“‚É‚ï¿½?ï¿½ï¿½Ä‚Í‚Ü‚ï¿½R?ï¿½ï¿½[?ï¿½ï¿½h?ï¿½ï¿½?ï¿½ï¿½I?ï¿½ï¿½Ñ‚È‚ï¿½?ï¿½ï¿½?ï¿½ï¿½?ï¿½ï¿½B?ï¿½ï¿½i1?ï¿½ï¿½Â‘I?ï¿½ï¿½?ï¿½ï¿½?ï¿½ï¿½j','	public class B extends A {
		String name = "B";

		public void print() {
	        System.out.println(name + ", " + );
	     }

		public static void main(String[] args) {
			B b = new B();
			b.print();
		}
	}

	class A {
		String name = "A";
	}','1',now());
INSERT INTO public.question(question_id,test_id,text,code,right_select_count,create_datetime)VALUES('12','2','?ï¿½ï¿½?ï¿½ï¿½?ï¿½ï¿½Ìƒv?ï¿½ï¿½?ï¿½ï¿½?ï¿½ï¿½O?ï¿½ï¿½?ï¿½ï¿½?ï¿½ï¿½?ï¿½ï¿½?ï¿½ï¿½?ï¿½ï¿½?ï¿½ï¿½R?ï¿½ï¿½?ï¿½ï¿½?ï¿½ï¿½p?ï¿½ï¿½C?ï¿½ï¿½?ï¿½ï¿½?ï¿½ï¿½A?ï¿½ï¿½?ï¿½ï¿½?ï¿½ï¿½s?ï¿½ï¿½?ï¿½ï¿½?ï¿½ï¿½?ï¿½ï¿½?ï¿½ï¿½Æ‚ï¿½?ï¿½ï¿½ÌŒï¿½?ï¿½ï¿½Ê‚Æ‚ï¿½?ï¿½ï¿½ÄA?ï¿½ï¿½?ï¿½ï¿½?ï¿½ï¿½?ï¿½ï¿½?ï¿½ï¿½?ï¿½ï¿½?ï¿½ï¿½?ï¿½ï¿½?ï¿½ï¿½Ì‚ï¿½I?ï¿½ï¿½Ñ‚È‚ï¿½?ï¿½ï¿½?ï¿½ï¿½?ï¿½ï¿½B?ï¿½ï¿½i1?ï¿½ï¿½Â‘I?ï¿½ï¿½?ï¿½ï¿½?ï¿½ï¿½j','	public class Main {
		public static void main(String[] args) {
			String a1 = "A";
			String a2 = new String("A");
			String a3 = new String("A");

			if (a1 == a2) {
				System.out.print("a1 == a2 ");
			} else {
				System.out.print("a1 != a2 ");
			}
			if (a2 == a3) {
				System.out.print("a2 == a3");
			} else {
				System.out.print("a2 != a3");
			}
		}
	}','1',now());
INSERT INTO public.question(question_id,test_id,text,code,right_select_count,create_datetime)VALUES('13','2','?ï¿½ï¿½?ï¿½ï¿½?ï¿½ï¿½Ìƒv?ï¿½ï¿½?ï¿½ï¿½?ï¿½ï¿½O?ï¿½ï¿½?ï¿½ï¿½?ï¿½ï¿½?ï¿½ï¿½?ï¿½ï¿½?ï¿½ï¿½?ï¿½ï¿½R?ï¿½ï¿½?ï¿½ï¿½?ï¿½ï¿½p?ï¿½ï¿½C?ï¿½ï¿½?ï¿½ï¿½?ï¿½ï¿½A?ï¿½ï¿½?ï¿½ï¿½?ï¿½ï¿½s?ï¿½ï¿½?ï¿½ï¿½?ï¿½ï¿½?ï¿½ï¿½?ï¿½ï¿½Æ‚ï¿½?ï¿½ï¿½ÌŒï¿½?ï¿½ï¿½Ê‚Æ‚ï¿½?ï¿½ï¿½ÄA?ï¿½ï¿½?ï¿½ï¿½?ï¿½ï¿½?ï¿½ï¿½?ï¿½ï¿½?ï¿½ï¿½?ï¿½ï¿½?ï¿½ï¿½?ï¿½ï¿½Ì‚ï¿½I?ï¿½ï¿½Ñ‚È‚ï¿½?ï¿½ï¿½?ï¿½ï¿½?ï¿½ï¿½B?ï¿½ï¿½i1?ï¿½ï¿½Â‘I?ï¿½ï¿½?ï¿½ï¿½?ï¿½ï¿½j','	public class B extends A {
		void test() {
			System.out.println("B");
		}

		public static void main(String[] args) {
			B b = new B();
			A a = b;
			a.test();
		}
	}

	class A {
		void test() {
			System.out.println("A");
		}
	}','1',now());
INSERT INTO public.question(question_id,test_id,text,code,right_select_count,create_datetime)VALUES('14','2','?ï¿½ï¿½?ï¿½ï¿½?ï¿½ï¿½Ìƒv?ï¿½ï¿½?ï¿½ï¿½?ï¿½ï¿½O?ï¿½ï¿½?ï¿½ï¿½?ï¿½ï¿½?ï¿½ï¿½?ï¿½ï¿½?ï¿½ï¿½?ï¿½ï¿½R?ï¿½ï¿½?ï¿½ï¿½?ï¿½ï¿½p?ï¿½ï¿½C?ï¿½ï¿½?ï¿½ï¿½?ï¿½ï¿½A?ï¿½ï¿½?ï¿½ï¿½?ï¿½ï¿½s?ï¿½ï¿½?ï¿½ï¿½?ï¿½ï¿½?ï¿½ï¿½?ï¿½ï¿½?ï¿½ï¿½?ï¿½ï¿½Ê‚Æ‚ï¿½?ï¿½ï¿½ÄA?ï¿½ï¿½?ï¿½ï¿½?ï¿½ï¿½?ï¿½ï¿½?ï¿½ï¿½?ï¿½ï¿½?ï¿½ï¿½?ï¿½ï¿½?ï¿½ï¿½Ì‚ï¿½I?ï¿½ï¿½Ñ‚È‚ï¿½?ï¿½ï¿½?ï¿½ï¿½?ï¿½ï¿½B?ï¿½ï¿½i1?ï¿½ï¿½Â‘I?ï¿½ï¿½?ï¿½ï¿½?ï¿½ï¿½j','	public class Main {
		public static void main(String[] args) {
			int i = 1;
			double d = 1.0;
			double num = i * d;
			switch (num) {
			case 1:
				System.out.print("1");
			case 1.0:
				System.out.print("1.0");
				break;
			default:
				System.out.print("default");
			}
		}
	}','1',now());
INSERT INTO public.question(question_id,test_id,text,code,right_select_count,create_datetime)VALUES('15','2','Web?ï¿½ï¿½x?ï¿½ï¿½[?ï¿½ï¿½X?ï¿½ï¿½ÌƒV?ï¿½ï¿½X?ï¿½ï¿½e?ï¿½ï¿½?ï¿½ï¿½?ï¿½ï¿½?ï¿½ï¿½?ï¿½ï¿½J?ï¿½ï¿½?ï¿½ï¿½?ï¿½ï¿½?ï¿½ï¿½?ï¿½ï¿½?ï¿½ï¿½É‚ÍA?ï¿½ï¿½Ç‚ï¿½Java?ï¿½ï¿½e?ï¿½ï¿½N?ï¿½ï¿½m?ï¿½ï¿½?ï¿½ï¿½?ï¿½ï¿½W?ï¿½ï¿½[?ï¿½ï¿½?ï¿½ï¿½?ï¿½ï¿½g?ï¿½ï¿½?ï¿½ï¿½?ï¿½ï¿½Î‚æ‚¢?ï¿½ï¿½?ï¿½ï¿½?ï¿½ï¿½B?ï¿½ï¿½Å“K?ï¿½ï¿½È‚ï¿½?ï¿½ï¿½Ì‚ï¿½I?ï¿½ï¿½Ñ‚È‚ï¿½?ï¿½ï¿½?ï¿½ï¿½?ï¿½ï¿½B?ï¿½ï¿½i1?ï¿½ï¿½Â‘I?ï¿½ï¿½?ï¿½ï¿½?ï¿½ï¿½j','','1',now());
INSERT INTO public.question(question_id,test_id,text,code,right_select_count,create_datetime)VALUES('16','2','?ï¿½ï¿½?ï¿½ï¿½?ï¿½ï¿½Ìƒv?ï¿½ï¿½?ï¿½ï¿½?ï¿½ï¿½O?ï¿½ï¿½?ï¿½ï¿½?ï¿½ï¿½?ï¿½ï¿½?ï¿½ï¿½?ï¿½ï¿½?ï¿½ï¿½R?ï¿½ï¿½?ï¿½ï¿½?ï¿½ï¿½p?ï¿½ï¿½C?ï¿½ï¿½?ï¿½ï¿½?ï¿½ï¿½A?ï¿½ï¿½?ï¿½ï¿½?ï¿½ï¿½s?ï¿½ï¿½?ï¿½ï¿½?ï¿½ï¿½?ï¿½ï¿½?ï¿½ï¿½Æ‚ï¿½?ï¿½ï¿½ÌŒï¿½?ï¿½ï¿½Ê‚Æ‚ï¿½?ï¿½ï¿½ÄA?ï¿½ï¿½?ï¿½ï¿½?ï¿½ï¿½?ï¿½ï¿½?ï¿½ï¿½?ï¿½ï¿½?ï¿½ï¿½?ï¿½ï¿½?ï¿½ï¿½Ì‚ï¿½I?ï¿½ï¿½Ñ‚È‚ï¿½?ï¿½ï¿½?ï¿½ï¿½?ï¿½ï¿½B?ï¿½ï¿½i1?ï¿½ï¿½Â‘I?ï¿½ï¿½?ï¿½ï¿½?ï¿½ï¿½j','	public class Sample {
		String name;

		public void print() {
			System.out.println(name);
		}

		public static void main(String[] args) {
			Sample s1;
			Sample s2;
			s1.name = "A";
			s2.name = "B";
			s1.print();
			s2.print();
		}
	}','1',now());
INSERT INTO public.question(question_id,test_id,text,code,right_select_count,create_datetime)VALUES('17','2','JVM?ï¿½ï¿½iJava Virtual Machine?ï¿½ï¿½j?ï¿½ï¿½ÉŠÖ‚ï¿½?ï¿½ï¿½?ï¿½ï¿½?ï¿½ï¿½?ï¿½ï¿½?ï¿½ï¿½?ï¿½ï¿½Æ‚ï¿½?ï¿½ï¿½ÄA?ï¿½ï¿½?ï¿½ï¿½?ï¿½ï¿½?ï¿½ï¿½?ï¿½ï¿½?ï¿½ï¿½?ï¿½ï¿½?ï¿½ï¿½?ï¿½ï¿½Ì‚ï¿½I?ï¿½ï¿½Ñ‚È‚ï¿½?ï¿½ï¿½?ï¿½ï¿½?ï¿½ï¿½B?ï¿½ï¿½i1?ï¿½ï¿½Â‘I?ï¿½ï¿½?ï¿½ï¿½?ï¿½ï¿½j','','1',now());
INSERT INTO public.question(question_id,test_id,text,code,right_select_count,create_datetime)VALUES('18','2','?ï¿½ï¿½?ï¿½ï¿½?ï¿½ï¿½Ìƒv?ï¿½ï¿½?ï¿½ï¿½?ï¿½ï¿½O?ï¿½ï¿½?ï¿½ï¿½?ï¿½ï¿½?ï¿½ï¿½?ï¿½ï¿½?ï¿½ï¿½?ï¿½ï¿½R?ï¿½ï¿½?ï¿½ï¿½?ï¿½ï¿½p?ï¿½ï¿½C?ï¿½ï¿½?ï¿½ï¿½?ï¿½ï¿½A?ï¿½ï¿½?ï¿½ï¿½?ï¿½ï¿½s?ï¿½ï¿½?ï¿½ï¿½?ï¿½ï¿½?ï¿½ï¿½?ï¿½ï¿½Æ‚ï¿½?ï¿½ï¿½ÌŒï¿½?ï¿½ï¿½Ê‚Æ‚ï¿½?ï¿½ï¿½ÄA?ï¿½ï¿½?ï¿½ï¿½?ï¿½ï¿½?ï¿½ï¿½?ï¿½ï¿½?ï¿½ï¿½?ï¿½ï¿½?ï¿½ï¿½?ï¿½ï¿½Ì‚ï¿½I?ï¿½ï¿½Ñ‚È‚ï¿½?ï¿½ï¿½?ï¿½ï¿½?ï¿½ï¿½B?ï¿½ï¿½i1?ï¿½ï¿½Â‘I?ï¿½ï¿½?ï¿½ï¿½?ï¿½ï¿½j','	public class Main {
		public static void main(String[] args) {
			int i = 3;
			while (i >= 0) {
				System.out.println(i--);
			}
		}
	}','1',now());
INSERT INTO public.question(question_id,test_id,text,code,right_select_count,create_datetime)VALUES('19','2','?ï¿½ï¿½?ï¿½ï¿½?ï¿½ï¿½Ì‚ï¿½?ï¿½ï¿½?ï¿½ï¿½?ï¿½ï¿½A?ï¿½ï¿½R?ï¿½ï¿½?ï¿½ï¿½?ï¿½ï¿½p?ï¿½ï¿½C?ï¿½ï¿½?ï¿½ï¿½?ï¿½ï¿½G?ï¿½ï¿½?ï¿½ï¿½?ï¿½ï¿½[?ï¿½ï¿½Æ‚È‚ï¿½?ï¿½ï¿½?ï¿½ï¿½Ì‚ï¿½I?ï¿½ï¿½Ñ‚È‚ï¿½?ï¿½ï¿½?ï¿½ï¿½?ï¿½ï¿½B?ï¿½ï¿½i1?ï¿½ï¿½Â‘I?ï¿½ï¿½?ï¿½ï¿½?ï¿½ï¿½j','','1',now());
INSERT INTO public.question(question_id,test_id,text,code,right_select_count,create_datetime)VALUES('20','2','?ï¿½ï¿½?ï¿½ï¿½?ï¿½ï¿½Ì‚ï¿½?ï¿½ï¿½?ï¿½ï¿½?ï¿½ï¿½Aprivate?ï¿½ï¿½L?ï¿½ï¿½[?ï¿½ï¿½?ï¿½ï¿½?ï¿½ï¿½[?ï¿½ï¿½h?ï¿½ï¿½ÅC?ï¿½ï¿½?ï¿½ï¿½?ï¿½ï¿½Å‚ï¿½?ï¿½ï¿½È‚ï¿½?ï¿½ï¿½?ï¿½ï¿½?ï¿½ï¿½Ì‚ï¿½I?ï¿½ï¿½Ñ‚È‚ï¿½?ï¿½ï¿½?ï¿½ï¿½?ï¿½ï¿½B?ï¿½ï¿½i3?ï¿½ï¿½Â‘I?ï¿½ï¿½?ï¿½ï¿½?ï¿½ï¿½j','','3',now());
INSERT INTO public.question(question_id,test_id,text,code,right_select_count,create_datetime)VALUES('21','2','?ï¿½ï¿½?ï¿½ï¿½?ï¿½ï¿½Ìƒv?ï¿½ï¿½?ï¿½ï¿½?ï¿½ï¿½O?ï¿½ï¿½?ï¿½ï¿½?ï¿½ï¿½?ï¿½ï¿½?ï¿½ï¿½?ï¿½ï¿½?ï¿½ï¿½R?ï¿½ï¿½?ï¿½ï¿½?ï¿½ï¿½p?ï¿½ï¿½C?ï¿½ï¿½?ï¿½ï¿½?ï¿½ï¿½A?ï¿½ï¿½?ï¿½ï¿½?ï¿½ï¿½s?ï¿½ï¿½?ï¿½ï¿½?ï¿½ï¿½?ï¿½ï¿½?ï¿½ï¿½Æ‚ï¿½?ï¿½ï¿½ÌŒï¿½?ï¿½ï¿½Ê‚Æ‚ï¿½?ï¿½ï¿½ÄA?ï¿½ï¿½?ï¿½ï¿½?ï¿½ï¿½?ï¿½ï¿½?ï¿½ï¿½?ï¿½ï¿½?ï¿½ï¿½?ï¿½ï¿½?ï¿½ï¿½Ì‚ï¿½I?ï¿½ï¿½Ñ‚È‚ï¿½?ï¿½ï¿½?ï¿½ï¿½?ï¿½ï¿½B?ï¿½ï¿½i1?ï¿½ï¿½Â‘I?ï¿½ï¿½?ï¿½ï¿½?ï¿½ï¿½j','	class B extends A {
		int b, c;

		B(int num) {
			b = num;
		}

		B(int num, int num2) {
			this(num);
			c = num2;
		}
	}

	class A {
		int a;

		A() {
			a = 1;
		}

		A(int num) {
			a = num;
		}
	}

	public class Main {
		public static void main(String[] args) {
			B b = new B(2, 3);
			System.out.println(b.a + "," + b.b + "," + b.c);
		}
	}','1',now());
INSERT INTO public.question(question_id,test_id,text,code,right_select_count,create_datetime)VALUES('22','2','private?ï¿½ï¿½?ï¿½ï¿½?ï¿½ï¿½\?ï¿½ï¿½b?ï¿½ï¿½h?ï¿½ï¿½Ö‚ÌƒA?ï¿½ï¿½N?ï¿½ï¿½Z?ï¿½ï¿½X?ï¿½ï¿½ÉŠÖ‚ï¿½?ï¿½ï¿½?ï¿½ï¿½?ï¿½ï¿½?ï¿½ï¿½?ï¿½ï¿½?ï¿½ï¿½Æ‚ï¿½?ï¿½ï¿½ÄA?ï¿½ï¿½?ï¿½ï¿½?ï¿½ï¿½?ï¿½ï¿½?ï¿½ï¿½?ï¿½ï¿½?ï¿½ï¿½?ï¿½ï¿½?ï¿½ï¿½Ì‚ï¿½I?ï¿½ï¿½Ñ‚È‚ï¿½?ï¿½ï¿½?ï¿½ï¿½?ï¿½ï¿½B?ï¿½ï¿½i1?ï¿½ï¿½Â‘I?ï¿½ï¿½?ï¿½ï¿½?ï¿½ï¿½j','','1',now());
INSERT INTO public.question(question_id,test_id,text,code,right_select_count,create_datetime)VALUES('23','2','?ï¿½ï¿½?ï¿½ï¿½?ï¿½ï¿½Ìƒv?ï¿½ï¿½?ï¿½ï¿½?ï¿½ï¿½O?ï¿½ï¿½?ï¿½ï¿½?ï¿½ï¿½?ï¿½ï¿½?ï¿½ï¿½ÌƒR?ï¿½ï¿½?ï¿½ï¿½?ï¿½ï¿½p?ï¿½ï¿½C?ï¿½ï¿½?ï¿½ï¿½?ï¿½ï¿½?ï¿½ï¿½ï¿½?ï¿½ï¿½?ï¿½ï¿½?ï¿½ï¿½?ï¿½ï¿½?ï¿½ï¿½é‚½?ï¿½ï¿½ß‚É‚ÍA?ï¿½ï¿½?ï¿½ï¿½É‚Ç‚ÌƒR?ï¿½ï¿½[?ï¿½ï¿½h?ï¿½ï¿½?ï¿½ï¿½Ç‰ï¿½?ï¿½ï¿½?ï¿½ï¿½?ï¿½ï¿½?ï¿½ï¿½Î‚æ‚¢?ï¿½ï¿½?ï¿½ï¿½?ï¿½ï¿½B?ï¿½ï¿½?ï¿½ï¿½?ï¿½ï¿½?ï¿½ï¿½?ï¿½ï¿½?ï¿½ï¿½?ï¿½ï¿½?ï¿½ï¿½?ï¿½ï¿½Ì‚ï¿½I?ï¿½ï¿½Ñ‚È‚ï¿½?ï¿½ï¿½?ï¿½ï¿½?ï¿½ï¿½B?ï¿½ï¿½i1?ï¿½ï¿½Â‘I?ï¿½ï¿½?ï¿½ï¿½?ï¿½ï¿½j','	public class Main {
	     public static void main(String[] args) {
	      hello();
	   }
	        ?ï¿½ï¿½i?ï¿½ï¿½?ï¿½ï¿½j   void hello() {
	   System.out.println("hello");
	      }
	  }','1',now());
INSERT INTO public.question(question_id,test_id,text,code,right_select_count,create_datetime)VALUES('24','2',' ?ï¿½ï¿½?ï¿½ï¿½?ï¿½ï¿½Ìƒv?ï¿½ï¿½?ï¿½ï¿½?ï¿½ï¿½O?ï¿½ï¿½?ï¿½ï¿½?ï¿½ï¿½?ï¿½ï¿½?ï¿½ï¿½?ï¿½ï¿½?ï¿½ï¿½R?ï¿½ï¿½?ï¿½ï¿½?ï¿½ï¿½p?ï¿½ï¿½C?ï¿½ï¿½?ï¿½ï¿½?ï¿½ï¿½A?ï¿½ï¿½?ï¿½ï¿½?ï¿½ï¿½s?ï¿½ï¿½?ï¿½ï¿½?ï¿½ï¿½?ï¿½ï¿½?ï¿½ï¿½Æ‚ï¿½?ï¿½ï¿½Ìï¿½?ï¿½ï¿½?ï¿½ï¿½?ï¿½ï¿½Æ‚ï¿½?ï¿½ï¿½ÄA?ï¿½ï¿½?ï¿½ï¿½?ï¿½ï¿½?ï¿½ï¿½?ï¿½ï¿½?ï¿½ï¿½?ï¿½ï¿½?ï¿½ï¿½?ï¿½ï¿½Ì‚ï¿½I?ï¿½ï¿½Ñ‚È‚ï¿½?ï¿½ï¿½?ï¿½ï¿½?ï¿½ï¿½B?ï¿½ï¿½i1?ï¿½ï¿½Â‘I?ï¿½ï¿½?ï¿½ï¿½?ï¿½ï¿½j','	class A {
		private int num = 10;

		void print() {
			System.out.println(num);
		}
	}

	public class B extends A {
		public static void main(String[] args) {
			B b = new B();
			b.print();
		}
	}','1',now());
INSERT INTO public.question(question_id,test_id,text,code,right_select_count,create_datetime)VALUES('25','2','?ï¿½ï¿½?ï¿½ï¿½?ï¿½ï¿½Ìƒv?ï¿½ï¿½?ï¿½ï¿½?ï¿½ï¿½O?ï¿½ï¿½?ï¿½ï¿½?ï¿½ï¿½?ï¿½ï¿½?ï¿½ï¿½ÌƒR?ï¿½ï¿½?ï¿½ï¿½?ï¿½ï¿½p?ï¿½ï¿½C?ï¿½ï¿½?ï¿½ï¿½?ï¿½ï¿½?ï¿½ï¿½ï¿½?ï¿½ï¿½?ï¿½ï¿½?ï¿½ï¿½?ï¿½ï¿½?ï¿½ï¿½?ï¿½ï¿½É‚ÍATest?ï¿½ï¿½N?ï¿½ï¿½?ï¿½ï¿½?ï¿½ï¿½X?ï¿½ï¿½?ï¿½ï¿½5?ï¿½ï¿½s?ï¿½ï¿½Ú‚É‚Ç‚ÌƒR?ï¿½ï¿½[?ï¿½ï¿½h?ï¿½ï¿½?ï¿½ï¿½Ç‰ï¿½?ï¿½ï¿½?ï¿½ï¿½?ï¿½ï¿½?ï¿½ï¿½Î‚æ‚¢?ï¿½ï¿½?ï¿½ï¿½?ï¿½ï¿½B?ï¿½ï¿½?ï¿½ï¿½?ï¿½ï¿½?ï¿½ï¿½?ï¿½ï¿½?ï¿½ï¿½?ï¿½ï¿½?ï¿½ï¿½?ï¿½ï¿½Ì‚ï¿½I?ï¿½ï¿½Ñ‚È‚ï¿½?ï¿½ï¿½?ï¿½ï¿½?ï¿½ï¿½B?ï¿½ï¿½i1?ï¿½ï¿½Â‘I?ï¿½ï¿½?ï¿½ï¿½?ï¿½ï¿½j','	class Test {
		private String a, b;
		private String c = "C";

		public Test() {
			// insert code here
		}

		public Test(String b) {
			this.b = b;
		}

		public void print() {
			System.out.println(a + "," + b);
		}
	}','1',now());
INSERT INTO public.question(question_id,test_id,text,code,right_select_count,create_datetime)VALUES('26','2','?ï¿½ï¿½?ï¿½ï¿½?ï¿½ï¿½Ìƒv?ï¿½ï¿½?ï¿½ï¿½?ï¿½ï¿½O?ï¿½ï¿½?ï¿½ï¿½?ï¿½ï¿½?ï¿½ï¿½?ï¿½ï¿½?ï¿½ï¿½?ï¿½ï¿½R?ï¿½ï¿½?ï¿½ï¿½?ï¿½ï¿½p?ï¿½ï¿½C?ï¿½ï¿½?ï¿½ï¿½?ï¿½ï¿½A?ï¿½ï¿½?ï¿½ï¿½?ï¿½ï¿½s?ï¿½ï¿½?ï¿½ï¿½?ï¿½ï¿½?ï¿½ï¿½?ï¿½ï¿½Æ‚ï¿½?ï¿½ï¿½ÌŒï¿½?ï¿½ï¿½Ê‚Æ‚ï¿½?ï¿½ï¿½ÄA?ï¿½ï¿½?ï¿½ï¿½?ï¿½ï¿½?ï¿½ï¿½?ï¿½ï¿½?ï¿½ï¿½?ï¿½ï¿½?ï¿½ï¿½?ï¿½ï¿½Ì‚ï¿½I?ï¿½ï¿½Ñ‚È‚ï¿½?ï¿½ï¿½?ï¿½ï¿½?ï¿½ï¿½B?ï¿½ï¿½i1?ï¿½ï¿½Â‘I?ï¿½ï¿½?ï¿½ï¿½?ï¿½ï¿½j','	class Sample {
		public String val;
	}

	public class Main {
		public static void main(String[] args) {
			Sample s = new Sample();
			if (s.val == "") {
				s.val = "test";
			}
			System.out.println(s.val);
		}
	}','1',now());
INSERT INTO public.question(question_id,test_id,text,code,right_select_count,create_datetime)VALUES('27','2','?ï¿½ï¿½A?ï¿½ï¿½N?ï¿½ï¿½Z?ï¿½ï¿½X?ï¿½ï¿½C?ï¿½ï¿½?ï¿½ï¿½?ï¿½ï¿½qprivate?ï¿½ï¿½ÅC?ï¿½ï¿½?ï¿½ï¿½?ï¿½ï¿½Å‚ï¿½?ï¿½ï¿½?ï¿½ï¿½v?ï¿½ï¿½f?ï¿½ï¿½Æ‚ï¿½?ï¿½ï¿½ÄA?ï¿½ï¿½?ï¿½ï¿½?ï¿½ï¿½?ï¿½ï¿½?ï¿½ï¿½?ï¿½ï¿½?ï¿½ï¿½?ï¿½ï¿½?ï¿½ï¿½Ì‚ï¿½I?ï¿½ï¿½Ñ‚È‚ï¿½?ï¿½ï¿½?ï¿½ï¿½?ï¿½ï¿½B?ï¿½ï¿½i1?ï¿½ï¿½Â‘I?ï¿½ï¿½?ï¿½ï¿½?ï¿½ï¿½j','','1',now());
INSERT INTO public.question(question_id,test_id,text,code,right_select_count,create_datetime)VALUES('28','2','?ï¿½ï¿½?ï¿½ï¿½?ï¿½ï¿½Ìƒv?ï¿½ï¿½?ï¿½ï¿½?ï¿½ï¿½O?ï¿½ï¿½?ï¿½ï¿½?ï¿½ï¿½?ï¿½ï¿½?ï¿½ï¿½?ï¿½ï¿½?ï¿½ï¿½R?ï¿½ï¿½?ï¿½ï¿½?ï¿½ï¿½p?ï¿½ï¿½C?ï¿½ï¿½?ï¿½ï¿½?ï¿½ï¿½A?ï¿½ï¿½?ï¿½ï¿½?ï¿½ï¿½s?ï¿½ï¿½?ï¿½ï¿½?ï¿½ï¿½?ï¿½ï¿½?ï¿½ï¿½Æ‚ï¿½?ï¿½ï¿½ÌŒï¿½?ï¿½ï¿½Ê‚Æ‚ï¿½?ï¿½ï¿½ÄA?ï¿½ï¿½?ï¿½ï¿½?ï¿½ï¿½?ï¿½ï¿½?ï¿½ï¿½?ï¿½ï¿½?ï¿½ï¿½?ï¿½ï¿½?ï¿½ï¿½Ì‚ï¿½I?ï¿½ï¿½Ñ‚È‚ï¿½?ï¿½ï¿½?ï¿½ï¿½?ï¿½ï¿½B?ï¿½ï¿½i1?ï¿½ï¿½Â‘I?ï¿½ï¿½?ï¿½ï¿½?ï¿½ï¿½j','	public class Main {
		public static void main(String[] args) {
			System.out.println(args[0] + args[1]);
		}
	}
?ï¿½ï¿½y?ï¿½ï¿½?ï¿½ï¿½?ï¿½ï¿½s?ï¿½ï¿½?ï¿½ï¿½?ï¿½ï¿½@?ï¿½ï¿½z
java Main test','1',now());
INSERT INTO public.question(question_id,test_id,text,code,right_select_count,create_datetime)VALUES('29','2','?ï¿½ï¿½?ï¿½ï¿½?ï¿½ï¿½Ìƒv?ï¿½ï¿½?ï¿½ï¿½?ï¿½ï¿½O?ï¿½ï¿½?ï¿½ï¿½?ï¿½ï¿½?ï¿½ï¿½?ï¿½ï¿½?ï¿½ï¿½?ï¿½ï¿½R?ï¿½ï¿½?ï¿½ï¿½?ï¿½ï¿½p?ï¿½ï¿½C?ï¿½ï¿½?ï¿½ï¿½?ï¿½ï¿½A?ï¿½ï¿½?ï¿½ï¿½?ï¿½ï¿½s?ï¿½ï¿½?ï¿½ï¿½?ï¿½ï¿½?ï¿½ï¿½?ï¿½ï¿½Æ‚ï¿½?ï¿½ï¿½ÌŒï¿½?ï¿½ï¿½Ê‚Æ‚ï¿½?ï¿½ï¿½ÄA?ï¿½ï¿½?ï¿½ï¿½?ï¿½ï¿½?ï¿½ï¿½?ï¿½ï¿½?ï¿½ï¿½?ï¿½ï¿½?ï¿½ï¿½?ï¿½ï¿½Ì‚ï¿½I?ï¿½ï¿½Ñ‚È‚ï¿½?ï¿½ï¿½?ï¿½ï¿½?ï¿½ï¿½B?ï¿½ï¿½i1?ï¿½ï¿½Â‘I?ï¿½ï¿½?ï¿½ï¿½?ï¿½ï¿½j','	public interface A {
		int test(int x, int y);
	}

	public class B implements A {
		public int test(int a, int b) {
			return (a * b) / 2;
		}
	}

	public class C implements A {
		public int test(int c, int d) {
			return (int) (3.2 * (c * d));
		}
	}

	public class Main {
		public static void main(String[] args) {
			A[] array = { new B(), new C() };
			System.out.print(array[0].test(3, 2) + " ");
			System.out.println(array[1].test(3, 2));
		}
	}','1',now());
INSERT INTO public.question(question_id,test_id,text,code,right_select_count,create_datetime)VALUES('30','2','?ï¿½ï¿½?ï¿½ï¿½?ï¿½ï¿½Ìƒv?ï¿½ï¿½?ï¿½ï¿½?ï¿½ï¿½O?ï¿½ï¿½?ï¿½ï¿½?ï¿½ï¿½?ï¿½ï¿½?ï¿½ï¿½?ï¿½ï¿½?ï¿½ï¿½R?ï¿½ï¿½?ï¿½ï¿½?ï¿½ï¿½p?ï¿½ï¿½C?ï¿½ï¿½?ï¿½ï¿½?ï¿½ï¿½A?ï¿½ï¿½?ï¿½ï¿½?ï¿½ï¿½s?ï¿½ï¿½?ï¿½ï¿½?ï¿½ï¿½?ï¿½ï¿½?ï¿½ï¿½Æ‚ï¿½?ï¿½ï¿½ÌŒï¿½?ï¿½ï¿½Ê‚Æ‚ï¿½?ï¿½ï¿½ÄA?ï¿½ï¿½?ï¿½ï¿½?ï¿½ï¿½?ï¿½ï¿½?ï¿½ï¿½?ï¿½ï¿½?ï¿½ï¿½?ï¿½ï¿½?ï¿½ï¿½Ì‚ï¿½I?ï¿½ï¿½Ñ‚È‚ï¿½?ï¿½ï¿½?ï¿½ï¿½?ï¿½ï¿½B?ï¿½ï¿½i1?ï¿½ï¿½Â‘I?ï¿½ï¿½?ï¿½ï¿½?ï¿½ï¿½j','
	public class Shape {
		public void print() {
			System.out.println("shape");
		}
	}

	public class Triangle extends Shape {
		public void print() {
			System.out.println("triangle");
		}
	}

	public class Main {
		public static void main(String[] args) {
			Shape s = new Shape();
			Triangle t = (Triangle) s;
			t.print();
		}
	}','1',now());
INSERT INTO public.question(question_id,test_id,text,code,right_select_count,create_datetime)VALUES('31','2','?ï¿½ï¿½?ï¿½ï¿½?ï¿½ï¿½ï¿½??ï¿½ï¿½?ï¿½ï¿½\?ï¿½ï¿½b?ï¿½ï¿½h?ï¿½ï¿½?ï¿½ï¿½ï¿½?ï¿½ï¿½?ï¿½ï¿½?ï¿½ï¿½I?ï¿½ï¿½[?ï¿½ï¿½o?ï¿½ï¿½[?ï¿½ï¿½?ï¿½ï¿½?ï¿½ï¿½[?ï¿½ï¿½h?ï¿½ï¿½?ï¿½ï¿½?ï¿½ï¿½Ä‚ï¿½?ï¿½ï¿½ï¿½??ï¿½ï¿½\?ï¿½ï¿½b?ï¿½ï¿½h?ï¿½ï¿½?ï¿½ï¿½I?ï¿½ï¿½Ñ‚È‚ï¿½?ï¿½ï¿½?ï¿½ï¿½?ï¿½ï¿½B?ï¿½ï¿½i1?ï¿½ï¿½Â‘I?ï¿½ï¿½?ï¿½ï¿½?ï¿½ï¿½j','	public void test(int a, int b) {}','1',now());
INSERT INTO public.question(question_id,test_id,text,code,right_select_count,create_datetime)VALUES('32','2','?ï¿½ï¿½?ï¿½ï¿½?ï¿½ï¿½Ìï¿½?ï¿½ï¿½?ï¿½ï¿½?ï¿½ï¿½Ì‚ï¿½?ï¿½ï¿½?ï¿½ï¿½?ï¿½ï¿½A?ï¿½ï¿½?ï¿½ï¿½?ï¿½ï¿½?ï¿½ï¿½?ï¿½ï¿½?ï¿½ï¿½?ï¿½ï¿½?ï¿½ï¿½?ï¿½ï¿½Ì‚ï¿½I?ï¿½ï¿½Ñ‚È‚ï¿½?ï¿½ï¿½?ï¿½ï¿½?ï¿½ï¿½B?ï¿½ï¿½i4?ï¿½ï¿½Â‘I?ï¿½ï¿½?ï¿½ï¿½?ï¿½ï¿½j','','4',now());
INSERT INTO public.question(question_id,test_id,text,code,right_select_count,create_datetime)VALUES('33','2','?ï¿½ï¿½?ï¿½ï¿½?ï¿½ï¿½Ìƒv?ï¿½ï¿½?ï¿½ï¿½?ï¿½ï¿½O?ï¿½ï¿½?ï¿½ï¿½?ï¿½ï¿½?ï¿½ï¿½?ï¿½ï¿½?ï¿½ï¿½?ï¿½ï¿½?ï¿½ï¿½?ï¿½ï¿½s?ï¿½ï¿½?ï¿½ï¿½?ï¿½ï¿½A?ï¿½ï¿½R?ï¿½ï¿½?ï¿½ï¿½?ï¿½ï¿½\?ï¿½ï¿½[?ï¿½ï¿½?ï¿½ï¿½?ï¿½ï¿½?ï¿½ï¿½1?ï¿½ï¿½?ï¿½ï¿½?ï¿½ï¿½?ï¿½ï¿½4?ï¿½ï¿½Ì’l?ï¿½ï¿½?ï¿½ï¿½?ï¿½ï¿½?ï¿½ï¿½?ï¿½ï¿½É•\?ï¿½ï¿½?ï¿½ï¿½?ï¿½ï¿½?ï¿½ï¿½?ï¿½ï¿½?ï¿½ï¿½?ï¿½ï¿½?ï¿½ï¿½?ï¿½ï¿½B?ï¿½ï¿½?ï¿½ï¿½É‚ï¿½?ï¿½ï¿½Ä‚Í‚Ü‚ï¿½R?ï¿½ï¿½[?ï¿½ï¿½h?ï¿½ï¿½?ï¿½ï¿½I?ï¿½ï¿½Ñ‚È‚ï¿½?ï¿½ï¿½?ï¿½ï¿½?ï¿½ï¿½B?ï¿½ï¿½i1?ï¿½ï¿½Â‘I?ï¿½ï¿½?ï¿½ï¿½?ï¿½ï¿½j','	public class Main {
		public static void main(String[] args) {
		  for (int i = 0; ?ï¿½ï¿½?ï¿½ï¿½ ) {
		  System.out.println(i);
		  }
		  }
	}','1',now());
INSERT INTO public.question(question_id,test_id,text,code,right_select_count,create_datetime)VALUES('34','2','?ï¿½ï¿½?ï¿½ï¿½?ï¿½ï¿½Ìƒv?ï¿½ï¿½?ï¿½ï¿½?ï¿½ï¿½O?ï¿½ï¿½?ï¿½ï¿½?ï¿½ï¿½?ï¿½ï¿½?ï¿½ï¿½?ï¿½ï¿½?ï¿½ï¿½R?ï¿½ï¿½?ï¿½ï¿½?ï¿½ï¿½p?ï¿½ï¿½C?ï¿½ï¿½?ï¿½ï¿½?ï¿½ï¿½A?ï¿½ï¿½?ï¿½ï¿½?ï¿½ï¿½s?ï¿½ï¿½?ï¿½ï¿½?ï¿½ï¿½?ï¿½ï¿½?ï¿½ï¿½Æ‚ï¿½?ï¿½ï¿½ÌŒï¿½?ï¿½ï¿½Ê‚Æ‚ï¿½?ï¿½ï¿½ÄA?ï¿½ï¿½?ï¿½ï¿½?ï¿½ï¿½?ï¿½ï¿½?ï¿½ï¿½?ï¿½ï¿½?ï¿½ï¿½?ï¿½ï¿½?ï¿½ï¿½Ì‚ï¿½I?ï¿½ï¿½Ñ‚È‚ï¿½?ï¿½ï¿½?ï¿½ï¿½?ï¿½ï¿½B?ï¿½ï¿½i1?ï¿½ï¿½Â‘I?ï¿½ï¿½?ï¿½ï¿½?ï¿½ï¿½j','	public class Main {
		public static void main(String[] args) {
			int a = 10;
			int b = 20;
			if (a != 10)
				System.out.println("A");
			else if (a < b)
				System.out.println("B");
			else
				System.out.println("C");
		}
	}','1',now());
INSERT INTO public.question(question_id,test_id,text,code,right_select_count,create_datetime)VALUES('35','2',' ?ï¿½ï¿½?ï¿½ï¿½?ï¿½ï¿½ÌƒN?ï¿½ï¿½?ï¿½ï¿½?ï¿½ï¿½X?ï¿½ï¿½?ï¿½ï¿½?ï¿½ï¿½p?ï¿½ï¿½?ï¿½ï¿½?ï¿½ï¿½?ï¿½ï¿½?ï¿½ï¿½?ï¿½ï¿½?ï¿½ï¿½N?ï¿½ï¿½?ï¿½ï¿½?ï¿½ï¿½X?ï¿½ï¿½?ï¿½ï¿½?ï¿½ï¿½?ï¿½ï¿½?ï¿½ï¿½Â‚×‚ï¿½?ï¿½ï¿½?ï¿½ï¿½?ï¿½ï¿½\?ï¿½ï¿½b?ï¿½ï¿½h?ï¿½ï¿½Æ‚ï¿½?ï¿½ï¿½ÄA?ï¿½ï¿½?ï¿½ï¿½?ï¿½ï¿½?ï¿½ï¿½?ï¿½ï¿½?ï¿½ï¿½?ï¿½ï¿½?ï¿½ï¿½?ï¿½ï¿½Ì‚ï¿½I?ï¿½ï¿½Ñ‚È‚ï¿½?ï¿½ï¿½?ï¿½ï¿½?ï¿½ï¿½B?ï¿½ï¿½i1?ï¿½ï¿½Â‘I?ï¿½ï¿½?ï¿½ï¿½?ï¿½ï¿½j','	
	abstract class Sample {
	     public abstract void test();
	}','1',now());
INSERT INTO public.question(question_id,test_id,text,code,right_select_count,create_datetime)VALUES('36','2','?ï¿½ï¿½?ï¿½ï¿½?ï¿½ï¿½Ìƒv?ï¿½ï¿½?ï¿½ï¿½?ï¿½ï¿½O?ï¿½ï¿½?ï¿½ï¿½?ï¿½ï¿½?ï¿½ï¿½?ï¿½ï¿½?ï¿½ï¿½?ï¿½ï¿½R?ï¿½ï¿½?ï¿½ï¿½?ï¿½ï¿½p?ï¿½ï¿½C?ï¿½ï¿½?ï¿½ï¿½?ï¿½ï¿½A?ï¿½ï¿½?ï¿½ï¿½?ï¿½ï¿½s?ï¿½ï¿½?ï¿½ï¿½?ï¿½ï¿½?ï¿½ï¿½?ï¿½ï¿½Æ‚ï¿½?ï¿½ï¿½ÌŒï¿½?ï¿½ï¿½Ê‚Æ‚ï¿½?ï¿½ï¿½ÄA?ï¿½ï¿½?ï¿½ï¿½?ï¿½ï¿½?ï¿½ï¿½?ï¿½ï¿½?ï¿½ï¿½?ï¿½ï¿½?ï¿½ï¿½?ï¿½ï¿½Ì‚ï¿½I?ï¿½ï¿½Ñ‚È‚ï¿½?ï¿½ï¿½?ï¿½ï¿½?ï¿½ï¿½B?ï¿½ï¿½i1?ï¿½ï¿½Â‘I?ï¿½ï¿½?ï¿½ï¿½?ï¿½ï¿½j','	public class Sample {
		static String val = "sample";

		public Sample(String val) {
			this.val = val;
		}
	}

	public class Main {
		public static void main(String[] args) {
			Sample s = new Sample();
			Sample s2 = new Sample("test");
			System.out.println(s.val);
			System.out.println(s2.val);
		}
	}','1',now());
INSERT INTO public.question(question_id,test_id,text,code,right_select_count,create_datetime)VALUES('37','2','?ï¿½ï¿½t?ï¿½ï¿½B?ï¿½ï¿½[?ï¿½ï¿½?ï¿½ï¿½?ï¿½ï¿½h?ï¿½ï¿½?ï¿½ï¿½K?ï¿½ï¿½Ø‚ÉƒJ?ï¿½ï¿½v?ï¿½ï¿½Z?ï¿½ï¿½?ï¿½ï¿½?ï¿½ï¿½?ï¿½ï¿½?ï¿½ï¿½?ï¿½ï¿½?ï¿½ï¿½A?ï¿½ï¿½l?ï¿½ï¿½?ï¿½ï¿½?ï¿½ï¿½s?ï¿½ï¿½p?ï¿½ï¿½Ó‚É•ÏX?ï¿½ï¿½?ï¿½ï¿½?ï¿½ï¿½?ï¿½ï¿½È‚ï¿½?ï¿½ï¿½æ‚¤?ï¿½ï¿½É’ï¿½`?ï¿½ï¿½?ï¿½ï¿½?ï¿½ï¿½?ï¿½ï¿½?ï¿½ï¿½?ï¿½ï¿½?ï¿½ï¿½B?ï¿½ï¿½K?ï¿½ï¿½Ø‚É‹L?ï¿½ï¿½q?ï¿½ï¿½?ï¿½ï¿½?ï¿½ï¿½?ï¿½ï¿½Ä‚ï¿½?ï¿½ï¿½?ï¿½ï¿½R?ï¿½ï¿½[?ï¿½ï¿½h?ï¿½ï¿½?ï¿½ï¿½I?ï¿½ï¿½Ñ‚È‚ï¿½?ï¿½ï¿½?ï¿½ï¿½?ï¿½ï¿½B?ï¿½ï¿½i1?ï¿½ï¿½Â‘I?ï¿½ï¿½?ï¿½ï¿½?ï¿½ï¿½j','','1',now());
INSERT INTO public.question(question_id,test_id,text,code,right_select_count,create_datetime)VALUES('38','2','?ï¿½ï¿½?ï¿½ï¿½?ï¿½ï¿½Ìƒv?ï¿½ï¿½?ï¿½ï¿½?ï¿½ï¿½O?ï¿½ï¿½?ï¿½ï¿½?ï¿½ï¿½?ï¿½ï¿½?ï¿½ï¿½?ï¿½ï¿½?ï¿½ï¿½R?ï¿½ï¿½?ï¿½ï¿½?ï¿½ï¿½p?ï¿½ï¿½C?ï¿½ï¿½?ï¿½ï¿½?ï¿½ï¿½A?ï¿½ï¿½?ï¿½ï¿½?ï¿½ï¿½s?ï¿½ï¿½?ï¿½ï¿½?ï¿½ï¿½?ï¿½ï¿½?ï¿½ï¿½Æ‚ï¿½?ï¿½ï¿½ÌŒï¿½?ï¿½ï¿½Ê‚Æ‚ï¿½?ï¿½ï¿½ÄA?ï¿½ï¿½?ï¿½ï¿½?ï¿½ï¿½?ï¿½ï¿½?ï¿½ï¿½?ï¿½ï¿½?ï¿½ï¿½?ï¿½ï¿½?ï¿½ï¿½Ì‚ï¿½I?ï¿½ï¿½Ñ‚È‚ï¿½?ï¿½ï¿½?ï¿½ï¿½?ï¿½ï¿½B?ï¿½ï¿½i1?ï¿½ï¿½Â‘I?ï¿½ï¿½?ï¿½ï¿½?ï¿½ï¿½j','	public class Main {
		public static void main(String[] args) {
			int[] array = { 2, 4, 6, 8 };
			int[] array2 = { 1, 3, 5, 7, 9 };
			array = array2;
			for (int i = 0; i < array.length; i++) {
				System.out.println(array[i]);
			}
		}
	}','1',now());
INSERT INTO public.question(question_id,test_id,text,code,right_select_count,create_datetime)VALUES('39','2','?ï¿½ï¿½?ï¿½ï¿½?ï¿½ï¿½Ìƒv?ï¿½ï¿½?ï¿½ï¿½?ï¿½ï¿½O?ï¿½ï¿½?ï¿½ï¿½?ï¿½ï¿½?ï¿½ï¿½?ï¿½ï¿½?ï¿½ï¿½?ï¿½ï¿½R?ï¿½ï¿½?ï¿½ï¿½?ï¿½ï¿½p?ï¿½ï¿½C?ï¿½ï¿½?ï¿½ï¿½?ï¿½ï¿½A?ï¿½ï¿½?ï¿½ï¿½?ï¿½ï¿½s?ï¿½ï¿½?ï¿½ï¿½?ï¿½ï¿½?ï¿½ï¿½?ï¿½ï¿½Æ‚ï¿½?ï¿½ï¿½ÌŒï¿½?ï¿½ï¿½Ê‚Æ‚ï¿½?ï¿½ï¿½ÄA?ï¿½ï¿½?ï¿½ï¿½?ï¿½ï¿½?ï¿½ï¿½?ï¿½ï¿½?ï¿½ï¿½?ï¿½ï¿½?ï¿½ï¿½?ï¿½ï¿½Ì‚ï¿½I?ï¿½ï¿½Ñ‚È‚ï¿½?ï¿½ï¿½?ï¿½ï¿½?ï¿½ï¿½B?ï¿½ï¿½i1?ï¿½ï¿½Â‘I?ï¿½ï¿½?ï¿½ï¿½?ï¿½ï¿½j','	public class Main {
		public static void main(String[] args) {
			int x = 10;
			test(x);
			System.out.println(x);
		}

		private static void test(int a) {
			x++;
		}
	}','1',now());
INSERT INTO public.question(question_id,test_id,text,code,right_select_count,create_datetime)VALUES('40','2','?ï¿½ï¿½?ï¿½ï¿½?ï¿½ï¿½Ìƒv?ï¿½ï¿½?ï¿½ï¿½?ï¿½ï¿½O?ï¿½ï¿½?ï¿½ï¿½?ï¿½ï¿½?ï¿½ï¿½?ï¿½ï¿½?ï¿½ï¿½?ï¿½ï¿½?ï¿½ï¿½?ï¿½ï¿½s?ï¿½ï¿½?ï¿½ï¿½?ï¿½ï¿½ÄA0?ï¿½ï¿½?ï¿½ï¿½?ï¿½ï¿½?ï¿½ï¿½2?ï¿½ï¿½Ü‚Å‚ï¿½?ï¿½ï¿½?ï¿½ï¿½?ï¿½ï¿½É•\?ï¿½ï¿½?ï¿½ï¿½?ï¿½ï¿½?ï¿½ï¿½?ï¿½ï¿½?ï¿½ï¿½?ï¿½ï¿½?ï¿½ï¿½?ï¿½ï¿½B4?ï¿½ï¿½s?ï¿½ï¿½Ú‚É‘}?ï¿½ï¿½?ï¿½ï¿½?ï¿½ï¿½?ï¿½ï¿½?ï¿½ï¿½?ï¿½ï¿½R?ï¿½ï¿½[?ï¿½ï¿½h?ï¿½ï¿½Æ‚ï¿½?ï¿½ï¿½ÄA?ï¿½ï¿½?ï¿½ï¿½?ï¿½ï¿½?ï¿½ï¿½?ï¿½ï¿½?ï¿½ï¿½?ï¿½ï¿½?ï¿½ï¿½?ï¿½ï¿½Ì‚ï¿½?ï¿½ï¿½?ï¿½ï¿½I?ï¿½ï¿½Ñ‚È‚ï¿½?ï¿½ï¿½?ï¿½ï¿½?ï¿½ï¿½B?ï¿½ï¿½i1?ï¿½ï¿½Â‘I?ï¿½ï¿½?ï¿½ï¿½?ï¿½ï¿½j','	public class Main {
		public static void main(String[] args) {
			int x = 0;
			// insert code here
		}
	}','1',now());
INSERT INTO public.question(question_id,test_id,text,code,right_select_count,create_datetime)VALUES('41','2','?ï¿½ï¿½?ï¿½ï¿½?ï¿½ï¿½Ìƒv?ï¿½ï¿½?ï¿½ï¿½?ï¿½ï¿½O?ï¿½ï¿½?ï¿½ï¿½?ï¿½ï¿½?ï¿½ï¿½?ï¿½ï¿½?ï¿½ï¿½?ï¿½ï¿½?ï¿½ï¿½?ï¿½ï¿½s?ï¿½ï¿½?ï¿½ï¿½?ï¿½ï¿½A1?ï¿½ï¿½?ï¿½ï¿½?ï¿½ï¿½?ï¿½ï¿½5?ï¿½ï¿½Ü‚Å‚ï¿½?ï¿½ï¿½?ï¿½ï¿½?ï¿½ï¿½É•\?ï¿½ï¿½?ï¿½ï¿½?ï¿½ï¿½?ï¿½ï¿½?ï¿½ï¿½?ï¿½ï¿½?ï¿½ï¿½?ï¿½ï¿½?ï¿½ï¿½B?ï¿½ï¿½?ï¿½ï¿½@?ï¿½ï¿½Æ‡A?ï¿½ï¿½É‚ï¿½?ï¿½ï¿½Ä‚Í‚Ü‚ï¿½R?ï¿½ï¿½[?ï¿½ï¿½h?ï¿½ï¿½?ï¿½ï¿½I?ï¿½ï¿½Ñ‚È‚ï¿½?ï¿½ï¿½?ï¿½ï¿½?ï¿½ï¿½B?ï¿½ï¿½i1?ï¿½ï¿½Â‘I?ï¿½ï¿½?ï¿½ï¿½?ï¿½ï¿½j','	 public class Main {
		     public static void main(String[] args) {
		         int[] array = {1, 2, 3, 4, 5};   
		         for (?ï¿½ï¿½@ ; i < array.length; ?ï¿½ï¿½A ) {
		              System.out.println(array[i]);
		             i++;
		      }
		      }
		 }','1',now());
INSERT INTO public.question(question_id,test_id,text,code,right_select_count,create_datetime)VALUES('42','2','?ï¿½ï¿½?ï¿½ï¿½?ï¿½ï¿½Ìƒv?ï¿½ï¿½?ï¿½ï¿½?ï¿½ï¿½O?ï¿½ï¿½?ï¿½ï¿½?ï¿½ï¿½?ï¿½ï¿½?ï¿½ï¿½?ï¿½ï¿½?ï¿½ï¿½R?ï¿½ï¿½?ï¿½ï¿½?ï¿½ï¿½p?ï¿½ï¿½C?ï¿½ï¿½?ï¿½ï¿½?ï¿½ï¿½A?ï¿½ï¿½?ï¿½ï¿½?ï¿½ï¿½s?ï¿½ï¿½?ï¿½ï¿½?ï¿½ï¿½?ï¿½ï¿½?ï¿½ï¿½Æ‚ï¿½?ï¿½ï¿½ÌŒï¿½?ï¿½ï¿½Ê‚Æ‚ï¿½?ï¿½ï¿½ÄA?ï¿½ï¿½?ï¿½ï¿½?ï¿½ï¿½?ï¿½ï¿½?ï¿½ï¿½?ï¿½ï¿½?ï¿½ï¿½?ï¿½ï¿½?ï¿½ï¿½Ì‚ï¿½I?ï¿½ï¿½Ñ‚È‚ï¿½?ï¿½ï¿½?ï¿½ï¿½?ï¿½ï¿½B?ï¿½ï¿½i1?ï¿½ï¿½Â‘I?ï¿½ï¿½?ï¿½ï¿½?ï¿½ï¿½j','	public class Main {
		public static void main(String[] args) {
			String str = null;

			if (str == null) {
				System.out.println("if");
			} else if (str == "null") {
				System.out.println("else if");
			} else {
				System.out.println("else");
			}
		}
	}','1',now());
INSERT INTO public.question(question_id,test_id,text,code,right_select_count,create_datetime)VALUES('43','2','Java?ï¿½ï¿½ÌŒp?ï¿½ï¿½?ï¿½ï¿½?ï¿½ï¿½ÉŠÖ‚ï¿½?ï¿½ï¿½?ï¿½ï¿½?ï¿½ï¿½?ï¿½ï¿½?ï¿½ï¿½?ï¿½ï¿½Æ‚ï¿½?ï¿½ï¿½ÄA?ï¿½ï¿½?ï¿½ï¿½?ï¿½ï¿½?ï¿½ï¿½?ï¿½ï¿½?ï¿½ï¿½?ï¿½ï¿½?ï¿½ï¿½?ï¿½ï¿½Ì‚ï¿½I?ï¿½ï¿½Ñ‚È‚ï¿½?ï¿½ï¿½?ï¿½ï¿½?ï¿½ï¿½B?ï¿½ï¿½i2?ï¿½ï¿½Â‘I?ï¿½ï¿½?ï¿½ï¿½?ï¿½ï¿½j','','2',now());
INSERT INTO public.question(question_id,test_id,text,code,right_select_count,create_datetime)VALUES('44','2','?ï¿½ï¿½?ï¿½ï¿½?ï¿½ï¿½Ì‚ï¿½?ï¿½ï¿½?ï¿½ï¿½?ï¿½ï¿½Aabstract?ï¿½ï¿½ÅC?ï¿½ï¿½?ï¿½ï¿½?ï¿½ï¿½Å‚ï¿½?ï¿½ï¿½È‚ï¿½?ï¿½ï¿½?ï¿½ï¿½?ï¿½ï¿½Ì‚ï¿½I?ï¿½ï¿½Ñ‚È‚ï¿½?ï¿½ï¿½?ï¿½ï¿½?ï¿½ï¿½B?ï¿½ï¿½i2?ï¿½ï¿½Â‘I?ï¿½ï¿½?ï¿½ï¿½?ï¿½ï¿½j','','2',now());
INSERT INTO public.question(question_id,test_id,text,code,right_select_count,create_datetime)VALUES('45','2','?ï¿½ï¿½?ï¿½ï¿½?ï¿½ï¿½Ìƒv?ï¿½ï¿½?ï¿½ï¿½?ï¿½ï¿½O?ï¿½ï¿½?ï¿½ï¿½?ï¿½ï¿½?ï¿½ï¿½?ï¿½ï¿½?ï¿½ï¿½?ï¿½ï¿½R?ï¿½ï¿½?ï¿½ï¿½?ï¿½ï¿½p?ï¿½ï¿½C?ï¿½ï¿½?ï¿½ï¿½?ï¿½ï¿½A?ï¿½ï¿½?ï¿½ï¿½?ï¿½ï¿½s?ï¿½ï¿½?ï¿½ï¿½?ï¿½ï¿½?ï¿½ï¿½?ï¿½ï¿½Æ‚ï¿½?ï¿½ï¿½ÌŒï¿½?ï¿½ï¿½Ê‚Æ‚ï¿½?ï¿½ï¿½ÄA?ï¿½ï¿½?ï¿½ï¿½?ï¿½ï¿½?ï¿½ï¿½?ï¿½ï¿½?ï¿½ï¿½?ï¿½ï¿½?ï¿½ï¿½?ï¿½ï¿½Ì‚ï¿½I?ï¿½ï¿½Ñ‚È‚ï¿½?ï¿½ï¿½?ï¿½ï¿½?ï¿½ï¿½B?ï¿½ï¿½i1?ï¿½ï¿½Â‘I?ï¿½ï¿½?ï¿½ï¿½?ï¿½ï¿½j','	public class Main {
		public static void main(String[] args) {
			Sample s = new Sample();
			int result = s.test() + s.getNum();
			System.out.println(result);
		}
	}

	class Sample {
		private static int num;

		public static int getNum() {
			return ++num;
		}

		public int test() {
			return getNum();
		}
	}','1',now());
INSERT INTO public.question(question_id,test_id,text,code,right_select_count,create_datetime)VALUES('46','2','?ï¿½ï¿½?ï¿½ï¿½?ï¿½ï¿½Ìƒv?ï¿½ï¿½?ï¿½ï¿½?ï¿½ï¿½O?ï¿½ï¿½?ï¿½ï¿½?ï¿½ï¿½?ï¿½ï¿½?ï¿½ï¿½?ï¿½ï¿½?ï¿½ï¿½R?ï¿½ï¿½?ï¿½ï¿½?ï¿½ï¿½p?ï¿½ï¿½C?ï¿½ï¿½?ï¿½ï¿½?ï¿½ï¿½A?ï¿½ï¿½?ï¿½ï¿½?ï¿½ï¿½s?ï¿½ï¿½?ï¿½ï¿½?ï¿½ï¿½?ï¿½ï¿½?ï¿½ï¿½Æ‚ï¿½?ï¿½ï¿½ÌŒï¿½?ï¿½ï¿½Ê‚Æ‚ï¿½?ï¿½ï¿½ÄA?ï¿½ï¿½?ï¿½ï¿½?ï¿½ï¿½?ï¿½ï¿½?ï¿½ï¿½?ï¿½ï¿½?ï¿½ï¿½?ï¿½ï¿½?ï¿½ï¿½Ì‚ï¿½I?ï¿½ï¿½Ñ‚È‚ï¿½?ï¿½ï¿½?ï¿½ï¿½?ï¿½ï¿½B?ï¿½ï¿½i1?ï¿½ï¿½Â‘I?ï¿½ï¿½?ï¿½ï¿½?ï¿½ï¿½j','	public class Main {
		public static void main(String[] args) {
			Sample[] samples = { new Test(), new Exam(), new Test() };
			for (Sample s : samples) {
				s.test();
			}
		}
	}

	interface Sample {
		void test();
	}

	class Test implements Sample {
		public void test() {
			System.out.println("A");
		}
	}

	class Exam {
		public void test() {
			System.out.println("B");
		}
	}','1',now());
INSERT INTO public.question(question_id,test_id,text,code,right_select_count,create_datetime)VALUES('47','2','?ï¿½ï¿½?ï¿½ï¿½?ï¿½ï¿½Ì‚ï¿½?ï¿½ï¿½?ï¿½ï¿½?ï¿½ï¿½A?ï¿½ï¿½C?ï¿½ï¿½?ï¿½ï¿½?ï¿½ï¿½^?ï¿½ï¿½t?ï¿½ï¿½F?ï¿½ï¿½[?ï¿½ï¿½X?ï¿½ï¿½É’ï¿½`?ï¿½ï¿½Å‚ï¿½?ï¿½ï¿½È‚ï¿½?ï¿½ï¿½?ï¿½ï¿½?ï¿½ï¿½Ì‚ï¿½I?ï¿½ï¿½Ñ‚È‚ï¿½?ï¿½ï¿½?ï¿½ï¿½?ï¿½ï¿½B?ï¿½ï¿½i2?ï¿½ï¿½Â‘I?ï¿½ï¿½?ï¿½ï¿½?ï¿½ï¿½j','','2',now());
INSERT INTO public.question(question_id,test_id,text,code,right_select_count,create_datetime)VALUES('48','2','?ï¿½ï¿½?ï¿½ï¿½?ï¿½ï¿½Ìƒv?ï¿½ï¿½?ï¿½ï¿½?ï¿½ï¿½O?ï¿½ï¿½?ï¿½ï¿½?ï¿½ï¿½?ï¿½ï¿½?ï¿½ï¿½?ï¿½ï¿½?ï¿½ï¿½?ï¿½ï¿½?ï¿½ï¿½s?ï¿½ï¿½?ï¿½ï¿½?ï¿½ï¿½A?ï¿½ï¿½utest?ï¿½ï¿½v?ï¿½ï¿½?ï¿½ï¿½1?ï¿½ï¿½?ï¿½ï¿½ï¿½?ï¿½ï¿½\?ï¿½ï¿½?ï¿½ï¿½?ï¿½ï¿½?ï¿½ï¿½?ï¿½ï¿½?ï¿½ï¿½?ï¿½ï¿½?ï¿½ï¿½?ï¿½ï¿½B?ï¿½ï¿½?ï¿½ï¿½É‚ï¿½?ï¿½ï¿½Ä‚Í‚Ü‚ï¿½R?ï¿½ï¿½[?ï¿½ï¿½h?ï¿½ï¿½?ï¿½ï¿½I?ï¿½ï¿½Ñ‚È‚ï¿½?ï¿½ï¿½?ï¿½ï¿½?ï¿½ï¿½B?ï¿½ï¿½i1?ï¿½ï¿½Â‘I?ï¿½ï¿½?ï¿½ï¿½?ï¿½ï¿½j','','1',now());
INSERT INTO public.question(question_id,test_id,text,code,right_select_count,create_datetime)VALUES('49','2','com.sample.controller?ï¿½ï¿½p?ï¿½ï¿½b?ï¿½ï¿½P?ï¿½ï¿½[?ï¿½ï¿½W?ï¿½ï¿½É‘ï¿½?ï¿½ï¿½?ï¿½ï¿½?ï¿½ï¿½?ï¿½ï¿½N?ï¿½ï¿½?ï¿½ï¿½?ï¿½ï¿½X?ï¿½ï¿½?ï¿½ï¿½?ï¿½ï¿½g?ï¿½ï¿½?ï¿½ï¿½?ï¿½ï¿½Acom.sample.view?ï¿½ï¿½p?ï¿½ï¿½b?ï¿½ï¿½P?ï¿½ï¿½[?ï¿½ï¿½W?ï¿½ï¿½É‘ï¿½?ï¿½ï¿½?ï¿½ï¿½?ï¿½ï¿½?ï¿½ï¿½N?ï¿½ï¿½?ï¿½ï¿½?ï¿½ï¿½X?ï¿½ï¿½?ï¿½ï¿½?ï¿½ï¿½`?ï¿½ï¿½?ï¿½ï¿½?ï¿½ï¿½?ï¿½ï¿½?ï¿½ï¿½?ï¿½ï¿½?ï¿½ï¿½B?ï¿½ï¿½?ï¿½ï¿½`?ï¿½ï¿½?ï¿½ï¿½?ï¿½ï¿½@?ï¿½ï¿½Æ‚ï¿½?ï¿½ï¿½Äï¿½?ï¿½ï¿½?ï¿½ï¿½?ï¿½ï¿½?ï¿½ï¿½?ï¿½ï¿½?ï¿½ï¿½?ï¿½ï¿½Ì‚ï¿½I?ï¿½ï¿½Ñ‚È‚ï¿½?ï¿½ï¿½?ï¿½ï¿½?ï¿½ï¿½B?ï¿½ï¿½i1?ï¿½ï¿½Â‘I?ï¿½ï¿½?ï¿½ï¿½?ï¿½ï¿½j','','1',now());
INSERT INTO public.question(question_id,test_id,text,code,right_select_count,create_datetime)VALUES('50','2','?ï¿½ï¿½?ï¿½ï¿½?ï¿½ï¿½Ìƒv?ï¿½ï¿½?ï¿½ï¿½?ï¿½ï¿½O?ï¿½ï¿½?ï¿½ï¿½?ï¿½ï¿½?ï¿½ï¿½?ï¿½ï¿½?ï¿½ï¿½?ï¿½ï¿½R?ï¿½ï¿½?ï¿½ï¿½?ï¿½ï¿½p?ï¿½ï¿½C?ï¿½ï¿½?ï¿½ï¿½?ï¿½ï¿½A?ï¿½ï¿½?ï¿½ï¿½?ï¿½ï¿½s?ï¿½ï¿½?ï¿½ï¿½?ï¿½ï¿½?ï¿½ï¿½?ï¿½ï¿½Æ‚ï¿½?ï¿½ï¿½ÌŒï¿½?ï¿½ï¿½Ê‚Æ‚ï¿½?ï¿½ï¿½ÄA?ï¿½ï¿½?ï¿½ï¿½?ï¿½ï¿½?ï¿½ï¿½?ï¿½ï¿½?ï¿½ï¿½?ï¿½ï¿½?ï¿½ï¿½?ï¿½ï¿½Ì‚ï¿½I?ï¿½ï¿½Ñ‚È‚ï¿½?ï¿½ï¿½?ï¿½ï¿½?ï¿½ï¿½B?ï¿½ï¿½i1?ï¿½ï¿½Â‘I?ï¿½ï¿½?ï¿½ï¿½?ï¿½ï¿½j','','1',now());
INSERT INTO public.question(question_id,test_id,text,code,right_select_count,create_datetime)VALUES('51','2','?ï¿½ï¿½?ï¿½ï¿½?ï¿½ï¿½Ì‚ï¿½?ï¿½ï¿½?ï¿½ï¿½?ï¿½ï¿½A?ï¿½ï¿½?ï¿½ï¿½?ï¿½ï¿½?ï¿½ï¿½?ï¿½ï¿½?ï¿½ï¿½?ï¿½ï¿½?ï¿½ï¿½?ï¿½ï¿½?ï¿½ï¿½?ï¿½ï¿½?ï¿½ï¿½I?ï¿½ï¿½Ñ‚È‚ï¿½?ï¿½ï¿½?ï¿½ï¿½?ï¿½ï¿½B?ï¿½ï¿½i2?ï¿½ï¿½Â‘I?ï¿½ï¿½?ï¿½ï¿½?ï¿½ï¿½j','','2',now());
INSERT INTO public.question(question_id,test_id,text,code,right_select_count,create_datetime)VALUES('52','2','?ï¿½ï¿½?ï¿½ï¿½?ï¿½ï¿½Ìƒv?ï¿½ï¿½?ï¿½ï¿½?ï¿½ï¿½O?ï¿½ï¿½?ï¿½ï¿½?ï¿½ï¿½?ï¿½ï¿½?ï¿½ï¿½ÉŠÖ‚ï¿½?ï¿½ï¿½?ï¿½ï¿½?ï¿½ï¿½?ï¿½ï¿½?ï¿½ï¿½?ï¿½ï¿½Æ‚ï¿½?ï¿½ï¿½ÄA?ï¿½ï¿½?ï¿½ï¿½?ï¿½ï¿½?ï¿½ï¿½?ï¿½ï¿½?ï¿½ï¿½?ï¿½ï¿½?ï¿½ï¿½?ï¿½ï¿½Ì‚ï¿½I?ï¿½ï¿½Ñ‚È‚ï¿½?ï¿½ï¿½?ï¿½ï¿½?ï¿½ï¿½B?ï¿½ï¿½i1?ï¿½ï¿½Â‘I?ï¿½ï¿½?ï¿½ï¿½?ï¿½ï¿½j','	public class Sample {
		private static int num = 10;

		public void Sample() {
			this(10);
		}

		private Sample(int n) {
			num = n;
		}
	}','1',now());
INSERT INTO public.question(question_id,test_id,text,code,right_select_count,create_datetime)VALUES('53','2','?ï¿½ï¿½?ï¿½ï¿½?ï¿½ï¿½Ìƒv?ï¿½ï¿½?ï¿½ï¿½?ï¿½ï¿½O?ï¿½ï¿½?ï¿½ï¿½?ï¿½ï¿½?ï¿½ï¿½?ï¿½ï¿½Ì‚ï¿½?ï¿½ï¿½?ï¿½ï¿½?ï¿½ï¿½A?ï¿½ï¿½R?ï¿½ï¿½?ï¿½ï¿½?ï¿½ï¿½p?ï¿½ï¿½C?ï¿½ï¿½?ï¿½ï¿½?ï¿½ï¿½G?ï¿½ï¿½?ï¿½ï¿½?ï¿½ï¿½[?ï¿½ï¿½É‚È‚ï¿½Ì‚Í‰ï¿½?ï¿½ï¿½s?ï¿½ï¿½Ú‚ï¿½?ï¿½ï¿½B?ï¿½ï¿½?ï¿½ï¿½?ï¿½ï¿½?ï¿½ï¿½?ï¿½ï¿½?ï¿½ï¿½?ï¿½ï¿½?ï¿½ï¿½?ï¿½ï¿½Ì‚ï¿½I?ï¿½ï¿½Ñ‚È‚ï¿½?ï¿½ï¿½?ï¿½ï¿½?ï¿½ï¿½B?ï¿½ï¿½i3?ï¿½ï¿½Â‘I?ï¿½ï¿½?ï¿½ï¿½?ï¿½ï¿½j','	public class Main {
		public static void main(String[] args) {
		          int[] array1 = { 1, 2, 3 };
		          int array2 = array1;
		          int[] array3 = new int[3];
		          array3 = new int[5];
		          int[] array4 = new int(4);
		          int[3] array5;
		      }
	}','3',now());
INSERT INTO public.question(question_id,test_id,text,code,right_select_count,create_datetime)VALUES('54','2','?ï¿½ï¿½?ï¿½ï¿½?ï¿½ï¿½Ìƒv?ï¿½ï¿½?ï¿½ï¿½?ï¿½ï¿½O?ï¿½ï¿½?ï¿½ï¿½?ï¿½ï¿½?ï¿½ï¿½?ï¿½ï¿½Ìï¿½?ï¿½ï¿½s?ï¿½ï¿½?ï¿½ï¿½ÉA?ï¿½ï¿½N?ï¿½ï¿½?ï¿½ï¿½?ï¿½ï¿½X?ï¿½ï¿½ÌƒC?ï¿½ï¿½?ï¿½ï¿½?ï¿½ï¿½X?ï¿½ï¿½^?ï¿½ï¿½?ï¿½ï¿½?ï¿½ï¿½X?ï¿½ï¿½Í‚ï¿½?ï¿½ï¿½?ï¿½ï¿½?ï¿½ï¿½Âï¿½?ï¿½ï¿½?ï¿½ï¿½?ï¿½ï¿½?ï¿½ï¿½?ï¿½ï¿½?ï¿½ï¿½é‚©?ï¿½ï¿½B?ï¿½ï¿½?ï¿½ï¿½?ï¿½ï¿½?ï¿½ï¿½?ï¿½ï¿½?ï¿½ï¿½?ï¿½ï¿½Âï¿½?ï¿½ï¿½?ï¿½ï¿½I?ï¿½ï¿½Ñ‚È‚ï¿½?ï¿½ï¿½?ï¿½ï¿½?ï¿½ï¿½B?ï¿½ï¿½i1?ï¿½ï¿½Â‘I?ï¿½ï¿½?ï¿½ï¿½?ï¿½ï¿½j','	public class Item {

	}

	public class Main {
		public static void main(String[] args) {
			Item item1 = new Item();
			Item item2 = new Item();
			Item item3 = null;
			item1 = null;
			item2 = null;

		}
	}','1',now());
INSERT INTO public.question(question_id,test_id,text,code,right_select_count,create_datetime)VALUES('55','2','?ï¿½ï¿½X?ï¿½ï¿½[?ï¿½ï¿½p?ï¿½ï¿½[?ï¿½ï¿½N?ï¿½ï¿½?ï¿½ï¿½?ï¿½ï¿½X?ï¿½ï¿½Ì—v?ï¿½ï¿½f?ï¿½ï¿½Æ“ï¿½?ï¿½ï¿½?ï¿½ï¿½?ï¿½ï¿½?ï¿½ï¿½?ï¿½ï¿½O?ï¿½ï¿½Å’ï¿½`?ï¿½ï¿½Å‚ï¿½?ï¿½ï¿½?ï¿½ï¿½T?ï¿½ï¿½u?ï¿½ï¿½N?ï¿½ï¿½?ï¿½ï¿½?ï¿½ï¿½X?ï¿½ï¿½Ì—v?ï¿½ï¿½f?ï¿½ï¿½Æ‚ï¿½?ï¿½ï¿½ÄA?ï¿½ï¿½?ï¿½ï¿½?ï¿½ï¿½?ï¿½ï¿½?ï¿½ï¿½?ï¿½ï¿½?ï¿½ï¿½?ï¿½ï¿½?ï¿½ï¿½Ì‚ï¿½I?ï¿½ï¿½Ñ‚È‚ï¿½?ï¿½ï¿½?ï¿½ï¿½?ï¿½ï¿½B?ï¿½ï¿½i2?ï¿½ï¿½Â‘I?ï¿½ï¿½?ï¿½ï¿½?ï¿½ï¿½j','','2',now());
INSERT INTO public.question(question_id,test_id,text,code,right_select_count,create_datetime)VALUES('56','2','?ï¿½ï¿½?ï¿½ï¿½?ï¿½ï¿½Ì‚ï¿½?ï¿½ï¿½?ï¿½ï¿½?ï¿½ï¿½A?ï¿½ï¿½N?ï¿½ï¿½?ï¿½ï¿½?ï¿½ï¿½X?ï¿½ï¿½?ï¿½ï¿½?ï¿½ï¿½Æ‚ï¿½?ï¿½ï¿½Äg?ï¿½ï¿½?ï¿½ï¿½?ï¿½ï¿½?ï¿½ï¿½?ï¿½ï¿½?ï¿½ï¿½Ì‚ï¿½I?ï¿½ï¿½Ñ‚È‚ï¿½?ï¿½ï¿½?ï¿½ï¿½?ï¿½ï¿½B?ï¿½ï¿½i3?ï¿½ï¿½Â‘I?ï¿½ï¿½?ï¿½ï¿½?ï¿½ï¿½j','','3',now());
INSERT INTO public.question(question_id,test_id,text,code,right_select_count,create_datetime)VALUES('57','2','?ï¿½ï¿½?ï¿½ï¿½?ï¿½ï¿½\?ï¿½ï¿½b?ï¿½ï¿½h?ï¿½ï¿½ÌƒV?ï¿½ï¿½O?ï¿½ï¿½j?ï¿½ï¿½`?ï¿½ï¿½?ï¿½ï¿½?ï¿½ï¿½?ï¿½ï¿½?ï¿½ï¿½\?ï¿½ï¿½?ï¿½ï¿½?ï¿½ï¿½?ï¿½ï¿½?ï¿½ï¿½?ï¿½ï¿½v?ï¿½ï¿½f?ï¿½ï¿½Æ‚ï¿½?ï¿½ï¿½ÄA?ï¿½ï¿½?ï¿½ï¿½?ï¿½ï¿½?ï¿½ï¿½Ä‚ï¿½?ï¿½ï¿½?ï¿½ï¿½?ï¿½ï¿½?ï¿½ï¿½Ì‚ï¿½I?ï¿½ï¿½Ñ‚È‚ï¿½?ï¿½ï¿½?ï¿½ï¿½?ï¿½ï¿½B?ï¿½ï¿½i3?ï¿½ï¿½Â‘I?ï¿½ï¿½?ï¿½ï¿½?ï¿½ï¿½j','','3',now());
INSERT INTO public.question(question_id,test_id,text,code,right_select_count,create_datetime)VALUES('58','2','?ï¿½ï¿½?ï¿½ï¿½?ï¿½ï¿½Ì‚ï¿½?ï¿½ï¿½?ï¿½ï¿½?ï¿½ï¿½A?ï¿½ï¿½|?ï¿½ï¿½?ï¿½ï¿½?ï¿½ï¿½?ï¿½ï¿½?ï¿½ï¿½[?ï¿½ï¿½t?ï¿½ï¿½B?ï¿½ï¿½Y?ï¿½ï¿½?ï¿½ï¿½?ï¿½ï¿½É‚ï¿½?ï¿½ï¿½?ï¿½ï¿½?ï¿½ï¿½Æ‚ï¿½?ï¿½ï¿½ÖŒW?ï¿½ï¿½?ï¿½ï¿½?ï¿½ï¿½?ï¿½ï¿½?ï¿½ï¿½?ï¿½ï¿½p?ï¿½ï¿½?ï¿½ï¿½?ï¿½ï¿½I?ï¿½ï¿½Ñ‚È‚ï¿½?ï¿½ï¿½?ï¿½ï¿½?ï¿½ï¿½B?ï¿½ï¿½i1?ï¿½ï¿½Â‘I?ï¿½ï¿½?ï¿½ï¿½?ï¿½ï¿½j','','1',now());
INSERT INTO public.question(question_id,test_id,text,code,right_select_count,create_datetime)VALUES('59','2','?ï¿½ï¿½?ï¿½ï¿½?ï¿½ï¿½Ìƒv?ï¿½ï¿½?ï¿½ï¿½?ï¿½ï¿½O?ï¿½ï¿½?ï¿½ï¿½?ï¿½ï¿½?ï¿½ï¿½?ï¿½ï¿½?ï¿½ï¿½?ï¿½ï¿½R?ï¿½ï¿½?ï¿½ï¿½?ï¿½ï¿½p?ï¿½ï¿½C?ï¿½ï¿½?ï¿½ï¿½?ï¿½ï¿½A?ï¿½ï¿½?ï¿½ï¿½?ï¿½ï¿½s?ï¿½ï¿½?ï¿½ï¿½?ï¿½ï¿½?ï¿½ï¿½?ï¿½ï¿½Æ‚ï¿½?ï¿½ï¿½ÌŒï¿½?ï¿½ï¿½Ê‚Æ‚ï¿½?ï¿½ï¿½ÄA?ï¿½ï¿½?ï¿½ï¿½?ï¿½ï¿½?ï¿½ï¿½?ï¿½ï¿½?ï¿½ï¿½?ï¿½ï¿½?ï¿½ï¿½?ï¿½ï¿½Ì‚ï¿½I?ï¿½ï¿½Ñ‚È‚ï¿½?ï¿½ï¿½?ï¿½ï¿½?ï¿½ï¿½B?ï¿½ï¿½i1?ï¿½ï¿½Â‘I?ï¿½ï¿½?ï¿½ï¿½?ï¿½ï¿½j','	public class Main {
		public static void main(String[] args) {
			int i = 2;
			System.out.println((i += 2) + (i++));
		}
	}','1',now());
INSERT INTO public.question(question_id,test_id,text,code,right_select_count,create_datetime)VALUES('60','2','?ï¿½ï¿½?ï¿½ï¿½?ï¿½ï¿½Ìƒv?ï¿½ï¿½?ï¿½ï¿½?ï¿½ï¿½O?ï¿½ï¿½?ï¿½ï¿½?ï¿½ï¿½?ï¿½ï¿½?ï¿½ï¿½?ï¿½ï¿½?ï¿½ï¿½R?ï¿½ï¿½?ï¿½ï¿½?ï¿½ï¿½p?ï¿½ï¿½C?ï¿½ï¿½?ï¿½ï¿½?ï¿½ï¿½A?ï¿½ï¿½?ï¿½ï¿½?ï¿½ï¿½s?ï¿½ï¿½?ï¿½ï¿½?ï¿½ï¿½?ï¿½ï¿½?ï¿½ï¿½Æ‚ï¿½?ï¿½ï¿½ÌŒï¿½?ï¿½ï¿½Ê‚Æ‚ï¿½?ï¿½ï¿½ÄA?ï¿½ï¿½?ï¿½ï¿½?ï¿½ï¿½?ï¿½ï¿½?ï¿½ï¿½?ï¿½ï¿½?ï¿½ï¿½?ï¿½ï¿½?ï¿½ï¿½Ì‚ï¿½I?ï¿½ï¿½Ñ‚È‚ï¿½?ï¿½ï¿½?ï¿½ï¿½?ï¿½ï¿½B?ï¿½ï¿½i1?ï¿½ï¿½Â‘I?ï¿½ï¿½?ï¿½ï¿½?ï¿½ï¿½j','	public class Main {
		public static void main(String[] args) {
			Sample s = new Sample();
			long data = s.test(10);
			System.out.println(data);
		}
	}

	class Sample {
		public int test(int a) {
			return a * 2;
		}

		public long test(int b) {
			return b * 3;
		}
	}','1',now());



--option
INSERT INTO public."option"(test_id,question_id,option_id,text,right_or_wrong,create_datetime)
VALUES('1','1','1','?ï¿½ï¿½v?ï¿½ï¿½?ï¿½ï¿½?ï¿½ï¿½b?ï¿½ï¿½g?ï¿½ï¿½t?ï¿½ï¿½H?ï¿½ï¿½[?ï¿½ï¿½?ï¿½ï¿½?ï¿½ï¿½ÉˆË‘ï¿½?ï¿½ï¿½?ï¿½ï¿½?ï¿½ï¿½?ï¿½ï¿½?ï¿½ï¿½l?ï¿½ï¿½C?ï¿½ï¿½e?ï¿½ï¿½B?ï¿½ï¿½u?ï¿½ï¿½R?ï¿½ï¿½[?ï¿½ï¿½h?ï¿½ï¿½?ï¿½ï¿½?ï¿½ï¿½L?ï¿½ï¿½q?ï¿½ï¿½?ï¿½ï¿½?ï¿½ï¿½?ï¿½ï¿½Ä‚ï¿½?ï¿½ï¿½?ï¿½ï¿½','0',now());

INSERT INTO public."option"(test_id,question_id,option_id,text,right_or_wrong,create_datetime)
VALUES('1','1','2','?ï¿½ï¿½v?ï¿½ï¿½?ï¿½ï¿½?ï¿½ï¿½b?ï¿½ï¿½g?ï¿½ï¿½t?ï¿½ï¿½H?ï¿½ï¿½[?ï¿½ï¿½?ï¿½ï¿½?ï¿½ï¿½ÉˆË‘ï¿½?ï¿½ï¿½?ï¿½ï¿½?ï¿½ï¿½È‚ï¿½?ï¿½ï¿½l?ï¿½ï¿½C?ï¿½ï¿½e?ï¿½ï¿½B?ï¿½ï¿½u?ï¿½ï¿½R?ï¿½ï¿½[?ï¿½ï¿½h?ï¿½ï¿½?ï¿½ï¿½?ï¿½ï¿½L?ï¿½ï¿½q?ï¿½ï¿½?ï¿½ï¿½?ï¿½ï¿½?ï¿½ï¿½Ä‚ï¿½?ï¿½ï¿½?ï¿½ï¿½','0',now());

INSERT INTO public."option"(test_id,question_id,option_id,text,right_or_wrong,create_datetime)
VALUES('1','1','3','JVM?ï¿½ï¿½?ï¿½ï¿½?ï¿½ï¿½?ï¿½ï¿½?ï¿½ï¿½?ï¿½ï¿½?ï¿½ï¿½?ï¿½ï¿½?ï¿½ï¿½Å‚ï¿½?ï¿½ï¿½?ï¿½ï¿½R?ï¿½ï¿½[?ï¿½ï¿½h?ï¿½ï¿½?ï¿½ï¿½?ï¿½ï¿½L?ï¿½ï¿½q?ï¿½ï¿½?ï¿½ï¿½?ï¿½ï¿½?ï¿½ï¿½Ä‚ï¿½?ï¿½ï¿½?ï¿½ï¿½','1',now());

INSERT INTO public."option"(test_id,question_id,option_id,text,right_or_wrong,create_datetime)
VALUES('1','1','4','?ï¿½ï¿½l?ï¿½ï¿½Ô‚ï¿½?ï¿½ï¿½?ï¿½ï¿½?ï¿½ï¿½?ï¿½ï¿½?ï¿½ï¿½Å‚ï¿½?ï¿½ï¿½?ï¿½ï¿½R?ï¿½ï¿½[?ï¿½ï¿½h?ï¿½ï¿½?ï¿½ï¿½?ï¿½ï¿½L?ï¿½ï¿½q?ï¿½ï¿½?ï¿½ï¿½?ï¿½ï¿½?ï¿½ï¿½Ä‚ï¿½?ï¿½ï¿½?ï¿½ï¿½','0',now());

INSERT INTO public."option"(test_id,question_id,option_id,text,right_or_wrong,create_datetime)
VALUES('1','2','1','DUMMY2-1','0',now());

INSERT INTO public."option"(test_id,question_id,option_id,text,right_or_wrong,create_datetime)
VALUES('1','2','2','DUMMY2-2','1',now());

INSERT INTO public."option"(test_id,question_id,option_id,text,right_or_wrong,create_datetime)
VALUES('1','2','3','DUMMY2-3','1',now());

INSERT INTO public."option"(test_id,question_id,option_id,text,right_or_wrong,create_datetime)
VALUES('1','2','4','DUMMY2-4','0',now());

INSERT INTO public."option"(test_id,question_id,option_id,text,right_or_wrong,create_datetime)
VALUES('1','3','1','DUMMY3-1','0',now());

INSERT INTO public."option"(test_id,question_id,option_id,text,right_or_wrong,create_datetime)
VALUES('1','3','2','DUMMY3-2','1',now());

INSERT INTO public."option"(test_id,question_id,option_id,text,right_or_wrong,create_datetime)
VALUES('1','3','3','DUMMY3-3','1',now());

INSERT INTO public."option"(test_id,question_id,option_id,text,right_or_wrong,create_datetime)
VALUES('1','3','4','DUMMY3-4','0',now());

INSERT INTO public."option"(test_id,question_id,option_id,text,right_or_wrong,create_datetime)
VALUES('1','3','5','DUMMY3-5','0',now());

INSERT INTO public."option"(test_id,question_id,option_id,text,right_or_wrong,create_datetime)
VALUES('1','3','6','DUMMY3-6','0',now());

INSERT INTO public."option"(test_id,question_id,option_id,text,right_or_wrong,create_datetime)
VALUES('1','3','7','DUMMY3-7','1',now());

INSERT INTO public."option"(test_id,question_id,option_id,text,right_or_wrong,create_datetime)
VALUES('2','1','1','A?ï¿½ï¿½N?ï¿½ï¿½?ï¿½ï¿½?ï¿½ï¿½X','FALSE',now());
INSERT INTO public."option"(test_id,question_id,option_id,text,right_or_wrong,create_datetime)
VALUES('2','1','2','A?ï¿½ï¿½N?ï¿½ï¿½?ï¿½ï¿½?ï¿½ï¿½X?ï¿½ï¿½AMain?ï¿½ï¿½N?ï¿½ï¿½?ï¿½ï¿½?ï¿½ï¿½X','TRUE',now());
INSERT INTO public."option"(test_id,question_id,option_id,text,right_or_wrong,create_datetime)
VALUES('2','1','3','A?ï¿½ï¿½N?ï¿½ï¿½?ï¿½ï¿½?ï¿½ï¿½X?ï¿½ï¿½AB?ï¿½ï¿½N?ï¿½ï¿½?ï¿½ï¿½?ï¿½ï¿½X?ï¿½ï¿½AMain?ï¿½ï¿½N?ï¿½ï¿½?ï¿½ï¿½?ï¿½ï¿½X','FALSE',now());
INSERT INTO public."option"(test_id,question_id,option_id,text,right_or_wrong,create_datetime)
VALUES('2','1','4','A?ï¿½ï¿½N?ï¿½ï¿½?ï¿½ï¿½?ï¿½ï¿½X?ï¿½ï¿½AB?ï¿½ï¿½N?ï¿½ï¿½?ï¿½ï¿½?ï¿½ï¿½X','FALSE',now());
INSERT INTO public."option"(test_id,question_id,option_id,text,right_or_wrong,create_datetime)
VALUES('2','2','1','if(game) {','FALSE',now());
INSERT INTO public."option"(test_id,question_id,option_id,text,right_or_wrong,create_datetime)
VALUES('2','2','2','if(game == "false") {','FALSE',now());
INSERT INTO public."option"(test_id,question_id,option_id,text,right_or_wrong,create_datetime)
VALUES('2','2','3','if(game.flag) {','FALSE',now());
INSERT INTO public."option"(test_id,question_id,option_id,text,right_or_wrong,create_datetime)
VALUES('2','2','4','if(game.flag == "false") {','FALSE',now());
INSERT INTO public."option"(test_id,question_id,option_id,text,right_or_wrong,create_datetime)
VALUES('2','2','5','if(!game.flag) {','TRUE',now());
INSERT INTO public."option"(test_id,question_id,option_id,text,right_or_wrong,create_datetime)
VALUES('2','3','1','?ï¿½ï¿½uC?ï¿½ï¿½v?ï¿½ï¿½Æ•\?ï¿½ï¿½?ï¿½ï¿½?ï¿½ï¿½?ï¿½ï¿½?ï¿½ï¿½?ï¿½ï¿½?ï¿½ï¿½','FALSE',now());
INSERT INTO public."option"(test_id,question_id,option_id,text,right_or_wrong,create_datetime)
VALUES('2','3','2','?ï¿½ï¿½uD?ï¿½ï¿½v?ï¿½ï¿½Æ•\?ï¿½ï¿½?ï¿½ï¿½?ï¿½ï¿½?ï¿½ï¿½?ï¿½ï¿½?ï¿½ï¿½?ï¿½ï¿½','FALSE',now());
INSERT INTO public."option"(test_id,question_id,option_id,text,right_or_wrong,create_datetime)
VALUES('2','3','3','?ï¿½ï¿½R?ï¿½ï¿½?ï¿½ï¿½?ï¿½ï¿½p?ï¿½ï¿½C?ï¿½ï¿½?ï¿½ï¿½?ï¿½ï¿½G?ï¿½ï¿½?ï¿½ï¿½?ï¿½ï¿½[?ï¿½ï¿½?ï¿½ï¿½?ï¿½ï¿½?ï¿½ï¿½?ï¿½ï¿½?ï¿½ï¿½?ï¿½ï¿½?ï¿½ï¿½?ï¿½ï¿½?ï¿½ï¿½','TRUE',now());
INSERT INTO public."option"(test_id,question_id,option_id,text,right_or_wrong,create_datetime)
VALUES('2','3','4','?ï¿½ï¿½?ï¿½ï¿½?ï¿½ï¿½s?ï¿½ï¿½?ï¿½ï¿½?ï¿½ï¿½É—ï¿½O?ï¿½ï¿½?ï¿½ï¿½?ï¿½ï¿½X?ï¿½ï¿½?ï¿½ï¿½?ï¿½ï¿½[?ï¿½ï¿½?ï¿½ï¿½?ï¿½ï¿½?ï¿½ï¿½?ï¿½ï¿½','FALSE',now());
INSERT INTO public."option"(test_id,question_id,option_id,text,right_or_wrong,create_datetime)
VALUES('2','4','1','for (s : sa)','FALSE',now());
INSERT INTO public."option"(test_id,question_id,option_id,text,right_or_wrong,create_datetime)
VALUES('2','4','2','for (sa : s)','FALSE',now());
INSERT INTO public."option"(test_id,question_id,option_id,text,right_or_wrong,create_datetime)
VALUES('2','4','3','for (String s : sa)','TRUE',now());
INSERT INTO public."option"(test_id,question_id,option_id,text,right_or_wrong,create_datetime)
VALUES('2','4','4','for (sa : String s)','FALSE',now());
INSERT INTO public."option"(test_id,question_id,option_id,text,right_or_wrong,create_datetime)
VALUES('2','4','5','for (String s : String[] sa)','FALSE',now());
INSERT INTO public."option"(test_id,question_id,option_id,text,right_or_wrong,create_datetime)
VALUES('2','4','6','for (String[] sa : String s)','FALSE',now());
INSERT INTO public."option"(test_id,question_id,option_id,text,right_or_wrong,create_datetime)
VALUES('2','5','1','hi?ï¿½ï¿½?ï¿½ï¿½3?ï¿½ï¿½?ï¿½ï¿½\?ï¿½ï¿½?ï¿½ï¿½?ï¿½ï¿½?ï¿½ï¿½?ï¿½ï¿½?ï¿½ï¿½?ï¿½ï¿½','FALSE',now());
INSERT INTO public."option"(test_id,question_id,option_id,text,right_or_wrong,create_datetime)
VALUES('2','5','2','hi?ï¿½ï¿½?ï¿½ï¿½4?ï¿½ï¿½?ï¿½ï¿½\?ï¿½ï¿½?ï¿½ï¿½?ï¿½ï¿½?ï¿½ï¿½?ï¿½ï¿½?ï¿½ï¿½?ï¿½ï¿½','TRUE',now());
INSERT INTO public."option"(test_id,question_id,option_id,text,right_or_wrong,create_datetime)
VALUES('2','5','3','hi?ï¿½ï¿½?ï¿½ï¿½5?ï¿½ï¿½?ï¿½ï¿½\?ï¿½ï¿½?ï¿½ï¿½?ï¿½ï¿½?ï¿½ï¿½?ï¿½ï¿½?ï¿½ï¿½?ï¿½ï¿½','FALSE',now());
INSERT INTO public."option"(test_id,question_id,option_id,text,right_or_wrong,create_datetime)
VALUES('2','5','4','?ï¿½ï¿½R?ï¿½ï¿½?ï¿½ï¿½?ï¿½ï¿½p?ï¿½ï¿½C?ï¿½ï¿½?ï¿½ï¿½?ï¿½ï¿½G?ï¿½ï¿½?ï¿½ï¿½?ï¿½ï¿½[?ï¿½ï¿½?ï¿½ï¿½?ï¿½ï¿½?ï¿½ï¿½?ï¿½ï¿½?ï¿½ï¿½?ï¿½ï¿½?ï¿½ï¿½?ï¿½ï¿½?ï¿½ï¿½','FALSE',now());
INSERT INTO public."option"(test_id,question_id,option_id,text,right_or_wrong,create_datetime)
VALUES('2','5','5','?ï¿½ï¿½?ï¿½ï¿½?ï¿½ï¿½s?ï¿½ï¿½?ï¿½ï¿½?ï¿½ï¿½É—ï¿½O?ï¿½ï¿½?ï¿½ï¿½?ï¿½ï¿½X?ï¿½ï¿½?ï¿½ï¿½?ï¿½ï¿½[?ï¿½ï¿½?ï¿½ï¿½?ï¿½ï¿½?ï¿½ï¿½?ï¿½ï¿½','FALSE',now());
INSERT INTO public."option"(test_id,question_id,option_id,text,right_or_wrong,create_datetime)
VALUES('2','6','1','Super : B
Super : B','FALSE',now());
INSERT INTO public."option"(test_id,question_id,option_id,text,right_or_wrong,create_datetime)
VALUES('2','6','2','Sub : B
Sub : B','FALSE',now());
INSERT INTO public."option"(test_id,question_id,option_id,text,right_or_wrong,create_datetime)
VALUES('2','6','3','Super : A
Sub : B','FALSE',now());
INSERT INTO public."option"(test_id,question_id,option_id,text,right_or_wrong,create_datetime)
VALUES('2','6','4','?ï¿½ï¿½R?ï¿½ï¿½?ï¿½ï¿½?ï¿½ï¿½p?ï¿½ï¿½C?ï¿½ï¿½?ï¿½ï¿½?ï¿½ï¿½G?ï¿½ï¿½?ï¿½ï¿½?ï¿½ï¿½[?ï¿½ï¿½?ï¿½ï¿½?ï¿½ï¿½?ï¿½ï¿½?ï¿½ï¿½?ï¿½ï¿½?ï¿½ï¿½?ï¿½ï¿½?ï¿½ï¿½?ï¿½ï¿½','TRUE',now());
INSERT INTO public."option"(test_id,question_id,option_id,text,right_or_wrong,create_datetime)
VALUES('2','7','1','?ï¿½ï¿½uparent?ï¿½ï¿½v?ï¿½ï¿½Æ•\?ï¿½ï¿½?ï¿½ï¿½?ï¿½ï¿½?ï¿½ï¿½?ï¿½ï¿½?ï¿½ï¿½?ï¿½ï¿½','FALSE',now());
INSERT INTO public."option"(test_id,question_id,option_id,text,right_or_wrong,create_datetime)
VALUES('2','7','2','?ï¿½ï¿½uchild?ï¿½ï¿½v?ï¿½ï¿½Æ•\?ï¿½ï¿½?ï¿½ï¿½?ï¿½ï¿½?ï¿½ï¿½?ï¿½ï¿½?ï¿½ï¿½?ï¿½ï¿½','TRUE',now());
INSERT INTO public."option"(test_id,question_id,option_id,text,right_or_wrong,create_datetime)
VALUES('2','7','3','?ï¿½ï¿½uparent?ï¿½ï¿½v?ï¿½ï¿½uchild?ï¿½ï¿½v?ï¿½ï¿½Æ•\?ï¿½ï¿½?ï¿½ï¿½?ï¿½ï¿½?ï¿½ï¿½?ï¿½ï¿½?ï¿½ï¿½?ï¿½ï¿½','FALSE',now());
INSERT INTO public."option"(test_id,question_id,option_id,text,right_or_wrong,create_datetime)
VALUES('2','7','4','?ï¿½ï¿½R?ï¿½ï¿½?ï¿½ï¿½?ï¿½ï¿½p?ï¿½ï¿½C?ï¿½ï¿½?ï¿½ï¿½?ï¿½ï¿½G?ï¿½ï¿½?ï¿½ï¿½?ï¿½ï¿½[?ï¿½ï¿½?ï¿½ï¿½?ï¿½ï¿½?ï¿½ï¿½?ï¿½ï¿½?ï¿½ï¿½?ï¿½ï¿½?ï¿½ï¿½?ï¿½ï¿½?ï¿½ï¿½','FALSE',now());
INSERT INTO public."option"(test_id,question_id,option_id,text,right_or_wrong,create_datetime)
VALUES('2','7','5','?ï¿½ï¿½?ï¿½ï¿½?ï¿½ï¿½s?ï¿½ï¿½?ï¿½ï¿½?ï¿½ï¿½É—ï¿½O?ï¿½ï¿½?ï¿½ï¿½?ï¿½ï¿½X?ï¿½ï¿½?ï¿½ï¿½?ï¿½ï¿½[?ï¿½ï¿½?ï¿½ï¿½?ï¿½ï¿½?ï¿½ï¿½?ï¿½ï¿½','FALSE',now());
INSERT INTO public."option"(test_id,question_id,option_id,text,right_or_wrong,create_datetime)
VALUES('2','8','1','?ï¿½ï¿½?ï¿½ï¿½?ï¿½ï¿½?ï¿½ï¿½?ï¿½ï¿½\?ï¿½ï¿½?ï¿½ï¿½?ï¿½ï¿½?ï¿½ï¿½?ï¿½ï¿½?ï¿½ï¿½È‚ï¿½','FALSE',now());
INSERT INTO public."option"(test_id,question_id,option_id,text,right_or_wrong,create_datetime)
VALUES('2','8','2','?ï¿½ï¿½ueasy,normal?ï¿½ï¿½v?ï¿½ï¿½Æ•\?ï¿½ï¿½?ï¿½ï¿½?ï¿½ï¿½?ï¿½ï¿½?ï¿½ï¿½?ï¿½ï¿½?ï¿½ï¿½','FALSE',now());
INSERT INTO public."option"(test_id,question_id,option_id,text,right_or_wrong,create_datetime)
VALUES('2','8','3','?ï¿½ï¿½unormal,hard?ï¿½ï¿½v?ï¿½ï¿½Æ•\?ï¿½ï¿½?ï¿½ï¿½?ï¿½ï¿½?ï¿½ï¿½?ï¿½ï¿½?ï¿½ï¿½?ï¿½ï¿½','TRUE',now());
INSERT INTO public."option"(test_id,question_id,option_id,text,right_or_wrong,create_datetime)
VALUES('2','8','4','?ï¿½ï¿½R?ï¿½ï¿½?ï¿½ï¿½?ï¿½ï¿½p?ï¿½ï¿½C?ï¿½ï¿½?ï¿½ï¿½?ï¿½ï¿½G?ï¿½ï¿½?ï¿½ï¿½?ï¿½ï¿½[?ï¿½ï¿½?ï¿½ï¿½?ï¿½ï¿½?ï¿½ï¿½?ï¿½ï¿½?ï¿½ï¿½?ï¿½ï¿½?ï¿½ï¿½?ï¿½ï¿½?ï¿½ï¿½','FALSE',now());
INSERT INTO public."option"(test_id,question_id,option_id,text,right_or_wrong,create_datetime)
VALUES('2','8','5','?ï¿½ï¿½?ï¿½ï¿½?ï¿½ï¿½s?ï¿½ï¿½?ï¿½ï¿½?ï¿½ï¿½É—ï¿½O?ï¿½ï¿½?ï¿½ï¿½?ï¿½ï¿½X?ï¿½ï¿½?ï¿½ï¿½?ï¿½ï¿½[?ï¿½ï¿½?ï¿½ï¿½?ï¿½ï¿½?ï¿½ï¿½?ï¿½ï¿½','FALSE',now());
INSERT INTO public."option"(test_id,question_id,option_id,text,right_or_wrong,create_datetime)
VALUES('2','9','1','String name;','FALSE',now());
INSERT INTO public."option"(test_id,question_id,option_id,text,right_or_wrong,create_datetime)
VALUES('2','9','2','private void setName(String name);','FALSE',now());
INSERT INTO public."option"(test_id,question_id,option_id,text,right_or_wrong,create_datetime)
VALUES('2','9','3','void getName();','TRUE',now());
INSERT INTO public."option"(test_id,question_id,option_id,text,right_or_wrong,create_datetime)
VALUES('2','9','4','public static void sayHello(String name);','FALSE',now());
INSERT INTO public."option"(test_id,question_id,option_id,text,right_or_wrong,create_datetime)
VALUES('2','9','5','public void print();','TRUE',now());
INSERT INTO public."option"(test_id,question_id,option_id,text,right_or_wrong,create_datetime)
VALUES('2','10','1','public class A {}','TRUE',now());
INSERT INTO public."option"(test_id,question_id,option_id,text,right_or_wrong,create_datetime)
VALUES('2','10','2','class B extends java.lang.Object {}','TRUE',now());
INSERT INTO public."option"(test_id,question_id,option_id,text,right_or_wrong,create_datetime)
VALUES('2','10','3','public class C extends java.lang.* {}','FALSE',now());
INSERT INTO public."option"(test_id,question_id,option_id,text,right_or_wrong,create_datetime)
VALUES('2','10','4','final class D {}','TRUE',now());
INSERT INTO public."option"(test_id,question_id,option_id,text,right_or_wrong,create_datetime)
VALUES('2','10','5','public class E implements Object {}','FALSE',now());
INSERT INTO public."option"(test_id,question_id,option_id,text,right_or_wrong,create_datetime)
VALUES('2','11','1','this.name','FALSE',now());
INSERT INTO public."option"(test_id,question_id,option_id,text,right_or_wrong,create_datetime)
VALUES('2','11','2','super.name','TRUE',now());
INSERT INTO public."option"(test_id,question_id,option_id,text,right_or_wrong,create_datetime)
VALUES('2','11','3','this(name)','FALSE',now());
INSERT INTO public."option"(test_id,question_id,option_id,text,right_or_wrong,create_datetime)
VALUES('2','11','4','super().name','FALSE',now());
INSERT INTO public."option"(test_id,question_id,option_id,text,right_or_wrong,create_datetime)
VALUES('2','11','5','A.name','FALSE',now());
INSERT INTO public."option"(test_id,question_id,option_id,text,right_or_wrong,create_datetime)
VALUES('2','12','1','?ï¿½ï¿½ua1 == a2 a2 == a3?ï¿½ï¿½v?ï¿½ï¿½Æ•\?ï¿½ï¿½?ï¿½ï¿½?ï¿½ï¿½?ï¿½ï¿½?ï¿½ï¿½?ï¿½ï¿½?ï¿½ï¿½','FALSE',now());
INSERT INTO public."option"(test_id,question_id,option_id,text,right_or_wrong,create_datetime)
VALUES('2','12','2','?ï¿½ï¿½ua1 != a2 a2 == a3?ï¿½ï¿½v?ï¿½ï¿½Æ•\?ï¿½ï¿½?ï¿½ï¿½?ï¿½ï¿½?ï¿½ï¿½?ï¿½ï¿½?ï¿½ï¿½?ï¿½ï¿½','FALSE',now());
INSERT INTO public."option"(test_id,question_id,option_id,text,right_or_wrong,create_datetime)
VALUES('2','12','3','?ï¿½ï¿½ua1 == a2 a2 != a3?ï¿½ï¿½v?ï¿½ï¿½Æ•\?ï¿½ï¿½?ï¿½ï¿½?ï¿½ï¿½?ï¿½ï¿½?ï¿½ï¿½?ï¿½ï¿½?ï¿½ï¿½','FALSE',now());
INSERT INTO public."option"(test_id,question_id,option_id,text,right_or_wrong,create_datetime)
VALUES('2','12','4','?ï¿½ï¿½ua1 != a2 a2 != a3?ï¿½ï¿½v?ï¿½ï¿½Æ•\?ï¿½ï¿½?ï¿½ï¿½?ï¿½ï¿½?ï¿½ï¿½?ï¿½ï¿½?ï¿½ï¿½?ï¿½ï¿½','TRUE',now());
INSERT INTO public."option"(test_id,question_id,option_id,text,right_or_wrong,create_datetime)
VALUES('2','13','1','?ï¿½ï¿½uA?ï¿½ï¿½v?ï¿½ï¿½Æ•\?ï¿½ï¿½?ï¿½ï¿½?ï¿½ï¿½?ï¿½ï¿½?ï¿½ï¿½?ï¿½ï¿½?ï¿½ï¿½','FALSE',now());
INSERT INTO public."option"(test_id,question_id,option_id,text,right_or_wrong,create_datetime)
VALUES('2','13','2','?ï¿½ï¿½uB?ï¿½ï¿½v?ï¿½ï¿½Æ•\?ï¿½ï¿½?ï¿½ï¿½?ï¿½ï¿½?ï¿½ï¿½?ï¿½ï¿½?ï¿½ï¿½?ï¿½ï¿½','TRUE',now());
INSERT INTO public."option"(test_id,question_id,option_id,text,right_or_wrong,create_datetime)
VALUES('2','13','3','?ï¿½ï¿½R?ï¿½ï¿½?ï¿½ï¿½?ï¿½ï¿½p?ï¿½ï¿½C?ï¿½ï¿½?ï¿½ï¿½?ï¿½ï¿½G?ï¿½ï¿½?ï¿½ï¿½?ï¿½ï¿½[?ï¿½ï¿½?ï¿½ï¿½?ï¿½ï¿½?ï¿½ï¿½?ï¿½ï¿½?ï¿½ï¿½?ï¿½ï¿½?ï¿½ï¿½?ï¿½ï¿½?ï¿½ï¿½','FALSE',now());
INSERT INTO public."option"(test_id,question_id,option_id,text,right_or_wrong,create_datetime)
VALUES('2','13','4','?ï¿½ï¿½?ï¿½ï¿½?ï¿½ï¿½s?ï¿½ï¿½?ï¿½ï¿½?ï¿½ï¿½É—ï¿½O?ï¿½ï¿½?ï¿½ï¿½?ï¿½ï¿½X?ï¿½ï¿½?ï¿½ï¿½?ï¿½ï¿½[?ï¿½ï¿½?ï¿½ï¿½?ï¿½ï¿½?ï¿½ï¿½?ï¿½ï¿½','FALSE',now());
INSERT INTO public."option"(test_id,question_id,option_id,text,right_or_wrong,create_datetime)
VALUES('2','14','1','?ï¿½ï¿½u1?ï¿½ï¿½v?ï¿½ï¿½Æ•\?ï¿½ï¿½?ï¿½ï¿½?ï¿½ï¿½?ï¿½ï¿½?ï¿½ï¿½?ï¿½ï¿½?ï¿½ï¿½','FALSE',now());
INSERT INTO public."option"(test_id,question_id,option_id,text,right_or_wrong,create_datetime)
VALUES('2','14','2','?ï¿½ï¿½u1.0?ï¿½ï¿½v?ï¿½ï¿½Æ•\?ï¿½ï¿½?ï¿½ï¿½?ï¿½ï¿½?ï¿½ï¿½?ï¿½ï¿½?ï¿½ï¿½?ï¿½ï¿½','FALSE',now());
INSERT INTO public."option"(test_id,question_id,option_id,text,right_or_wrong,create_datetime)
VALUES('2','14','3','?ï¿½ï¿½udefault?ï¿½ï¿½v?ï¿½ï¿½Æ•\?ï¿½ï¿½?ï¿½ï¿½?ï¿½ï¿½?ï¿½ï¿½?ï¿½ï¿½?ï¿½ï¿½?ï¿½ï¿½','FALSE',now());
INSERT INTO public."option"(test_id,question_id,option_id,text,right_or_wrong,create_datetime)
VALUES('2','14','4','?ï¿½ï¿½R?ï¿½ï¿½?ï¿½ï¿½?ï¿½ï¿½p?ï¿½ï¿½C?ï¿½ï¿½?ï¿½ï¿½?ï¿½ï¿½G?ï¿½ï¿½?ï¿½ï¿½?ï¿½ï¿½[?ï¿½ï¿½?ï¿½ï¿½?ï¿½ï¿½?ï¿½ï¿½?ï¿½ï¿½?ï¿½ï¿½?ï¿½ï¿½?ï¿½ï¿½?ï¿½ï¿½?ï¿½ï¿½','TRUE',now());
INSERT INTO public."option"(test_id,question_id,option_id,text,right_or_wrong,create_datetime)
VALUES('2','15','1','Java SE','FALSE',now());
INSERT INTO public."option"(test_id,question_id,option_id,text,right_or_wrong,create_datetime)
VALUES('2','15','2','Java ME','FALSE',now());
INSERT INTO public."option"(test_id,question_id,option_id,text,right_or_wrong,create_datetime)
VALUES('2','15','3','Java EE','TRUE',now());
INSERT INTO public."option"(test_id,question_id,option_id,text,right_or_wrong,create_datetime)
VALUES('2','15','4','Java DB','FALSE',now());
INSERT INTO public."option"(test_id,question_id,option_id,text,right_or_wrong,create_datetime)
VALUES('2','16','1','?ï¿½ï¿½uA?ï¿½ï¿½v?ï¿½ï¿½uB?ï¿½ï¿½v?ï¿½ï¿½Æ•\?ï¿½ï¿½?ï¿½ï¿½?ï¿½ï¿½?ï¿½ï¿½?ï¿½ï¿½?ï¿½ï¿½?ï¿½ï¿½','FALSE',now());
INSERT INTO public."option"(test_id,question_id,option_id,text,right_or_wrong,create_datetime)
VALUES('2','16','2','?ï¿½ï¿½uB?ï¿½ï¿½v?ï¿½ï¿½uB?ï¿½ï¿½v?ï¿½ï¿½Æ•\?ï¿½ï¿½?ï¿½ï¿½?ï¿½ï¿½?ï¿½ï¿½?ï¿½ï¿½?ï¿½ï¿½?ï¿½ï¿½','FALSE',now());
INSERT INTO public."option"(test_id,question_id,option_id,text,right_or_wrong,create_datetime)
VALUES('2','16','3','?ï¿½ï¿½R?ï¿½ï¿½?ï¿½ï¿½?ï¿½ï¿½p?ï¿½ï¿½C?ï¿½ï¿½?ï¿½ï¿½?ï¿½ï¿½G?ï¿½ï¿½?ï¿½ï¿½?ï¿½ï¿½[?ï¿½ï¿½?ï¿½ï¿½?ï¿½ï¿½?ï¿½ï¿½?ï¿½ï¿½?ï¿½ï¿½?ï¿½ï¿½?ï¿½ï¿½?ï¿½ï¿½?ï¿½ï¿½','TRUE',now());
INSERT INTO public."option"(test_id,question_id,option_id,text,right_or_wrong,create_datetime)
VALUES('2','16','4','?ï¿½ï¿½?ï¿½ï¿½?ï¿½ï¿½s?ï¿½ï¿½?ï¿½ï¿½?ï¿½ï¿½É—ï¿½O?ï¿½ï¿½?ï¿½ï¿½?ï¿½ï¿½X?ï¿½ï¿½?ï¿½ï¿½?ï¿½ï¿½[?ï¿½ï¿½?ï¿½ï¿½?ï¿½ï¿½?ï¿½ï¿½?ï¿½ï¿½','FALSE',now());
INSERT INTO public."option"(test_id,question_id,option_id,text,right_or_wrong,create_datetime)
VALUES('2','17','1','?ï¿½ï¿½N?ï¿½ï¿½?ï¿½ï¿½?ï¿½ï¿½X?ï¿½ï¿½t?ï¿½ï¿½@?ï¿½ï¿½C?ï¿½ï¿½?ï¿½ï¿½?ï¿½ï¿½?ï¿½ï¿½Ç‚İï¿½?ï¿½ï¿½İA?ï¿½ï¿½@?ï¿½ï¿½B?ï¿½ï¿½?ï¿½ï¿½ÉƒR?ï¿½ï¿½?ï¿½ï¿½?ï¿½ï¿½p?ï¿½ï¿½C?ï¿½ï¿½?ï¿½ï¿½?ï¿½ï¿½?ï¿½ï¿½?ï¿½ï¿½?ï¿½ï¿½','TRUE',now());
INSERT INTO public."option"(test_id,question_id,option_id,text,right_or_wrong,create_datetime)
VALUES('2','17','2','?ï¿½ï¿½\?ï¿½ï¿½[?ï¿½ï¿½X?ï¿½ï¿½R?ï¿½ï¿½[?ï¿½ï¿½h?ï¿½ï¿½?ï¿½ï¿½?ï¿½ï¿½?ï¿½ï¿½?ï¿½ï¿½O?ï¿½ï¿½ÉƒR?ï¿½ï¿½?ï¿½ï¿½?ï¿½ï¿½p?ï¿½ï¿½C?ï¿½ï¿½?ï¿½ï¿½?ï¿½ï¿½?ï¿½ï¿½?ï¿½ï¿½Ä‚ï¿½?ï¿½ï¿½?ï¿½ï¿½?ï¿½ï¿½?ï¿½ï¿½s?ï¿½ï¿½?ï¿½ï¿½?ï¿½ï¿½?ï¿½ï¿½','FALSE',now());
INSERT INTO public."option"(test_id,question_id,option_id,text,right_or_wrong,create_datetime)
VALUES('2','17','3','?ï¿½ï¿½?ï¿½ï¿½?ï¿½ï¿½s?ï¿½ï¿½Â”\?ï¿½ï¿½t?ï¿½ï¿½@?ï¿½ï¿½C?ï¿½ï¿½?ï¿½ï¿½?ï¿½ï¿½?ï¿½ï¿½ï¿½?ï¿½ï¿½?ï¿½ï¿½?ï¿½ï¿½?ï¿½ï¿½','FALSE',now());
INSERT INTO public."option"(test_id,question_id,option_id,text,right_or_wrong,create_datetime)
VALUES('2','17','4','?ï¿½ï¿½N?ï¿½ï¿½?ï¿½ï¿½?ï¿½ï¿½X?ï¿½ï¿½t?ï¿½ï¿½@?ï¿½ï¿½C?ï¿½ï¿½?ï¿½ï¿½?ï¿½ï¿½?ï¿½ï¿½?ï¿½ï¿½t?ï¿½ï¿½A?ï¿½ï¿½Z?ï¿½ï¿½?ï¿½ï¿½?ï¿½ï¿½u?ï¿½ï¿½?ï¿½ï¿½?ï¿½ï¿½?ï¿½ï¿½?ï¿½ï¿½?ï¿½ï¿½','FALSE',now());
INSERT INTO public."option"(test_id,question_id,option_id,text,right_or_wrong,create_datetime)
VALUES('2','18','1','?ï¿½ï¿½u2?ï¿½ï¿½v?ï¿½ï¿½u1?ï¿½ï¿½v?ï¿½ï¿½u0?ï¿½ï¿½v?ï¿½ï¿½Æ•\?ï¿½ï¿½?ï¿½ï¿½?ï¿½ï¿½?ï¿½ï¿½?ï¿½ï¿½?ï¿½ï¿½?ï¿½ï¿½','FALSE',now());
INSERT INTO public."option"(test_id,question_id,option_id,text,right_or_wrong,create_datetime)
VALUES('2','18','2','?ï¿½ï¿½u3?ï¿½ï¿½v?ï¿½ï¿½u2?ï¿½ï¿½v?ï¿½ï¿½u1?ï¿½ï¿½v?ï¿½ï¿½Æ•\?ï¿½ï¿½?ï¿½ï¿½?ï¿½ï¿½?ï¿½ï¿½?ï¿½ï¿½?ï¿½ï¿½?ï¿½ï¿½','FALSE',now());
INSERT INTO public."option"(test_id,question_id,option_id,text,right_or_wrong,create_datetime)
VALUES('2','18','3','?ï¿½ï¿½u3?ï¿½ï¿½v?ï¿½ï¿½u2?ï¿½ï¿½v?ï¿½ï¿½u1?ï¿½ï¿½v?ï¿½ï¿½u0?ï¿½ï¿½v?ï¿½ï¿½Æ•\?ï¿½ï¿½?ï¿½ï¿½?ï¿½ï¿½?ï¿½ï¿½?ï¿½ï¿½?ï¿½ï¿½?ï¿½ï¿½','TRUE',now());
INSERT INTO public."option"(test_id,question_id,option_id,text,right_or_wrong,create_datetime)
VALUES('2','18','4','?ï¿½ï¿½u3?ï¿½ï¿½v?ï¿½ï¿½u2?ï¿½ï¿½v?ï¿½ï¿½u1?ï¿½ï¿½v?ï¿½ï¿½u0?ï¿½ï¿½v?ï¿½ï¿½u-1?ï¿½ï¿½v?ï¿½ï¿½Æ•\?ï¿½ï¿½?ï¿½ï¿½?ï¿½ï¿½?ï¿½ï¿½?ï¿½ï¿½?ï¿½ï¿½?ï¿½ï¿½','FALSE',now());
INSERT INTO public."option"(test_id,question_id,option_id,text,right_or_wrong,create_datetime)
VALUES('2','18','5','2?ï¿½ï¿½?ï¿½ï¿½?ï¿½ï¿½?ï¿½ï¿½?ï¿½ï¿½?ï¿½ï¿½?ï¿½ï¿½É•\?ï¿½ï¿½?ï¿½ï¿½?ï¿½ï¿½?ï¿½ï¿½?ï¿½ï¿½?ï¿½ï¿½?ï¿½ï¿½','FALSE',now());
INSERT INTO public."option"(test_id,question_id,option_id,text,right_or_wrong,create_datetime)
VALUES('2','18','6','3?ï¿½ï¿½?ï¿½ï¿½?ï¿½ï¿½?ï¿½ï¿½?ï¿½ï¿½?ï¿½ï¿½?ï¿½ï¿½É•\?ï¿½ï¿½?ï¿½ï¿½?ï¿½ï¿½?ï¿½ï¿½?ï¿½ï¿½?ï¿½ï¿½?ï¿½ï¿½','FALSE',now());
INSERT INTO public."option"(test_id,question_id,option_id,text,right_or_wrong,create_datetime)
VALUES('2','19','1','byte a = -100;','FALSE',now());
INSERT INTO public."option"(test_id,question_id,option_id,text,right_or_wrong,create_datetime)
VALUES('2','19','2','short b = 70000;','TRUE',now());
INSERT INTO public."option"(test_id,question_id,option_id,text,right_or_wrong,create_datetime)
VALUES('2','19','3','int c = 10000000;','FALSE',now());
INSERT INTO public."option"(test_id,question_id,option_id,text,right_or_wrong,create_datetime)
VALUES('2','19','4','long d = 1234567L;','FALSE',now());
INSERT INTO public."option"(test_id,question_id,option_id,text,right_or_wrong,create_datetime)
VALUES('2','20','1','?ï¿½ï¿½N?ï¿½ï¿½?ï¿½ï¿½?ï¿½ï¿½X?ï¿½ï¿½ÌƒR?ï¿½ï¿½?ï¿½ï¿½?ï¿½ï¿½X?ï¿½ï¿½g?ï¿½ï¿½?ï¿½ï¿½?ï¿½ï¿½N?ï¿½ï¿½^','FALSE',now());
INSERT INTO public."option"(test_id,question_id,option_id,text,right_or_wrong,create_datetime)
VALUES('2','20','2','?ï¿½ï¿½C?ï¿½ï¿½?ï¿½ï¿½?ï¿½ï¿½^?ï¿½ï¿½t?ï¿½ï¿½F?ï¿½ï¿½[?ï¿½ï¿½X?ï¿½ï¿½ï¿½??ï¿½ï¿½?ï¿½ï¿½\?ï¿½ï¿½b?ï¿½ï¿½h','TRUE',now());
INSERT INTO public."option"(test_id,question_id,option_id,text,right_or_wrong,create_datetime)
VALUES('2','20','3','?ï¿½ï¿½N?ï¿½ï¿½?ï¿½ï¿½?ï¿½ï¿½X?ï¿½ï¿½Ì’ï¿½?ï¿½ï¿½ï¿½??ï¿½ï¿½?ï¿½ï¿½\?ï¿½ï¿½b?ï¿½ï¿½h','TRUE',now());
INSERT INTO public."option"(test_id,question_id,option_id,text,right_or_wrong,create_datetime)
VALUES('2','20','4','?ï¿½ï¿½N?ï¿½ï¿½?ï¿½ï¿½?ï¿½ï¿½X?ï¿½ï¿½Ì‹ï¿½ï¿½??ï¿½ï¿½?ï¿½ï¿½\?ï¿½ï¿½b?ï¿½ï¿½h','FALSE',now());
INSERT INTO public."option"(test_id,question_id,option_id,text,right_or_wrong,create_datetime)
VALUES('2','20','5','?ï¿½ï¿½C?ï¿½ï¿½?ï¿½ï¿½?ï¿½ï¿½^?ï¿½ï¿½t?ï¿½ï¿½F?ï¿½ï¿½[?ï¿½ï¿½X?ï¿½ï¿½Ì’è”','TRUE',now());
INSERT INTO public."option"(test_id,question_id,option_id,text,right_or_wrong,create_datetime)
VALUES('2','20','6','?ï¿½ï¿½N?ï¿½ï¿½?ï¿½ï¿½?ï¿½ï¿½X?ï¿½ï¿½Ì•Ïï¿½','FALSE',now());
INSERT INTO public."option"(test_id,question_id,option_id,text,right_or_wrong,create_datetime)
VALUES('2','21','1','?ï¿½ï¿½u0,2,3?ï¿½ï¿½v?ï¿½ï¿½Æ•\?ï¿½ï¿½?ï¿½ï¿½?ï¿½ï¿½?ï¿½ï¿½?ï¿½ï¿½?ï¿½ï¿½?ï¿½ï¿½','FALSE',now());
INSERT INTO public."option"(test_id,question_id,option_id,text,right_or_wrong,create_datetime)
VALUES('2','21','2','?ï¿½ï¿½u1,2,3?ï¿½ï¿½v?ï¿½ï¿½Æ•\?ï¿½ï¿½?ï¿½ï¿½?ï¿½ï¿½?ï¿½ï¿½?ï¿½ï¿½?ï¿½ï¿½?ï¿½ï¿½','TRUE',now());
INSERT INTO public."option"(test_id,question_id,option_id,text,right_or_wrong,create_datetime)
VALUES('2','21','3','?ï¿½ï¿½u2,0,3?ï¿½ï¿½v?ï¿½ï¿½Æ•\?ï¿½ï¿½?ï¿½ï¿½?ï¿½ï¿½?ï¿½ï¿½?ï¿½ï¿½?ï¿½ï¿½?ï¿½ï¿½','FALSE',now());
INSERT INTO public."option"(test_id,question_id,option_id,text,right_or_wrong,create_datetime)
VALUES('2','21','4','?ï¿½ï¿½u2,2,3?ï¿½ï¿½v?ï¿½ï¿½Æ•\?ï¿½ï¿½?ï¿½ï¿½?ï¿½ï¿½?ï¿½ï¿½?ï¿½ï¿½?ï¿½ï¿½?ï¿½ï¿½','FALSE',now());
INSERT INTO public."option"(test_id,question_id,option_id,text,right_or_wrong,create_datetime)
VALUES('2','22','1','?ï¿½ï¿½?ï¿½ï¿½?ï¿½ï¿½?ï¿½ï¿½?ï¿½ï¿½N?ï¿½ï¿½?ï¿½ï¿½?ï¿½ï¿½X?ï¿½ï¿½ï¿½??ï¿½ï¿½?ï¿½ï¿½\?ï¿½ï¿½b?ï¿½ï¿½h?ï¿½ï¿½?ï¿½ï¿½?ï¿½ï¿½?ï¿½ï¿½A?ï¿½ï¿½N?ï¿½ï¿½Z?ï¿½ï¿½X?ï¿½ï¿½Å‚ï¿½?ï¿½ï¿½?ï¿½ï¿½','TRUE',now());
INSERT INTO public."option"(test_id,question_id,option_id,text,right_or_wrong,create_datetime)
VALUES('2','22','2','?ï¿½ï¿½T?ï¿½ï¿½u?ï¿½ï¿½N?ï¿½ï¿½?ï¿½ï¿½?ï¿½ï¿½X?ï¿½ï¿½ï¿½??ï¿½ï¿½?ï¿½ï¿½\?ï¿½ï¿½b?ï¿½ï¿½h?ï¿½ï¿½?ï¿½ï¿½?ï¿½ï¿½?ï¿½ï¿½A?ï¿½ï¿½N?ï¿½ï¿½Z?ï¿½ï¿½X?ï¿½ï¿½Å‚ï¿½?ï¿½ï¿½?ï¿½ï¿½','FALSE',now());
INSERT INTO public."option"(test_id,question_id,option_id,text,right_or_wrong,create_datetime)
VALUES('2','22','3','?ï¿½ï¿½?ï¿½ï¿½?ï¿½ï¿½?ï¿½ï¿½?ï¿½ï¿½p?ï¿½ï¿½b?ï¿½ï¿½P?ï¿½ï¿½[?ï¿½ï¿½W?ï¿½ï¿½É‘ï¿½?ï¿½ï¿½?ï¿½ï¿½?ï¿½ï¿½é‚·?ï¿½ï¿½×‚Ä‚ÌƒN?ï¿½ï¿½?ï¿½ï¿½?ï¿½ï¿½X?ï¿½ï¿½?ï¿½ï¿½?ï¿½ï¿½?ï¿½ï¿½A?ï¿½ï¿½N?ï¿½ï¿½Z?ï¿½ï¿½X?ï¿½ï¿½Å‚ï¿½?ï¿½ï¿½?ï¿½ï¿½','FALSE',now());
INSERT INTO public."option"(test_id,question_id,option_id,text,right_or_wrong,create_datetime)
VALUES('2','22','4','?ï¿½ï¿½X?ï¿½ï¿½[?ï¿½ï¿½p?ï¿½ï¿½[?ï¿½ï¿½N?ï¿½ï¿½?ï¿½ï¿½?ï¿½ï¿½X?ï¿½ï¿½ï¿½??ï¿½ï¿½?ï¿½ï¿½\?ï¿½ï¿½b?ï¿½ï¿½h?ï¿½ï¿½?ï¿½ï¿½?ï¿½ï¿½?ï¿½ï¿½A?ï¿½ï¿½N?ï¿½ï¿½Z?ï¿½ï¿½X?ï¿½ï¿½Å‚ï¿½?ï¿½ï¿½?ï¿½ï¿½','FALSE',now());
INSERT INTO public."option"(test_id,question_id,option_id,text,right_or_wrong,create_datetime)
VALUES('2','23','1','public','FALSE',now());
INSERT INTO public."option"(test_id,question_id,option_id,text,right_or_wrong,create_datetime)
VALUES('2','23','2','static','TRUE',now());
INSERT INTO public."option"(test_id,question_id,option_id,text,right_or_wrong,create_datetime)
VALUES('2','23','3','final','FALSE',now());
INSERT INTO public."option"(test_id,question_id,option_id,text,right_or_wrong,create_datetime)
VALUES('2','23','4','?ï¿½ï¿½?ï¿½ï¿½?ï¿½ï¿½?ï¿½ï¿½?ï¿½ï¿½K?ï¿½ï¿½v?ï¿½ï¿½È‚ï¿½','FALSE',now());
INSERT INTO public."option"(test_id,question_id,option_id,text,right_or_wrong,create_datetime)
VALUES('2','24','1','num?ï¿½ï¿½?ï¿½ï¿½private?ï¿½ï¿½ÅC?ï¿½ï¿½?ï¿½ï¿½?ï¿½ï¿½?ï¿½ï¿½?ï¿½ï¿½?ï¿½ï¿½Ä‚ï¿½?ï¿½ï¿½é‚½?ï¿½ï¿½ßƒR?ï¿½ï¿½?ï¿½ï¿½?ï¿½ï¿½p?ï¿½ï¿½C?ï¿½ï¿½?ï¿½ï¿½?ï¿½ï¿½G?ï¿½ï¿½?ï¿½ï¿½?ï¿½ï¿½[?ï¿½ï¿½É‚È‚ï¿½','FALSE',now());
INSERT INTO public."option"(test_id,question_id,option_id,text,right_or_wrong,create_datetime)
VALUES('2','24','2','print?ï¿½ï¿½?ï¿½ï¿½?ï¿½ï¿½\?ï¿½ï¿½b?ï¿½ï¿½h?ï¿½ï¿½?ï¿½ï¿½B?ï¿½ï¿½N?ï¿½ï¿½?ï¿½ï¿½?ï¿½ï¿½X?ï¿½ï¿½É’ï¿½`?ï¿½ï¿½?ï¿½ï¿½?ï¿½ï¿½?ï¿½ï¿½Ä‚ï¿½?ï¿½ï¿½È‚ï¿½?ï¿½ï¿½?ï¿½ï¿½?ï¿½ï¿½ßƒR?ï¿½ï¿½?ï¿½ï¿½?ï¿½ï¿½p?ï¿½ï¿½C?ï¿½ï¿½?ï¿½ï¿½?ï¿½ï¿½G?ï¿½ï¿½?ï¿½ï¿½?ï¿½ï¿½[?ï¿½ï¿½É‚È‚ï¿½','FALSE',now());
INSERT INTO public."option"(test_id,question_id,option_id,text,right_or_wrong,create_datetime)
VALUES('2','24','3','?ï¿½ï¿½?ï¿½ï¿½?ï¿½ï¿½s?ï¿½ï¿½?ï¿½ï¿½?ï¿½ï¿½É—ï¿½O?ï¿½ï¿½?ï¿½ï¿½?ï¿½ï¿½X?ï¿½ï¿½?ï¿½ï¿½?ï¿½ï¿½[?ï¿½ï¿½?ï¿½ï¿½?ï¿½ï¿½?ï¿½ï¿½?ï¿½ï¿½','FALSE',now());
INSERT INTO public."option"(test_id,question_id,option_id,text,right_or_wrong,create_datetime)
VALUES('2','24','4','10?ï¿½ï¿½?ï¿½ï¿½?ï¿½ï¿½\?ï¿½ï¿½?ï¿½ï¿½?ï¿½ï¿½?ï¿½ï¿½?ï¿½ï¿½?ï¿½ï¿½?ï¿½ï¿½','TRUE',now());
INSERT INTO public."option"(test_id,question_id,option_id,text,right_or_wrong,create_datetime)
VALUES('2','25','1','a = "A";
this("B");','FALSE',now());
INSERT INTO public."option"(test_id,question_id,option_id,text,right_or_wrong,create_datetime)
VALUES('2','25','2','this("B");
a = "A";','TRUE',now());
INSERT INTO public."option"(test_id,question_id,option_id,text,right_or_wrong,create_datetime)
VALUES('2','25','3','this(c);
a = "A";','FALSE',now());
INSERT INTO public."option"(test_id,question_id,option_id,text,right_or_wrong,create_datetime)
VALUES('2','25','4','a = "A";
this.Test(c);','FALSE',now());
INSERT INTO public."option"(test_id,question_id,option_id,text,right_or_wrong,create_datetime)
VALUES('2','25','5','Test("B");
a = "A";','FALSE',now());
INSERT INTO public."option"(test_id,question_id,option_id,text,right_or_wrong,create_datetime)
VALUES('2','26','1','?ï¿½ï¿½unull?ï¿½ï¿½v?ï¿½ï¿½Æ•\?ï¿½ï¿½?ï¿½ï¿½?ï¿½ï¿½?ï¿½ï¿½?ï¿½ï¿½?ï¿½ï¿½?ï¿½ï¿½','TRUE',now());
INSERT INTO public."option"(test_id,question_id,option_id,text,right_or_wrong,create_datetime)
VALUES('2','26','2','?ï¿½ï¿½utest?ï¿½ï¿½v?ï¿½ï¿½Æ•\?ï¿½ï¿½?ï¿½ï¿½?ï¿½ï¿½?ï¿½ï¿½?ï¿½ï¿½?ï¿½ï¿½?ï¿½ï¿½','FALSE',now());
INSERT INTO public."option"(test_id,question_id,option_id,text,right_or_wrong,create_datetime)
VALUES('2','26','3','?ï¿½ï¿½R?ï¿½ï¿½?ï¿½ï¿½?ï¿½ï¿½p?ï¿½ï¿½C?ï¿½ï¿½?ï¿½ï¿½?ï¿½ï¿½G?ï¿½ï¿½?ï¿½ï¿½?ï¿½ï¿½[?ï¿½ï¿½?ï¿½ï¿½?ï¿½ï¿½?ï¿½ï¿½?ï¿½ï¿½?ï¿½ï¿½?ï¿½ï¿½?ï¿½ï¿½?ï¿½ï¿½?ï¿½ï¿½','FALSE',now());
INSERT INTO public."option"(test_id,question_id,option_id,text,right_or_wrong,create_datetime)
VALUES('2','26','4','?ï¿½ï¿½?ï¿½ï¿½?ï¿½ï¿½s?ï¿½ï¿½?ï¿½ï¿½?ï¿½ï¿½É—ï¿½O?ï¿½ï¿½?ï¿½ï¿½?ï¿½ï¿½X?ï¿½ï¿½?ï¿½ï¿½?ï¿½ï¿½[?ï¿½ï¿½?ï¿½ï¿½?ï¿½ï¿½?ï¿½ï¿½?ï¿½ï¿½','FALSE',now());
INSERT INTO public."option"(test_id,question_id,option_id,text,right_or_wrong,create_datetime)
VALUES('2','27','1','?ï¿½ï¿½N?ï¿½ï¿½?ï¿½ï¿½?ï¿½ï¿½X?ï¿½ï¿½A?ï¿½ï¿½t?ï¿½ï¿½B?ï¿½ï¿½[?ï¿½ï¿½?ï¿½ï¿½?ï¿½ï¿½h?ï¿½ï¿½A?ï¿½ï¿½R?ï¿½ï¿½?ï¿½ï¿½?ï¿½ï¿½X?ï¿½ï¿½g?ï¿½ï¿½?ï¿½ï¿½?ï¿½ï¿½N?ï¿½ï¿½^?ï¿½ï¿½A?ï¿½ï¿½?ï¿½ï¿½ï¿½??ï¿½ï¿½?ï¿½ï¿½\?ï¿½ï¿½b?ï¿½ï¿½h','TRUE',now());
INSERT INTO public."option"(test_id,question_id,option_id,text,right_or_wrong,create_datetime)
VALUES('2','27','2','?ï¿½ï¿½N?ï¿½ï¿½?ï¿½ï¿½?ï¿½ï¿½X?ï¿½ï¿½A?ï¿½ï¿½t?ï¿½ï¿½B?ï¿½ï¿½[?ï¿½ï¿½?ï¿½ï¿½?ï¿½ï¿½h?ï¿½ï¿½A?ï¿½ï¿½?ï¿½ï¿½?ï¿½ï¿½ï¿½??ï¿½ï¿½?ï¿½ï¿½\?ï¿½ï¿½b?ï¿½ï¿½h','FALSE',now());
INSERT INTO public."option"(test_id,question_id,option_id,text,right_or_wrong,create_datetime)
VALUES('2','27','3','?ï¿½ï¿½?ï¿½ï¿½?ï¿½ï¿½ÛƒN?ï¿½ï¿½?ï¿½ï¿½?ï¿½ï¿½X?ï¿½ï¿½A?ï¿½ï¿½t?ï¿½ï¿½B?ï¿½ï¿½[?ï¿½ï¿½?ï¿½ï¿½?ï¿½ï¿½h?ï¿½ï¿½A?ï¿½ï¿½?ï¿½ï¿½ï¿½??ï¿½ï¿½?ï¿½ï¿½\?ï¿½ï¿½b?ï¿½ï¿½h','FALSE',now());
INSERT INTO public."option"(test_id,question_id,option_id,text,right_or_wrong,create_datetime)
VALUES('2','27','4','?ï¿½ï¿½C?ï¿½ï¿½?ï¿½ï¿½?ï¿½ï¿½^?ï¿½ï¿½t?ï¿½ï¿½F?ï¿½ï¿½[?ï¿½ï¿½X?ï¿½ï¿½A?ï¿½ï¿½?ï¿½ï¿½ï¿½??ï¿½ï¿½?ï¿½ï¿½\?ï¿½ï¿½b?ï¿½ï¿½h','FALSE',now());
INSERT INTO public."option"(test_id,question_id,option_id,text,right_or_wrong,create_datetime)
VALUES('2','27','5','?ï¿½ï¿½t?ï¿½ï¿½B?ï¿½ï¿½[?ï¿½ï¿½?ï¿½ï¿½?ï¿½ï¿½h?ï¿½ï¿½A?ï¿½ï¿½?ï¿½ï¿½?ï¿½ï¿½ï¿½??ï¿½ï¿½?ï¿½ï¿½\?ï¿½ï¿½b?ï¿½ï¿½h','FALSE',now());
INSERT INTO public."option"(test_id,question_id,option_id,text,right_or_wrong,create_datetime)
VALUES('2','28','1','?ï¿½ï¿½utest?ï¿½ï¿½v?ï¿½ï¿½Æ•\?ï¿½ï¿½?ï¿½ï¿½?ï¿½ï¿½?ï¿½ï¿½?ï¿½ï¿½?ï¿½ï¿½?ï¿½ï¿½','FALSE',now());
INSERT INTO public."option"(test_id,question_id,option_id,text,right_or_wrong,create_datetime)
VALUES('2','28','2','?ï¿½ï¿½uMain test?ï¿½ï¿½v?ï¿½ï¿½Æ•\?ï¿½ï¿½?ï¿½ï¿½?ï¿½ï¿½?ï¿½ï¿½?ï¿½ï¿½?ï¿½ï¿½?ï¿½ï¿½','FALSE',now());
INSERT INTO public."option"(test_id,question_id,option_id,text,right_or_wrong,create_datetime)
VALUES('2','28','3','?ï¿½ï¿½utest null?ï¿½ï¿½v?ï¿½ï¿½Æ•\?ï¿½ï¿½?ï¿½ï¿½?ï¿½ï¿½?ï¿½ï¿½?ï¿½ï¿½?ï¿½ï¿½?ï¿½ï¿½','FALSE',now());
INSERT INTO public."option"(test_id,question_id,option_id,text,right_or_wrong,create_datetime)
VALUES('2','28','4','?ï¿½ï¿½?ï¿½ï¿½?ï¿½ï¿½s?ï¿½ï¿½?ï¿½ï¿½?ï¿½ï¿½É—ï¿½O?ï¿½ï¿½?ï¿½ï¿½?ï¿½ï¿½X?ï¿½ï¿½?ï¿½ï¿½?ï¿½ï¿½[?ï¿½ï¿½?ï¿½ï¿½?ï¿½ï¿½?ï¿½ï¿½?ï¿½ï¿½','TRUE',now());
INSERT INTO public."option"(test_id,question_id,option_id,text,right_or_wrong,create_datetime)
VALUES('2','29','1','C?ï¿½ï¿½N?ï¿½ï¿½?ï¿½ï¿½?ï¿½ï¿½X?ï¿½ï¿½ÌƒR?ï¿½ï¿½?ï¿½ï¿½?ï¿½ï¿½p?ï¿½ï¿½C?ï¿½ï¿½?ï¿½ï¿½?ï¿½ï¿½Éï¿½?ï¿½ï¿½s?ï¿½ï¿½?ï¿½ï¿½?ï¿½ï¿½?ï¿½ï¿½','FALSE',now());
INSERT INTO public."option"(test_id,question_id,option_id,text,right_or_wrong,create_datetime)
VALUES('2','29','2','?ï¿½ï¿½u3 19?ï¿½ï¿½v?ï¿½ï¿½?ï¿½ï¿½?ï¿½ï¿½\?ï¿½ï¿½?ï¿½ï¿½?ï¿½ï¿½?ï¿½ï¿½?ï¿½ï¿½?ï¿½ï¿½A?ï¿½ï¿½?ï¿½ï¿½O?ï¿½ï¿½?ï¿½ï¿½?ï¿½ï¿½X?ï¿½ï¿½?ï¿½ï¿½?ï¿½ï¿½[?ï¿½ï¿½?ï¿½ï¿½?ï¿½ï¿½?ï¿½ï¿½?ï¿½ï¿½','FALSE',now());
INSERT INTO public."option"(test_id,question_id,option_id,text,right_or_wrong,create_datetime)
VALUES('2','29','3','Main?ï¿½ï¿½N?ï¿½ï¿½?ï¿½ï¿½?ï¿½ï¿½X?ï¿½ï¿½?ï¿½ï¿½4?ï¿½ï¿½s?ï¿½ï¿½Ú‚ÅƒR?ï¿½ï¿½?ï¿½ï¿½?ï¿½ï¿½p?ï¿½ï¿½C?ï¿½ï¿½?ï¿½ï¿½?ï¿½ï¿½G?ï¿½ï¿½?ï¿½ï¿½?ï¿½ï¿½[?ï¿½ï¿½É‚È‚ï¿½','FALSE',now());
INSERT INTO public."option"(test_id,question_id,option_id,text,right_or_wrong,create_datetime)
VALUES('2','29','4','?ï¿½ï¿½u3 19?ï¿½ï¿½v?ï¿½ï¿½?ï¿½ï¿½?ï¿½ï¿½\?ï¿½ï¿½?ï¿½ï¿½?ï¿½ï¿½?ï¿½ï¿½?ï¿½ï¿½?ï¿½ï¿½?ï¿½ï¿½','TRUE',now());
INSERT INTO public."option"(test_id,question_id,option_id,text,right_or_wrong,create_datetime)
VALUES('2','29','5','B?ï¿½ï¿½N?ï¿½ï¿½?ï¿½ï¿½?ï¿½ï¿½X?ï¿½ï¿½?ï¿½ï¿½3?ï¿½ï¿½s?ï¿½ï¿½Ú‚ÅƒR?ï¿½ï¿½?ï¿½ï¿½?ï¿½ï¿½p?ï¿½ï¿½C?ï¿½ï¿½?ï¿½ï¿½?ï¿½ï¿½G?ï¿½ï¿½?ï¿½ï¿½?ï¿½ï¿½[?ï¿½ï¿½É‚È‚ï¿½','FALSE',now());
INSERT INTO public."option"(test_id,question_id,option_id,text,right_or_wrong,create_datetime)
VALUES('2','30','1','?ï¿½ï¿½ushape?ï¿½ï¿½v?ï¿½ï¿½Æ•\?ï¿½ï¿½?ï¿½ï¿½?ï¿½ï¿½?ï¿½ï¿½?ï¿½ï¿½?ï¿½ï¿½?ï¿½ï¿½','FALSE',now());
INSERT INTO public."option"(test_id,question_id,option_id,text,right_or_wrong,create_datetime)
VALUES('2','30','2','?ï¿½ï¿½utriangle?ï¿½ï¿½v?ï¿½ï¿½Æ•\?ï¿½ï¿½?ï¿½ï¿½?ï¿½ï¿½?ï¿½ï¿½?ï¿½ï¿½?ï¿½ï¿½?ï¿½ï¿½','FALSE',now());
INSERT INTO public."option"(test_id,question_id,option_id,text,right_or_wrong,create_datetime)
VALUES('2','30','3','?ï¿½ï¿½R?ï¿½ï¿½?ï¿½ï¿½?ï¿½ï¿½p?ï¿½ï¿½C?ï¿½ï¿½?ï¿½ï¿½?ï¿½ï¿½G?ï¿½ï¿½?ï¿½ï¿½?ï¿½ï¿½[?ï¿½ï¿½?ï¿½ï¿½?ï¿½ï¿½?ï¿½ï¿½?ï¿½ï¿½?ï¿½ï¿½?ï¿½ï¿½?ï¿½ï¿½?ï¿½ï¿½?ï¿½ï¿½','FALSE',now());
INSERT INTO public."option"(test_id,question_id,option_id,text,right_or_wrong,create_datetime)
VALUES('2','30','4','?ï¿½ï¿½?ï¿½ï¿½?ï¿½ï¿½s?ï¿½ï¿½?ï¿½ï¿½?ï¿½ï¿½É—ï¿½O?ï¿½ï¿½?ï¿½ï¿½?ï¿½ï¿½X?ï¿½ï¿½?ï¿½ï¿½?ï¿½ï¿½[?ï¿½ï¿½?ï¿½ï¿½?ï¿½ï¿½?ï¿½ï¿½?ï¿½ï¿½','TRUE',now());
INSERT INTO public."option"(test_id,question_id,option_id,text,right_or_wrong,create_datetime)
VALUES('2','31','1','public void test(int a) {}','TRUE',now());
INSERT INTO public."option"(test_id,question_id,option_id,text,right_or_wrong,create_datetime)
VALUES('2','31','2','public int test(int a, int b) {}','FALSE',now());
INSERT INTO public."option"(test_id,question_id,option_id,text,right_or_wrong,create_datetime)
VALUES('2','31','3','public void sample() {}','FALSE',now());
INSERT INTO public."option"(test_id,question_id,option_id,text,right_or_wrong,create_datetime)
VALUES('2','31','4','public test(int a, int b) {}','FALSE',now());
INSERT INTO public."option"(test_id,question_id,option_id,text,right_or_wrong,create_datetime)
VALUES('2','32','1','?ï¿½ï¿½p?ï¿½ï¿½b?ï¿½ï¿½P?ï¿½ï¿½[?ï¿½ï¿½W?ï¿½ï¿½éŒ¾?ï¿½ï¿½Í•K?ï¿½ï¿½{?ï¿½ï¿½Å‚Í‚È‚ï¿½','TRUE',now());
INSERT INTO public."option"(test_id,question_id,option_id,text,right_or_wrong,create_datetime)
VALUES('2','32','2','?ï¿½ï¿½p?ï¿½ï¿½b?ï¿½ï¿½P?ï¿½ï¿½[?ï¿½ï¿½W?ï¿½ï¿½éŒ¾?ï¿½ï¿½ÍA?ï¿½ï¿½\?ï¿½ï¿½[?ï¿½ï¿½X?ï¿½ï¿½t?ï¿½ï¿½@?ï¿½ï¿½C?ï¿½ï¿½?ï¿½ï¿½?ï¿½ï¿½Ìæ“ª?ï¿½ï¿½s?ï¿½ï¿½É‹L?ï¿½ï¿½q?ï¿½ï¿½?ï¿½ï¿½?ï¿½ï¿½È‚ï¿½?ï¿½ï¿½?ï¿½ï¿½Î‚ï¿½?ï¿½ï¿½?ï¿½ï¿½?ï¿½ï¿½È‚ï¿½','TRUE',now());
INSERT INTO public."option"(test_id,question_id,option_id,text,right_or_wrong,create_datetime)
VALUES('2','32','3','1?ï¿½ï¿½Â‚Ìƒ\?ï¿½ï¿½[?ï¿½ï¿½X?ï¿½ï¿½t?ï¿½ï¿½@?ï¿½ï¿½C?ï¿½ï¿½?ï¿½ï¿½?ï¿½ï¿½?ï¿½ï¿½?ï¿½ï¿½ÉA?ï¿½ï¿½C?ï¿½ï¿½?ï¿½ï¿½?ï¿½ï¿½^?ï¿½ï¿½t?ï¿½ï¿½F?ï¿½ï¿½[?ï¿½ï¿½X?ï¿½ï¿½ÆƒN?ï¿½ï¿½?ï¿½ï¿½?ï¿½ï¿½X?ï¿½ï¿½Ì—ï¿½?ï¿½ï¿½?ï¿½ï¿½?ï¿½ï¿½?ï¿½ï¿½?ï¿½ï¿½`?ï¿½ï¿½Å‚ï¿½?ï¿½ï¿½?ï¿½ï¿½','TRUE',now());
INSERT INTO public."option"(test_id,question_id,option_id,text,right_or_wrong,create_datetime)
VALUES('2','32','4','?ï¿½ï¿½C?ï¿½ï¿½?ï¿½ï¿½?ï¿½ï¿½|?ï¿½ï¿½[?ï¿½ï¿½g?ï¿½ï¿½éŒ¾?ï¿½ï¿½?ï¿½ï¿½1?ï¿½ï¿½Â‚ï¿½?ï¿½ï¿½?ï¿½ï¿½?ï¿½ï¿½L?ï¿½ï¿½q?ï¿½ï¿½Å‚ï¿½?ï¿½ï¿½?ï¿½ï¿½','FALSE',now());
INSERT INTO public."option"(test_id,question_id,option_id,text,right_or_wrong,create_datetime)
VALUES('2','32','5','?ï¿½ï¿½C?ï¿½ï¿½?ï¿½ï¿½?ï¿½ï¿½|?ï¿½ï¿½[?ï¿½ï¿½g?ï¿½ï¿½éŒ¾?ï¿½ï¿½Íƒ\?ï¿½ï¿½[?ï¿½ï¿½X?ï¿½ï¿½t?ï¿½ï¿½@?ï¿½ï¿½C?ï¿½ï¿½?ï¿½ï¿½?ï¿½ï¿½Ì‚Ç‚ï¿½?ï¿½ï¿½É‹L?ï¿½ï¿½q?ï¿½ï¿½?ï¿½ï¿½?ï¿½ï¿½Ä‚ï¿½?ï¿½ï¿½æ‚¢','FALSE',now());
INSERT INTO public."option"(test_id,question_id,option_id,text,right_or_wrong,create_datetime)
VALUES('2','32','6','1?ï¿½ï¿½Â‚Ìƒ\?ï¿½ï¿½[?ï¿½ï¿½X?ï¿½ï¿½t?ï¿½ï¿½@?ï¿½ï¿½C?ï¿½ï¿½?ï¿½ï¿½?ï¿½ï¿½?ï¿½ï¿½?ï¿½ï¿½ÉAfinal?ï¿½ï¿½N?ï¿½ï¿½?ï¿½ï¿½?ï¿½ï¿½X?ï¿½ï¿½?ï¿½ï¿½1?ï¿½ï¿½Â‚ï¿½?ï¿½ï¿½?ï¿½ï¿½?ï¿½ï¿½?ï¿½ï¿½`?ï¿½ï¿½Å‚ï¿½?ï¿½ï¿½?ï¿½ï¿½','FALSE',now());
INSERT INTO public."option"(test_id,question_id,option_id,text,right_or_wrong,create_datetime)
VALUES('2','32','7','?ï¿½ï¿½\?ï¿½ï¿½[?ï¿½ï¿½X?ï¿½ï¿½t?ï¿½ï¿½@?ï¿½ï¿½C?ï¿½ï¿½?ï¿½ï¿½?ï¿½ï¿½Ì–ï¿½?ï¿½ï¿½O?ï¿½ï¿½ÍApublic?ï¿½ï¿½éŒ¾?ï¿½ï¿½?ï¿½ï¿½?ï¿½ï¿½ê‚½?ï¿½ï¿½N?ï¿½ï¿½?ï¿½ï¿½?ï¿½ï¿½X?ï¿½ï¿½Ì–ï¿½?ï¿½ï¿½O?ï¿½ï¿½Æˆï¿½v?ï¿½ï¿½?ï¿½ï¿½?ï¿½ï¿½?ï¿½ï¿½?ï¿½ï¿½È‚ï¿½?ï¿½ï¿½?ï¿½ï¿½Î‚È‚ï¿½È‚ï¿½','TRUE',now());
INSERT INTO public."option"(test_id,question_id,option_id,text,right_or_wrong,create_datetime)
VALUES('2','33','1','++i < 5;','TRUE',now());
INSERT INTO public."option"(test_id,question_id,option_id,text,right_or_wrong,create_datetime)
VALUES('2','33','2','i++ < 5;','FALSE',now());
INSERT INTO public."option"(test_id,question_id,option_id,text,right_or_wrong,create_datetime)
VALUES('2','33','3','i < 5; i++','FALSE',now());
INSERT INTO public."option"(test_id,question_id,option_id,text,right_or_wrong,create_datetime)
VALUES('2','33','4','i < 5; ++i','FALSE',now());
INSERT INTO public."option"(test_id,question_id,option_id,text,right_or_wrong,create_datetime)
VALUES('2','34','1','?ï¿½ï¿½uA?ï¿½ï¿½v?ï¿½ï¿½Æ•\?ï¿½ï¿½?ï¿½ï¿½?ï¿½ï¿½?ï¿½ï¿½?ï¿½ï¿½?ï¿½ï¿½?ï¿½ï¿½','FALSE',now());
INSERT INTO public."option"(test_id,question_id,option_id,text,right_or_wrong,create_datetime)
VALUES('2','34','2','?ï¿½ï¿½uB?ï¿½ï¿½v?ï¿½ï¿½Æ•\?ï¿½ï¿½?ï¿½ï¿½?ï¿½ï¿½?ï¿½ï¿½?ï¿½ï¿½?ï¿½ï¿½?ï¿½ï¿½','TRUE',now());
INSERT INTO public."option"(test_id,question_id,option_id,text,right_or_wrong,create_datetime)
VALUES('2','34','3','?ï¿½ï¿½uC?ï¿½ï¿½v?ï¿½ï¿½Æ•\?ï¿½ï¿½?ï¿½ï¿½?ï¿½ï¿½?ï¿½ï¿½?ï¿½ï¿½?ï¿½ï¿½?ï¿½ï¿½','FALSE',now());
INSERT INTO public."option"(test_id,question_id,option_id,text,right_or_wrong,create_datetime)
VALUES('2','34','4','?ï¿½ï¿½uB?ï¿½ï¿½v?ï¿½ï¿½uC?ï¿½ï¿½v?ï¿½ï¿½Æ•\?ï¿½ï¿½?ï¿½ï¿½?ï¿½ï¿½?ï¿½ï¿½?ï¿½ï¿½?ï¿½ï¿½?ï¿½ï¿½','FALSE',now());
INSERT INTO public."option"(test_id,question_id,option_id,text,right_or_wrong,create_datetime)
VALUES('2','34','5','?ï¿½ï¿½R?ï¿½ï¿½?ï¿½ï¿½?ï¿½ï¿½p?ï¿½ï¿½C?ï¿½ï¿½?ï¿½ï¿½?ï¿½ï¿½G?ï¿½ï¿½?ï¿½ï¿½?ï¿½ï¿½[?ï¿½ï¿½?ï¿½ï¿½?ï¿½ï¿½?ï¿½ï¿½?ï¿½ï¿½?ï¿½ï¿½?ï¿½ï¿½?ï¿½ï¿½?ï¿½ï¿½?ï¿½ï¿½','FALSE',now());
INSERT INTO public."option"(test_id,question_id,option_id,text,right_or_wrong,create_datetime)
VALUES('2','35','1','public void test() {}','TRUE',now());
INSERT INTO public."option"(test_id,question_id,option_id,text,right_or_wrong,create_datetime)
VALUES('2','35','2','void test() {}','FALSE',now());
INSERT INTO public."option"(test_id,question_id,option_id,text,right_or_wrong,create_datetime)
VALUES('2','35','3','public abstract void test() {}','FALSE',now());
INSERT INTO public."option"(test_id,question_id,option_id,text,right_or_wrong,create_datetime)
VALUES('2','35','4','public void test(String val) {}','FALSE',now());
INSERT INTO public."option"(test_id,question_id,option_id,text,right_or_wrong,create_datetime)
VALUES('2','36','1','?ï¿½ï¿½unull?ï¿½ï¿½v?ï¿½ï¿½utest?ï¿½ï¿½v?ï¿½ï¿½Æ•\?ï¿½ï¿½?ï¿½ï¿½?ï¿½ï¿½?ï¿½ï¿½?ï¿½ï¿½?ï¿½ï¿½?ï¿½ï¿½','FALSE',now());
INSERT INTO public."option"(test_id,question_id,option_id,text,right_or_wrong,create_datetime)
VALUES('2','36','2','?ï¿½ï¿½usample?ï¿½ï¿½v?ï¿½ï¿½utest?ï¿½ï¿½v?ï¿½ï¿½Æ•\?ï¿½ï¿½?ï¿½ï¿½?ï¿½ï¿½?ï¿½ï¿½?ï¿½ï¿½?ï¿½ï¿½?ï¿½ï¿½','FALSE',now());
INSERT INTO public."option"(test_id,question_id,option_id,text,right_or_wrong,create_datetime)
VALUES('2','36','3','?ï¿½ï¿½utest?ï¿½ï¿½v?ï¿½ï¿½utest?ï¿½ï¿½v?ï¿½ï¿½Æ•\?ï¿½ï¿½?ï¿½ï¿½?ï¿½ï¿½?ï¿½ï¿½?ï¿½ï¿½?ï¿½ï¿½?ï¿½ï¿½','FALSE',now());
INSERT INTO public."option"(test_id,question_id,option_id,text,right_or_wrong,create_datetime)
VALUES('2','36','4','?ï¿½ï¿½R?ï¿½ï¿½?ï¿½ï¿½?ï¿½ï¿½p?ï¿½ï¿½C?ï¿½ï¿½?ï¿½ï¿½?ï¿½ï¿½G?ï¿½ï¿½?ï¿½ï¿½?ï¿½ï¿½[?ï¿½ï¿½?ï¿½ï¿½?ï¿½ï¿½?ï¿½ï¿½?ï¿½ï¿½?ï¿½ï¿½?ï¿½ï¿½?ï¿½ï¿½?ï¿½ï¿½?ï¿½ï¿½','TRUE',now());
INSERT INTO public."option"(test_id,question_id,option_id,text,right_or_wrong,create_datetime)
VALUES('2','37','1','public abstract int a;','FALSE',now());
INSERT INTO public."option"(test_id,question_id,option_id,text,right_or_wrong,create_datetime)
VALUES('2','37','2','public final int b;','FALSE',now());
INSERT INTO public."option"(test_id,question_id,option_id,text,right_or_wrong,create_datetime)
VALUES('2','37','3','private static int c;','FALSE',now());
INSERT INTO public."option"(test_id,question_id,option_id,text,right_or_wrong,create_datetime)
VALUES('2','37','4','private final int d;','TRUE',now());
INSERT INTO public."option"(test_id,question_id,option_id,text,right_or_wrong,create_datetime)
VALUES('2','37','5','private abstract int e;','FALSE',now());
INSERT INTO public."option"(test_id,question_id,option_id,text,right_or_wrong,create_datetime)
VALUES('2','38','1','?ï¿½ï¿½u2?ï¿½ï¿½v?ï¿½ï¿½u4?ï¿½ï¿½v?ï¿½ï¿½u6?ï¿½ï¿½v?ï¿½ï¿½u8?ï¿½ï¿½v?ï¿½ï¿½u1?ï¿½ï¿½v?ï¿½ï¿½Æ•\?ï¿½ï¿½?ï¿½ï¿½?ï¿½ï¿½?ï¿½ï¿½?ï¿½ï¿½?ï¿½ï¿½?ï¿½ï¿½','FALSE',now());
INSERT INTO public."option"(test_id,question_id,option_id,text,right_or_wrong,create_datetime)
VALUES('2','38','2','?ï¿½ï¿½u2?ï¿½ï¿½v?ï¿½ï¿½u4?ï¿½ï¿½v?ï¿½ï¿½u6?ï¿½ï¿½v?ï¿½ï¿½u8?ï¿½ï¿½v?ï¿½ï¿½u9?ï¿½ï¿½v?ï¿½ï¿½Æ•\?ï¿½ï¿½?ï¿½ï¿½?ï¿½ï¿½?ï¿½ï¿½?ï¿½ï¿½?ï¿½ï¿½?ï¿½ï¿½','FALSE',now());
INSERT INTO public."option"(test_id,question_id,option_id,text,right_or_wrong,create_datetime)
VALUES('2','38','3','?ï¿½ï¿½u1?ï¿½ï¿½v?ï¿½ï¿½u3?ï¿½ï¿½v?ï¿½ï¿½u5?ï¿½ï¿½v?ï¿½ï¿½u7?ï¿½ï¿½v?ï¿½ï¿½Æ•\?ï¿½ï¿½?ï¿½ï¿½?ï¿½ï¿½?ï¿½ï¿½?ï¿½ï¿½?ï¿½ï¿½?ï¿½ï¿½','FALSE',now());
INSERT INTO public."option"(test_id,question_id,option_id,text,right_or_wrong,create_datetime)
VALUES('2','38','4','?ï¿½ï¿½u1?ï¿½ï¿½v?ï¿½ï¿½u3?ï¿½ï¿½v?ï¿½ï¿½u5?ï¿½ï¿½v?ï¿½ï¿½u7?ï¿½ï¿½v?ï¿½ï¿½u9?ï¿½ï¿½v?ï¿½ï¿½Æ•\?ï¿½ï¿½?ï¿½ï¿½?ï¿½ï¿½?ï¿½ï¿½?ï¿½ï¿½?ï¿½ï¿½?ï¿½ï¿½','TRUE',now());
INSERT INTO public."option"(test_id,question_id,option_id,text,right_or_wrong,create_datetime)
VALUES('2','38','5','?ï¿½ï¿½R?ï¿½ï¿½?ï¿½ï¿½?ï¿½ï¿½p?ï¿½ï¿½C?ï¿½ï¿½?ï¿½ï¿½?ï¿½ï¿½G?ï¿½ï¿½?ï¿½ï¿½?ï¿½ï¿½[?ï¿½ï¿½?ï¿½ï¿½?ï¿½ï¿½?ï¿½ï¿½?ï¿½ï¿½?ï¿½ï¿½?ï¿½ï¿½?ï¿½ï¿½?ï¿½ï¿½?ï¿½ï¿½','FALSE',now());
INSERT INTO public."option"(test_id,question_id,option_id,text,right_or_wrong,create_datetime)
VALUES('2','38','6','?ï¿½ï¿½?ï¿½ï¿½?ï¿½ï¿½s?ï¿½ï¿½?ï¿½ï¿½?ï¿½ï¿½É—ï¿½O?ï¿½ï¿½?ï¿½ï¿½?ï¿½ï¿½X?ï¿½ï¿½?ï¿½ï¿½?ï¿½ï¿½[?ï¿½ï¿½?ï¿½ï¿½?ï¿½ï¿½?ï¿½ï¿½?ï¿½ï¿½','FALSE',now());
INSERT INTO public."option"(test_id,question_id,option_id,text,right_or_wrong,create_datetime)
VALUES('2','39','1','10?ï¿½ï¿½?ï¿½ï¿½?ï¿½ï¿½\?ï¿½ï¿½?ï¿½ï¿½?ï¿½ï¿½?ï¿½ï¿½?ï¿½ï¿½?ï¿½ï¿½?ï¿½ï¿½','FALSE',now());
INSERT INTO public."option"(test_id,question_id,option_id,text,right_or_wrong,create_datetime)
VALUES('2','39','2','11?ï¿½ï¿½?ï¿½ï¿½?ï¿½ï¿½\?ï¿½ï¿½?ï¿½ï¿½?ï¿½ï¿½?ï¿½ï¿½?ï¿½ï¿½?ï¿½ï¿½?ï¿½ï¿½','FALSE',now());
INSERT INTO public."option"(test_id,question_id,option_id,text,right_or_wrong,create_datetime)
VALUES('2','39','3','?ï¿½ï¿½R?ï¿½ï¿½?ï¿½ï¿½?ï¿½ï¿½p?ï¿½ï¿½C?ï¿½ï¿½?ï¿½ï¿½?ï¿½ï¿½G?ï¿½ï¿½?ï¿½ï¿½?ï¿½ï¿½[?ï¿½ï¿½?ï¿½ï¿½?ï¿½ï¿½?ï¿½ï¿½?ï¿½ï¿½?ï¿½ï¿½?ï¿½ï¿½?ï¿½ï¿½?ï¿½ï¿½?ï¿½ï¿½','TRUE',now());
INSERT INTO public."option"(test_id,question_id,option_id,text,right_or_wrong,create_datetime)
VALUES('2','39','4','?ï¿½ï¿½?ï¿½ï¿½?ï¿½ï¿½s?ï¿½ï¿½?ï¿½ï¿½?ï¿½ï¿½É—ï¿½O?ï¿½ï¿½?ï¿½ï¿½?ï¿½ï¿½X?ï¿½ï¿½?ï¿½ï¿½?ï¿½ï¿½[?ï¿½ï¿½?ï¿½ï¿½?ï¿½ï¿½?ï¿½ï¿½?ï¿½ï¿½','FALSE',now());
INSERT INTO public."option"(test_id,question_id,option_id,text,right_or_wrong,create_datetime)
VALUES('2','40','1','while(++x < 3) 
{ System.out.println(x); };','FALSE',now());
INSERT INTO public."option"(test_id,question_id,option_id,text,right_or_wrong,create_datetime)
VALUES('2','40','2','while(x++ < 3) 
{ System.out.println(x); };','FALSE',now());
INSERT INTO public."option"(test_id,question_id,option_id,text,right_or_wrong,create_datetime)
VALUES('2','40','3','do while(++x < 3) 
{ System.out.println(x); };','FALSE',now());
INSERT INTO public."option"(test_id,question_id,option_id,text,right_or_wrong,create_datetime)
VALUES('2','40','4','do { System.out.println(x); }
while( ++x < 3);','TRUE',now());
INSERT INTO public."option"(test_id,question_id,option_id,text,right_or_wrong,create_datetime)
VALUES('2','41','1','?ï¿½ï¿½@ int i = 0 ?ï¿½ï¿½A i++','FALSE',now());
INSERT INTO public."option"(test_id,question_id,option_id,text,right_or_wrong,create_datetime)
VALUES('2','41','2','?ï¿½ï¿½@ int i = 1 ?ï¿½ï¿½A i++','FALSE',now());
INSERT INTO public."option"(test_id,question_id,option_id,text,right_or_wrong,create_datetime)
VALUES('2','41','3','?ï¿½ï¿½@ int i = 0 ?ï¿½ï¿½A ?ï¿½ï¿½È‚ï¿½','TRUE',now());
INSERT INTO public."option"(test_id,question_id,option_id,text,right_or_wrong,create_datetime)
VALUES('2','41','4','?ï¿½ï¿½@ int i = 1 ?ï¿½ï¿½A ?ï¿½ï¿½È‚ï¿½','FALSE',now());
INSERT INTO public."option"(test_id,question_id,option_id,text,right_or_wrong,create_datetime)
VALUES('2','42','1','?ï¿½ï¿½uif?ï¿½ï¿½v?ï¿½ï¿½Æ•\?ï¿½ï¿½?ï¿½ï¿½?ï¿½ï¿½?ï¿½ï¿½?ï¿½ï¿½?ï¿½ï¿½?ï¿½ï¿½','TRUE',now());
INSERT INTO public."option"(test_id,question_id,option_id,text,right_or_wrong,create_datetime)
VALUES('2','42','2','?ï¿½ï¿½uelse if?ï¿½ï¿½v?ï¿½ï¿½Æ•\?ï¿½ï¿½?ï¿½ï¿½?ï¿½ï¿½?ï¿½ï¿½?ï¿½ï¿½?ï¿½ï¿½?ï¿½ï¿½','FALSE',now());
INSERT INTO public."option"(test_id,question_id,option_id,text,right_or_wrong,create_datetime)
VALUES('2','42','3','?ï¿½ï¿½uelse?ï¿½ï¿½v?ï¿½ï¿½Æ•\?ï¿½ï¿½?ï¿½ï¿½?ï¿½ï¿½?ï¿½ï¿½?ï¿½ï¿½?ï¿½ï¿½?ï¿½ï¿½','FALSE',now());
INSERT INTO public."option"(test_id,question_id,option_id,text,right_or_wrong,create_datetime)
VALUES('2','42','4','?ï¿½ï¿½R?ï¿½ï¿½?ï¿½ï¿½?ï¿½ï¿½p?ï¿½ï¿½C?ï¿½ï¿½?ï¿½ï¿½?ï¿½ï¿½G?ï¿½ï¿½?ï¿½ï¿½?ï¿½ï¿½[?ï¿½ï¿½?ï¿½ï¿½?ï¿½ï¿½?ï¿½ï¿½?ï¿½ï¿½?ï¿½ï¿½?ï¿½ï¿½?ï¿½ï¿½?ï¿½ï¿½?ï¿½ï¿½','FALSE',now());
INSERT INTO public."option"(test_id,question_id,option_id,text,right_or_wrong,create_datetime)
VALUES('2','42','5','?ï¿½ï¿½?ï¿½ï¿½?ï¿½ï¿½s?ï¿½ï¿½?ï¿½ï¿½?ï¿½ï¿½É—ï¿½O?ï¿½ï¿½?ï¿½ï¿½?ï¿½ï¿½X?ï¿½ï¿½?ï¿½ï¿½?ï¿½ï¿½[?ï¿½ï¿½?ï¿½ï¿½?ï¿½ï¿½?ï¿½ï¿½?ï¿½ï¿½','FALSE',now());
INSERT INTO public."option"(test_id,question_id,option_id,text,right_or_wrong,create_datetime)
VALUES('2','43','1','?ï¿½ï¿½?ï¿½ï¿½?ï¿½ï¿½d?ï¿½ï¿½p?ï¿½ï¿½?ï¿½ï¿½?ï¿½ï¿½?ï¿½ï¿½?ï¿½ï¿½Å‚ï¿½?ï¿½ï¿½?ï¿½ï¿½','FALSE',now());
INSERT INTO public."option"(test_id,question_id,option_id,text,right_or_wrong,create_datetime)
VALUES('2','43','2','1?ï¿½ï¿½Â‚ÌƒN?ï¿½ï¿½?ï¿½ï¿½?ï¿½ï¿½X?ï¿½ï¿½ÍA?ï¿½ï¿½?ï¿½ï¿½?ï¿½ï¿½?ï¿½ï¿½?ï¿½ï¿½ÌƒT?ï¿½ï¿½u?ï¿½ï¿½N?ï¿½ï¿½?ï¿½ï¿½?ï¿½ï¿½X?ï¿½ï¿½?ï¿½ï¿½?ï¿½ï¿½?ï¿½ï¿½p?ï¿½ï¿½?ï¿½ï¿½?ï¿½ï¿½?ï¿½ï¿½?ï¿½ï¿½?ï¿½ï¿½é‚±?ï¿½ï¿½Æ‚ï¿½?ï¿½ï¿½Å‚ï¿½?ï¿½ï¿½?ï¿½ï¿½','TRUE',now());
INSERT INTO public."option"(test_id,question_id,option_id,text,right_or_wrong,create_datetime)
VALUES('2','43','3','?ï¿½ï¿½p?ï¿½ï¿½?ï¿½ï¿½?ï¿½ï¿½?ï¿½ï¿½?ï¿½ï¿½?ï¿½ï¿½?ï¿½ï¿½N?ï¿½ï¿½?ï¿½ï¿½?ï¿½ï¿½X?ï¿½ï¿½ÍA?ï¿½ï¿½p?ï¿½ï¿½?ï¿½ï¿½?ï¿½ï¿½?ï¿½ï¿½?ï¿½ï¿½Ì‚ï¿½?ï¿½ï¿½×‚Ä‚ï¿½?ï¿½ï¿½?ï¿½ï¿½?ï¿½ï¿½?ï¿½ï¿½?ï¿½ï¿½p?ï¿½ï¿½?ï¿½ï¿½','FALSE',now());
INSERT INTO public."option"(test_id,question_id,option_id,text,right_or_wrong,create_datetime)
VALUES('2','43','4','?ï¿½ï¿½T?ï¿½ï¿½u?ï¿½ï¿½N?ï¿½ï¿½?ï¿½ï¿½?ï¿½ï¿½X?ï¿½ï¿½?ï¿½ï¿½?ï¿½ï¿½ç‚³?ï¿½ï¿½?ï¿½ï¿½ÉƒT?ï¿½ï¿½u?ï¿½ï¿½N?ï¿½ï¿½?ï¿½ï¿½?ï¿½ï¿½X?ï¿½ï¿½?ï¿½ï¿½?ï¿½ï¿½?ï¿½ï¿½é‚±?ï¿½ï¿½Æ‚ï¿½?ï¿½ï¿½Å‚ï¿½?ï¿½ï¿½?ï¿½ï¿½','TRUE',now());
INSERT INTO public."option"(test_id,question_id,option_id,text,right_or_wrong,create_datetime)
VALUES('2','44','1','?ï¿½ï¿½N?ï¿½ï¿½?ï¿½ï¿½?ï¿½ï¿½X','FALSE',now());
INSERT INTO public."option"(test_id,question_id,option_id,text,right_or_wrong,create_datetime)
VALUES('2','44','2','?ï¿½ï¿½Ïï¿½','TRUE',now());
INSERT INTO public."option"(test_id,question_id,option_id,text,right_or_wrong,create_datetime)
VALUES('2','44','3','?ï¿½ï¿½?ï¿½ï¿½?ï¿½ï¿½\?ï¿½ï¿½b?ï¿½ï¿½h','FALSE',now());
INSERT INTO public."option"(test_id,question_id,option_id,text,right_or_wrong,create_datetime)
VALUES('2','44','4','?ï¿½ï¿½p?ï¿½ï¿½b?ï¿½ï¿½P?ï¿½ï¿½[?ï¿½ï¿½W','TRUE',now());
INSERT INTO public."option"(test_id,question_id,option_id,text,right_or_wrong,create_datetime)
VALUES('2','45','1','3?ï¿½ï¿½?ï¿½ï¿½?ï¿½ï¿½\?ï¿½ï¿½?ï¿½ï¿½?ï¿½ï¿½?ï¿½ï¿½?ï¿½ï¿½?ï¿½ï¿½?ï¿½ï¿½','TRUE',now());
INSERT INTO public."option"(test_id,question_id,option_id,text,right_or_wrong,create_datetime)
VALUES('2','45','2','?ï¿½ï¿½?ï¿½ï¿½O?ï¿½ï¿½?ï¿½ï¿½?ï¿½ï¿½X?ï¿½ï¿½?ï¿½ï¿½?ï¿½ï¿½[?ï¿½ï¿½?ï¿½ï¿½?ï¿½ï¿½?ï¿½ï¿½A?ï¿½ï¿½?ï¿½ï¿½?ï¿½ï¿½?ï¿½ï¿½?ï¿½ï¿½\?ï¿½ï¿½?ï¿½ï¿½?ï¿½ï¿½?ï¿½ï¿½?ï¿½ï¿½?ï¿½ï¿½È‚ï¿½','FALSE',now());
INSERT INTO public."option"(test_id,question_id,option_id,text,right_or_wrong,create_datetime)
VALUES('2','45','3','Sample?ï¿½ï¿½N?ï¿½ï¿½?ï¿½ï¿½?ï¿½ï¿½X?ï¿½ï¿½?ï¿½ï¿½test?ï¿½ï¿½?ï¿½ï¿½?ï¿½ï¿½\?ï¿½ï¿½b?ï¿½ï¿½h?ï¿½ï¿½ÅƒR?ï¿½ï¿½?ï¿½ï¿½?ï¿½ï¿½p?ï¿½ï¿½C?ï¿½ï¿½?ï¿½ï¿½?ï¿½ï¿½G?ï¿½ï¿½?ï¿½ï¿½?ï¿½ï¿½[?ï¿½ï¿½É‚È‚ï¿½','FALSE',now());
INSERT INTO public."option"(test_id,question_id,option_id,text,right_or_wrong,create_datetime)
VALUES('2','45','4','Main?ï¿½ï¿½N?ï¿½ï¿½?ï¿½ï¿½?ï¿½ï¿½X?ï¿½ï¿½?ï¿½ï¿½main?ï¿½ï¿½?ï¿½ï¿½?ï¿½ï¿½\?ï¿½ï¿½b?ï¿½ï¿½h?ï¿½ï¿½ÅƒR?ï¿½ï¿½?ï¿½ï¿½?ï¿½ï¿½p?ï¿½ï¿½C?ï¿½ï¿½?ï¿½ï¿½?ï¿½ï¿½G?ï¿½ï¿½?ï¿½ï¿½?ï¿½ï¿½[?ï¿½ï¿½É‚È‚ï¿½','FALSE',now());
INSERT INTO public."option"(test_id,question_id,option_id,text,right_or_wrong,create_datetime)
VALUES('2','46','1','?ï¿½ï¿½uA?ï¿½ï¿½v?ï¿½ï¿½u B?ï¿½ï¿½v?ï¿½ï¿½u A?ï¿½ï¿½v?ï¿½ï¿½Æ•\?ï¿½ï¿½?ï¿½ï¿½?ï¿½ï¿½?ï¿½ï¿½?ï¿½ï¿½?ï¿½ï¿½?ï¿½ï¿½','FALSE',now());
INSERT INTO public."option"(test_id,question_id,option_id,text,right_or_wrong,create_datetime)
VALUES('2','46','2','Sample?ï¿½ï¿½C?ï¿½ï¿½?ï¿½ï¿½?ï¿½ï¿½^?ï¿½ï¿½t?ï¿½ï¿½F?ï¿½ï¿½[?ï¿½ï¿½X?ï¿½ï¿½ÌƒR?ï¿½ï¿½?ï¿½ï¿½?ï¿½ï¿½p?ï¿½ï¿½C?ï¿½ï¿½?ï¿½ï¿½?ï¿½ï¿½Éï¿½?ï¿½ï¿½s?ï¿½ï¿½?ï¿½ï¿½?ï¿½ï¿½?ï¿½ï¿½','FALSE',now());
INSERT INTO public."option"(test_id,question_id,option_id,text,right_or_wrong,create_datetime)
VALUES('2','46','3','Exam?ï¿½ï¿½N?ï¿½ï¿½?ï¿½ï¿½?ï¿½ï¿½X?ï¿½ï¿½ÌƒR?ï¿½ï¿½?ï¿½ï¿½?ï¿½ï¿½p?ï¿½ï¿½C?ï¿½ï¿½?ï¿½ï¿½?ï¿½ï¿½Éï¿½?ï¿½ï¿½s?ï¿½ï¿½?ï¿½ï¿½?ï¿½ï¿½?ï¿½ï¿½','FALSE',now());
INSERT INTO public."option"(test_id,question_id,option_id,text,right_or_wrong,create_datetime)
VALUES('2','46','4','Main?ï¿½ï¿½N?ï¿½ï¿½?ï¿½ï¿½?ï¿½ï¿½X?ï¿½ï¿½ÌƒR?ï¿½ï¿½?ï¿½ï¿½?ï¿½ï¿½p?ï¿½ï¿½C?ï¿½ï¿½?ï¿½ï¿½?ï¿½ï¿½Éï¿½?ï¿½ï¿½s?ï¿½ï¿½?ï¿½ï¿½?ï¿½ï¿½?ï¿½ï¿½','TRUE',now());
INSERT INTO public."option"(test_id,question_id,option_id,text,right_or_wrong,create_datetime)
VALUES('2','46','5','?ï¿½ï¿½?ï¿½ï¿½?ï¿½ï¿½s?ï¿½ï¿½?ï¿½ï¿½?ï¿½ï¿½É—ï¿½O?ï¿½ï¿½?ï¿½ï¿½?ï¿½ï¿½X?ï¿½ï¿½?ï¿½ï¿½?ï¿½ï¿½[?ï¿½ï¿½?ï¿½ï¿½?ï¿½ï¿½?ï¿½ï¿½?ï¿½ï¿½','FALSE',now());
INSERT INTO public."option"(test_id,question_id,option_id,text,right_or_wrong,create_datetime)
VALUES('2','47','1','public String a = "A";','FALSE',now());
INSERT INTO public."option"(test_id,question_id,option_id,text,right_or_wrong,create_datetime)
VALUES('2','47','2','abstract String b;','TRUE',now());
INSERT INTO public."option"(test_id,question_id,option_id,text,right_or_wrong,create_datetime)
VALUES('2','47','3','private String c = "C";','TRUE',now());
INSERT INTO public."option"(test_id,question_id,option_id,text,right_or_wrong,create_datetime)
VALUES('2','47','4','void setData(String data);','FALSE',now());
INSERT INTO public."option"(test_id,question_id,option_id,text,right_or_wrong,create_datetime)
VALUES('2','47','5','abstract void setData(String data);','FALSE',now());
INSERT INTO public."option"(test_id,question_id,option_id,text,right_or_wrong,create_datetime)
VALUES('2','47','6','blic void setData(String data);','FALSE',now());
INSERT INTO public."option"(test_id,question_id,option_id,text,right_or_wrong,create_datetime)
VALUES('2','48','1','4','FALSE',now());
INSERT INTO public."option"(test_id,question_id,option_id,text,right_or_wrong,create_datetime)
VALUES('2','48','2','6','TRUE',now());
INSERT INTO public."option"(test_id,question_id,option_id,text,right_or_wrong,create_datetime)
VALUES('2','48','3','7','FALSE',now());
INSERT INTO public."option"(test_id,question_id,option_id,text,right_or_wrong,create_datetime)
VALUES('2','48','4','8','FALSE',now());
INSERT INTO public."option"(test_id,question_id,option_id,text,right_or_wrong,create_datetime)
VALUES('2','49','1','package com.sample.view;
import com.sample.controlle;','FALSE',now());
INSERT INTO public."option"(test_id,question_id,option_id,text,right_or_wrong,create_datetime)
VALUES('2','49','2','import com.sample.controller;
package com.sample.view;','FALSE',now());
INSERT INTO public."option"(test_id,question_id,option_id,text,right_or_wrong,create_datetime)
VALUES('2','49','3','package com.sample.view;
import com.sample.controller.*;','TRUE',now());
INSERT INTO public."option"(test_id,question_id,option_id,text,right_or_wrong,create_datetime)
VALUES('2','49','4','import com.sample.controller.*;
package com.sample.view;','FALSE',now());
INSERT INTO public."option"(test_id,question_id,option_id,text,right_or_wrong,create_datetime)
VALUES('2','50','1','?ï¿½ï¿½ueeee?ï¿½ï¿½v?ï¿½ï¿½Æ•\?ï¿½ï¿½?ï¿½ï¿½?ï¿½ï¿½?ï¿½ï¿½?ï¿½ï¿½?ï¿½ï¿½?ï¿½ï¿½','FALSE',now());
INSERT INTO public."option"(test_id,question_id,option_id,text,right_or_wrong,create_datetime)
VALUES('2','50','2','?ï¿½ï¿½ueeeee?ï¿½ï¿½v?ï¿½ï¿½Æ•\?ï¿½ï¿½?ï¿½ï¿½?ï¿½ï¿½?ï¿½ï¿½?ï¿½ï¿½?ï¿½ï¿½?ï¿½ï¿½','TRUE',now());
INSERT INTO public."option"(test_id,question_id,option_id,text,right_or_wrong,create_datetime)
VALUES('2','50','3','?ï¿½ï¿½?ï¿½ï¿½?ï¿½ï¿½?ï¿½ï¿½?ï¿½ï¿½\?ï¿½ï¿½?ï¿½ï¿½?ï¿½ï¿½?ï¿½ï¿½?ï¿½ï¿½?ï¿½ï¿½È‚ï¿½','FALSE',now());
INSERT INTO public."option"(test_id,question_id,option_id,text,right_or_wrong,create_datetime)
VALUES('2','50','4','?ï¿½ï¿½R?ï¿½ï¿½?ï¿½ï¿½?ï¿½ï¿½p?ï¿½ï¿½C?ï¿½ï¿½?ï¿½ï¿½?ï¿½ï¿½G?ï¿½ï¿½?ï¿½ï¿½?ï¿½ï¿½[?ï¿½ï¿½?ï¿½ï¿½?ï¿½ï¿½?ï¿½ï¿½?ï¿½ï¿½?ï¿½ï¿½?ï¿½ï¿½?ï¿½ï¿½?ï¿½ï¿½?ï¿½ï¿½','FALSE',now());
INSERT INTO public."option"(test_id,question_id,option_id,text,right_or_wrong,create_datetime)
VALUES('2','50','5','?ï¿½ï¿½?ï¿½ï¿½?ï¿½ï¿½s?ï¿½ï¿½?ï¿½ï¿½?ï¿½ï¿½É—ï¿½O?ï¿½ï¿½?ï¿½ï¿½?ï¿½ï¿½X?ï¿½ï¿½?ï¿½ï¿½?ï¿½ï¿½[?ï¿½ï¿½?ï¿½ï¿½?ï¿½ï¿½?ï¿½ï¿½?ï¿½ï¿½','FALSE',now());
INSERT INTO public."option"(test_id,question_id,option_id,text,right_or_wrong,create_datetime)
VALUES('2','51','1','?ï¿½ï¿½T?ï¿½ï¿½u?ï¿½ï¿½N?ï¿½ï¿½?ï¿½ï¿½?ï¿½ï¿½X?ï¿½ï¿½ÉA?ï¿½ï¿½X?ï¿½ï¿½[?ï¿½ï¿½p?ï¿½ï¿½[?ï¿½ï¿½N?ï¿½ï¿½?ï¿½ï¿½?ï¿½ï¿½X?ï¿½ï¿½ï¿½??ï¿½ï¿½?ï¿½ï¿½\?ï¿½ï¿½b?ï¿½ï¿½h?ï¿½ï¿½Æ–ï¿½?ï¿½ï¿½O?ï¿½ï¿½?ï¿½ï¿½?ï¿½ï¿½?ï¿½ï¿½?ï¿½ï¿½?ï¿½ï¿½?ï¿½ï¿½Åˆï¿½?ï¿½ï¿½?ï¿½ï¿½?ï¿½ï¿½?ï¿½ï¿½?ï¿½ï¿½Ù‚È‚éƒ?ï¿½ï¿½\?ï¿½ï¿½b?ï¿½ï¿½h?ï¿½ï¿½?ï¿½ï¿½?ï¿½ï¿½`?ï¿½ï¿½?ï¿½ï¿½?ï¿½ï¿½é‚±?ï¿½ï¿½Æ‚ï¿½?ï¿½ï¿½u?ï¿½ï¿½I?ï¿½ï¿½[?ï¿½ï¿½o?ï¿½ï¿½[?ï¿½ï¿½?ï¿½ï¿½?ï¿½ï¿½[?ï¿½ï¿½h?ï¿½ï¿½v?ï¿½ï¿½ÆŒÄ‚ï¿½','FALSE',now());
INSERT INTO public."option"(test_id,question_id,option_id,text,right_or_wrong,create_datetime)
VALUES('2','51','2','?ï¿½ï¿½T?ï¿½ï¿½u?ï¿½ï¿½N?ï¿½ï¿½?ï¿½ï¿½?ï¿½ï¿½X?ï¿½ï¿½ÉA?ï¿½ï¿½X?ï¿½ï¿½[?ï¿½ï¿½p?ï¿½ï¿½[?ï¿½ï¿½N?ï¿½ï¿½?ï¿½ï¿½?ï¿½ï¿½X?ï¿½ï¿½ï¿½??ï¿½ï¿½?ï¿½ï¿½\?ï¿½ï¿½b?ï¿½ï¿½h?ï¿½ï¿½Æ–ï¿½?ï¿½ï¿½O?ï¿½ï¿½?ï¿½ï¿½?ï¿½ï¿½?ï¿½ï¿½?ï¿½ï¿½?ï¿½ï¿½?ï¿½ï¿½Åˆï¿½?ï¿½ï¿½?ï¿½ï¿½?ï¿½ï¿½?ï¿½ï¿½?ï¿½ï¿½Ù‚È‚éƒ?ï¿½ï¿½\?ï¿½ï¿½b?ï¿½ï¿½h?ï¿½ï¿½?ï¿½ï¿½?ï¿½ï¿½`?ï¿½ï¿½?ï¿½ï¿½?ï¿½ï¿½é‚±?ï¿½ï¿½Æ‚ï¿½?ï¿½ï¿½u?ï¿½ï¿½I?ï¿½ï¿½[?ï¿½ï¿½o?ï¿½ï¿½[?ï¿½ï¿½?ï¿½ï¿½?ï¿½ï¿½C?ï¿½ï¿½h?ï¿½ï¿½v?ï¿½ï¿½ÆŒÄ‚ï¿½','TRUE',now());
INSERT INTO public."option"(test_id,question_id,option_id,text,right_or_wrong,create_datetime)
VALUES('2','51','3','?ï¿½ï¿½T?ï¿½ï¿½u?ï¿½ï¿½N?ï¿½ï¿½?ï¿½ï¿½?ï¿½ï¿½X?ï¿½ï¿½ÉA?ï¿½ï¿½X?ï¿½ï¿½[?ï¿½ï¿½p?ï¿½ï¿½[?ï¿½ï¿½N?ï¿½ï¿½?ï¿½ï¿½?ï¿½ï¿½X?ï¿½ï¿½ï¿½??ï¿½ï¿½?ï¿½ï¿½\?ï¿½ï¿½b?ï¿½ï¿½h?ï¿½ï¿½ÆƒV?ï¿½ï¿½O?ï¿½ï¿½j?ï¿½ï¿½`?ï¿½ï¿½?ï¿½ï¿½?ï¿½ï¿½?ï¿½ï¿½?ï¿½ï¿½?ï¿½ï¿½?ï¿½ï¿½?ï¿½ï¿½?ï¿½ï¿½?ï¿½ï¿½?ï¿½ï¿½\?ï¿½ï¿½b?ï¿½ï¿½h?ï¿½ï¿½?ï¿½ï¿½?ï¿½ï¿½`?ï¿½ï¿½?ï¿½ï¿½?ï¿½ï¿½é‚±?ï¿½ï¿½Æ‚ï¿½?ï¿½ï¿½u?ï¿½ï¿½I?ï¿½ï¿½[?ï¿½ï¿½o?ï¿½ï¿½[?ï¿½ï¿½?ï¿½ï¿½?ï¿½ï¿½[?ï¿½ï¿½h?ï¿½ï¿½v?ï¿½ï¿½ÆŒÄ‚ï¿½','FALSE',now());
INSERT INTO public."option"(test_id,question_id,option_id,text,right_or_wrong,create_datetime)
VALUES('2','51','4','?ï¿½ï¿½T?ï¿½ï¿½u?ï¿½ï¿½N?ï¿½ï¿½?ï¿½ï¿½?ï¿½ï¿½X?ï¿½ï¿½ÉA?ï¿½ï¿½X?ï¿½ï¿½[?ï¿½ï¿½p?ï¿½ï¿½[?ï¿½ï¿½N?ï¿½ï¿½?ï¿½ï¿½?ï¿½ï¿½X?ï¿½ï¿½ï¿½??ï¿½ï¿½?ï¿½ï¿½\?ï¿½ï¿½b?ï¿½ï¿½h?ï¿½ï¿½ÆƒV?ï¿½ï¿½O?ï¿½ï¿½j?ï¿½ï¿½`?ï¿½ï¿½?ï¿½ï¿½?ï¿½ï¿½?ï¿½ï¿½?ï¿½ï¿½?ï¿½ï¿½?ï¿½ï¿½?ï¿½ï¿½?ï¿½ï¿½?ï¿½ï¿½?ï¿½ï¿½\?ï¿½ï¿½b?ï¿½ï¿½h?ï¿½ï¿½?ï¿½ï¿½?ï¿½ï¿½`?ï¿½ï¿½?ï¿½ï¿½?ï¿½ï¿½é‚±?ï¿½ï¿½Æ‚ï¿½?ï¿½ï¿½u?ï¿½ï¿½I?ï¿½ï¿½[?ï¿½ï¿½o?ï¿½ï¿½[?ï¿½ï¿½?ï¿½ï¿½?ï¿½ï¿½C?ï¿½ï¿½h?ï¿½ï¿½v?ï¿½ï¿½ÆŒÄ‚ï¿½','TRUE',now());
INSERT INTO public."option"(test_id,question_id,option_id,text,right_or_wrong,create_datetime)
VALUES('2','52','1','?ï¿½ï¿½R?ï¿½ï¿½?ï¿½ï¿½?ï¿½ï¿½X?ï¿½ï¿½g?ï¿½ï¿½?ï¿½ï¿½?ï¿½ï¿½N?ï¿½ï¿½^?ï¿½ï¿½?ï¿½ï¿½?ï¿½ï¿½?ï¿½ï¿½static?ï¿½ï¿½t?ï¿½ï¿½B?ï¿½ï¿½[?ï¿½ï¿½?ï¿½ï¿½?ï¿½ï¿½h?ï¿½ï¿½ÉƒA?ï¿½ï¿½N?ï¿½ï¿½Z?ï¿½ï¿½X?ï¿½ï¿½?ï¿½ï¿½?ï¿½ï¿½Ä‚ï¿½?ï¿½ï¿½é‚½?ï¿½ï¿½ß‚ÉƒR?ï¿½ï¿½?ï¿½ï¿½?ï¿½ï¿½p?ï¿½ï¿½C?ï¿½ï¿½?ï¿½ï¿½?ï¿½ï¿½G?ï¿½ï¿½?ï¿½ï¿½?ï¿½ï¿½[?ï¿½ï¿½É‚È‚ï¿½','FALSE',now());
INSERT INTO public."option"(test_id,question_id,option_id,text,right_or_wrong,create_datetime)
VALUES('2','52','2','?ï¿½ï¿½R?ï¿½ï¿½?ï¿½ï¿½?ï¿½ï¿½X?ï¿½ï¿½g?ï¿½ï¿½?ï¿½ï¿½?ï¿½ï¿½N?ï¿½ï¿½^?ï¿½ï¿½Ì–ß‚ï¿½l?ï¿½ï¿½^?ï¿½ï¿½?ï¿½ï¿½void?ï¿½ï¿½É‚ï¿½?ï¿½ï¿½Ä‚ï¿½?ï¿½ï¿½é‚½?ï¿½ï¿½ßƒR?ï¿½ï¿½?ï¿½ï¿½?ï¿½ï¿½p?ï¿½ï¿½C?ï¿½ï¿½?ï¿½ï¿½?ï¿½ï¿½G?ï¿½ï¿½?ï¿½ï¿½?ï¿½ï¿½[?ï¿½ï¿½É‚È‚ï¿½','FALSE',now());
INSERT INTO public."option"(test_id,question_id,option_id,text,right_or_wrong,create_datetime)
VALUES('2','52','3','?ï¿½ï¿½R?ï¿½ï¿½?ï¿½ï¿½?ï¿½ï¿½X?ï¿½ï¿½g?ï¿½ï¿½?ï¿½ï¿½?ï¿½ï¿½N?ï¿½ï¿½^?ï¿½ï¿½?ï¿½ï¿½private?ï¿½ï¿½ÅC?ï¿½ï¿½?ï¿½ï¿½?ï¿½ï¿½?ï¿½ï¿½?ï¿½ï¿½Ä‚ï¿½?ï¿½ï¿½é‚½?ï¿½ï¿½ßƒR?ï¿½ï¿½?ï¿½ï¿½?ï¿½ï¿½p?ï¿½ï¿½C?ï¿½ï¿½?ï¿½ï¿½?ï¿½ï¿½G?ï¿½ï¿½?ï¿½ï¿½?ï¿½ï¿½[?ï¿½ï¿½É‚È‚ï¿½','FALSE',now());
INSERT INTO public."option"(test_id,question_id,option_id,text,right_or_wrong,create_datetime)
VALUES('2','52','4','?ï¿½ï¿½?ï¿½ï¿½?ï¿½ï¿½\?ï¿½ï¿½b?ï¿½ï¿½h?ï¿½ï¿½?ï¿½ï¿½?ï¿½ï¿½?ï¿½ï¿½R?ï¿½ï¿½?ï¿½ï¿½?ï¿½ï¿½X?ï¿½ï¿½g?ï¿½ï¿½?ï¿½ï¿½?ï¿½ï¿½N?ï¿½ï¿½^?ï¿½ï¿½?ï¿½ï¿½?ï¿½ï¿½Ä‚Ño?ï¿½ï¿½?ï¿½ï¿½?ï¿½ï¿½Ä‚ï¿½?ï¿½ï¿½é‚½?ï¿½ï¿½ßƒR?ï¿½ï¿½?ï¿½ï¿½?ï¿½ï¿½p?ï¿½ï¿½C?ï¿½ï¿½?ï¿½ï¿½?ï¿½ï¿½G?ï¿½ï¿½?ï¿½ï¿½?ï¿½ï¿½[?ï¿½ï¿½É‚È‚ï¿½','TRUE',now());
INSERT INTO public."option"(test_id,question_id,option_id,text,right_or_wrong,create_datetime)
VALUES('2','53','1','3?ï¿½ï¿½s?ï¿½ï¿½?ï¿½ï¿½','FALSE',now());
INSERT INTO public."option"(test_id,question_id,option_id,text,right_or_wrong,create_datetime)
VALUES('2','53','2','4?ï¿½ï¿½s?ï¿½ï¿½?ï¿½ï¿½','TRUE',now());
INSERT INTO public."option"(test_id,question_id,option_id,text,right_or_wrong,create_datetime)
VALUES('2','53','3','5?ï¿½ï¿½s?ï¿½ï¿½?ï¿½ï¿½','FALSE',now());
INSERT INTO public."option"(test_id,question_id,option_id,text,right_or_wrong,create_datetime)
VALUES('2','53','4','6?ï¿½ï¿½s?ï¿½ï¿½?ï¿½ï¿½','FALSE',now());
INSERT INTO public."option"(test_id,question_id,option_id,text,right_or_wrong,create_datetime)
VALUES('2','53','5','7?ï¿½ï¿½s?ï¿½ï¿½?ï¿½ï¿½','TRUE',now());
INSERT INTO public."option"(test_id,question_id,option_id,text,right_or_wrong,create_datetime)
VALUES('2','53','6','8?ï¿½ï¿½s?ï¿½ï¿½?ï¿½ï¿½','TRUE',now());
INSERT INTO public."option"(test_id,question_id,option_id,text,right_or_wrong,create_datetime)
VALUES('2','54','1','0?ï¿½ï¿½?ï¿½ï¿½','FALSE',now());
INSERT INTO public."option"(test_id,question_id,option_id,text,right_or_wrong,create_datetime)
VALUES('2','54','2','1?ï¿½ï¿½?ï¿½ï¿½','FALSE',now());
INSERT INTO public."option"(test_id,question_id,option_id,text,right_or_wrong,create_datetime)
VALUES('2','54','3','2?ï¿½ï¿½?ï¿½ï¿½','TRUE',now());
INSERT INTO public."option"(test_id,question_id,option_id,text,right_or_wrong,create_datetime)
VALUES('2','54','4','3?ï¿½ï¿½?ï¿½ï¿½','FALSE',now());
INSERT INTO public."option"(test_id,question_id,option_id,text,right_or_wrong,create_datetime)
VALUES('2','55','1','?ï¿½ï¿½t?ï¿½ï¿½B?ï¿½ï¿½[?ï¿½ï¿½?ï¿½ï¿½?ï¿½ï¿½h','TRUE',now());
INSERT INTO public."option"(test_id,question_id,option_id,text,right_or_wrong,create_datetime)
VALUES('2','55','2','private?ï¿½ï¿½ÅC?ï¿½ï¿½?ï¿½ï¿½?ï¿½ï¿½?ï¿½ï¿½?ï¿½ï¿½?ï¿½ï¿½Ä‚ï¿½?ï¿½ï¿½È‚ï¿½?ï¿½ï¿½R?ï¿½ï¿½?ï¿½ï¿½?ï¿½ï¿½X?ï¿½ï¿½g?ï¿½ï¿½?ï¿½ï¿½?ï¿½ï¿½N?ï¿½ï¿½^','FALSE',now());
INSERT INTO public."option"(test_id,question_id,option_id,text,right_or_wrong,create_datetime)
VALUES('2','55','3','private?ï¿½ï¿½ÅC?ï¿½ï¿½?ï¿½ï¿½?ï¿½ï¿½?ï¿½ï¿½?ï¿½ï¿½ê‚½?ï¿½ï¿½R?ï¿½ï¿½?ï¿½ï¿½?ï¿½ï¿½X?ï¿½ï¿½g?ï¿½ï¿½?ï¿½ï¿½?ï¿½ï¿½N?ï¿½ï¿½^','FALSE',now());
INSERT INTO public."option"(test_id,question_id,option_id,text,right_or_wrong,create_datetime)
VALUES('2','55','4','final?ï¿½ï¿½ÅC?ï¿½ï¿½?ï¿½ï¿½?ï¿½ï¿½?ï¿½ï¿½?ï¿½ï¿½?ï¿½ï¿½Ä‚ï¿½?ï¿½ï¿½È‚ï¿½?ï¿½ï¿½?ï¿½ï¿½?ï¿½ï¿½\?ï¿½ï¿½b?ï¿½ï¿½h','TRUE',now());
INSERT INTO public."option"(test_id,question_id,option_id,text,right_or_wrong,create_datetime)
VALUES('2','55','5','final?ï¿½ï¿½ÅC?ï¿½ï¿½?ï¿½ï¿½?ï¿½ï¿½?ï¿½ï¿½?ï¿½ï¿½ê‚½?ï¿½ï¿½?ï¿½ï¿½?ï¿½ï¿½\?ï¿½ï¿½b?ï¿½ï¿½h','FALSE',now());
INSERT INTO public."option"(test_id,question_id,option_id,text,right_or_wrong,create_datetime)
VALUES('2','56','1','A#','FALSE',now());
INSERT INTO public."option"(test_id,question_id,option_id,text,right_or_wrong,create_datetime)
VALUES('2','56','2','$B','TRUE',now());
INSERT INTO public."option"(test_id,question_id,option_id,text,right_or_wrong,create_datetime)
VALUES('2','56','3','C%','FALSE',now());
INSERT INTO public."option"(test_id,question_id,option_id,text,right_or_wrong,create_datetime)
VALUES('2','56','4','D9','TRUE',now());
INSERT INTO public."option"(test_id,question_id,option_id,text,right_or_wrong,create_datetime)
VALUES('2','56','5','E-','FALSE',now());
INSERT INTO public."option"(test_id,question_id,option_id,text,right_or_wrong,create_datetime)
VALUES('2','56','6','F_','TRUE',now());
INSERT INTO public."option"(test_id,question_id,option_id,text,right_or_wrong,create_datetime)
VALUES('2','57','1','?ï¿½ï¿½C?ï¿½ï¿½?ï¿½ï¿½?ï¿½ï¿½q','TRUE',now());
INSERT INTO public."option"(test_id,question_id,option_id,text,right_or_wrong,create_datetime)
VALUES('2','57','2','?ï¿½ï¿½?ï¿½ï¿½?ï¿½ï¿½\?ï¿½ï¿½b?ï¿½ï¿½h?ï¿½ï¿½?ï¿½ï¿½','FALSE',now());
INSERT INTO public."option"(test_id,question_id,option_id,text,right_or_wrong,create_datetime)
VALUES('2','57','3','?ï¿½ï¿½?ï¿½ï¿½?ï¿½ï¿½?ï¿½ï¿½?ï¿½ï¿½Ìï¿½','FALSE',now());
INSERT INTO public."option"(test_id,question_id,option_id,text,right_or_wrong,create_datetime)
VALUES('2','57','4','?ï¿½ï¿½?ï¿½ï¿½?ï¿½ï¿½?ï¿½ï¿½?ï¿½ï¿½ÌŒ^','FALSE',now());
INSERT INTO public."option"(test_id,question_id,option_id,text,right_or_wrong,create_datetime)
VALUES('2','57','5','?ï¿½ï¿½?ï¿½ï¿½?ï¿½ï¿½?ï¿½ï¿½?ï¿½ï¿½Ìï¿½?ï¿½ï¿½?ï¿½ï¿½','FALSE',now());
INSERT INTO public."option"(test_id,question_id,option_id,text,right_or_wrong,create_datetime)
VALUES('2','57','6','?ï¿½ï¿½?ï¿½ï¿½?ï¿½ï¿½?ï¿½ï¿½?ï¿½ï¿½Ì–ï¿½?ï¿½ï¿½O','TRUE',now());
INSERT INTO public."option"(test_id,question_id,option_id,text,right_or_wrong,create_datetime)
VALUES('2','57','7','?ï¿½ï¿½ß‚ï¿½l?ï¿½ï¿½^','TRUE',now());
INSERT INTO public."option"(test_id,question_id,option_id,text,right_or_wrong,create_datetime)
VALUES('2','58','1','?ï¿½ï¿½p?ï¿½ï¿½?ï¿½ï¿½','FALSE',now());
INSERT INTO public."option"(test_id,question_id,option_id,text,right_or_wrong,create_datetime)
VALUES('2','58','2','?ï¿½ï¿½I?ï¿½ï¿½[?ï¿½ï¿½o?ï¿½ï¿½[?ï¿½ï¿½?ï¿½ï¿½?ï¿½ï¿½C?ï¿½ï¿½h','TRUE',now());
INSERT INTO public."option"(test_id,question_id,option_id,text,right_or_wrong,create_datetime)
VALUES('2','58','3','?ï¿½ï¿½I?ï¿½ï¿½[?ï¿½ï¿½o?ï¿½ï¿½[?ï¿½ï¿½?ï¿½ï¿½?ï¿½ï¿½[?ï¿½ï¿½h','FALSE',now());
INSERT INTO public."option"(test_id,question_id,option_id,text,right_or_wrong,create_datetime)
VALUES('2','58','4','?ï¿½ï¿½C?ï¿½ï¿½?ï¿½ï¿½?ï¿½ï¿½^?ï¿½ï¿½t?ï¿½ï¿½F?ï¿½ï¿½[?ï¿½ï¿½X?ï¿½ï¿½ÌŒp?ï¿½ï¿½?ï¿½ï¿½','FALSE',now());
INSERT INTO public."option"(test_id,question_id,option_id,text,right_or_wrong,create_datetime)
VALUES('2','59','1','4?ï¿½ï¿½?ï¿½ï¿½?ï¿½ï¿½\?ï¿½ï¿½?ï¿½ï¿½?ï¿½ï¿½?ï¿½ï¿½?ï¿½ï¿½?ï¿½ï¿½?ï¿½ï¿½','FALSE',now());
INSERT INTO public."option"(test_id,question_id,option_id,text,right_or_wrong,create_datetime)
VALUES('2','59','2','6?ï¿½ï¿½?ï¿½ï¿½?ï¿½ï¿½\?ï¿½ï¿½?ï¿½ï¿½?ï¿½ï¿½?ï¿½ï¿½?ï¿½ï¿½?ï¿½ï¿½?ï¿½ï¿½','FALSE',now());
INSERT INTO public."option"(test_id,question_id,option_id,text,right_or_wrong,create_datetime)
VALUES('2','59','3','8?ï¿½ï¿½?ï¿½ï¿½?ï¿½ï¿½\?ï¿½ï¿½?ï¿½ï¿½?ï¿½ï¿½?ï¿½ï¿½?ï¿½ï¿½?ï¿½ï¿½?ï¿½ï¿½','TRUE',now());
INSERT INTO public."option"(test_id,question_id,option_id,text,right_or_wrong,create_datetime)
VALUES('2','59','4','9?ï¿½ï¿½?ï¿½ï¿½?ï¿½ï¿½\?ï¿½ï¿½?ï¿½ï¿½?ï¿½ï¿½?ï¿½ï¿½?ï¿½ï¿½?ï¿½ï¿½?ï¿½ï¿½','FALSE',now());
INSERT INTO public."option"(test_id,question_id,option_id,text,right_or_wrong,create_datetime)
VALUES('2','60','1','20?ï¿½ï¿½?ï¿½ï¿½?ï¿½ï¿½\?ï¿½ï¿½?ï¿½ï¿½?ï¿½ï¿½?ï¿½ï¿½?ï¿½ï¿½?ï¿½ï¿½?ï¿½ï¿½','FALSE',now());
INSERT INTO public."option"(test_id,question_id,option_id,text,right_or_wrong,create_datetime)
VALUES('2','60','2','30?ï¿½ï¿½?ï¿½ï¿½?ï¿½ï¿½\?ï¿½ï¿½?ï¿½ï¿½?ï¿½ï¿½?ï¿½ï¿½?ï¿½ï¿½?ï¿½ï¿½?ï¿½ï¿½','FALSE',now());
INSERT INTO public."option"(test_id,question_id,option_id,text,right_or_wrong,create_datetime)
VALUES('2','60','3','?ï¿½ï¿½R?ï¿½ï¿½?ï¿½ï¿½?ï¿½ï¿½p?ï¿½ï¿½C?ï¿½ï¿½?ï¿½ï¿½?ï¿½ï¿½G?ï¿½ï¿½?ï¿½ï¿½?ï¿½ï¿½[?ï¿½ï¿½?ï¿½ï¿½?ï¿½ï¿½?ï¿½ï¿½?ï¿½ï¿½?ï¿½ï¿½?ï¿½ï¿½?ï¿½ï¿½?ï¿½ï¿½?ï¿½ï¿½','TRUE',now());
INSERT INTO public."option"(test_id,question_id,option_id,text,right_or_wrong,create_datetime)
VALUES('2','60','4','?ï¿½ï¿½?ï¿½ï¿½?ï¿½ï¿½s?ï¿½ï¿½?ï¿½ï¿½?ï¿½ï¿½É—ï¿½O?ï¿½ï¿½?ï¿½ï¿½?ï¿½ï¿½X?ï¿½ï¿½?ï¿½ï¿½?ï¿½ï¿½[?ï¿½ï¿½?ï¿½ï¿½?ï¿½ï¿½?ï¿½ï¿½?ï¿½ï¿½','FALSE',now());



-- exam_event
INSERT INTO public."exam_event"(exam_event_id,user_id,test_id,test_result,create_datetime)
VALUES('1','1','1','80',now());
-- user_test_answer
INSERT INTO public."user_test_answer"(exam_event_id,question_id,user_answer_right_or_wrong,user_answer_option,create_datetime)
VALUES('1','1','true','2',now());
INSERT INTO public."user_test_answer"(exam_event_id,question_id,user_answer_right_or_wrong,user_answer_option,create_datetime)
VALUES('1','2','false','1,2',now());
INSERT INTO public."user_test_answer"(exam_event_id,question_id,user_answer_right_or_wrong,user_answer_option,create_datetime)
VALUES('1','3','true','1,2,3',now());
INSERT INTO public."user_test_answer"(exam_event_id,question_id,user_answer_right_or_wrong,user_answer_option,create_datetime)
VALUES('1','4','false','1',now());

INSERT INTO public."user_test_answer"(exam_event_id,question_id,user_answer_right_or_wrong,user_answer_option,create_datetime)
VALUES('2','1','TRUE','2',now());
INSERT INTO public."user_test_answer"(exam_event_id,question_id,user_answer_right_or_wrong,user_answer_option,create_datetime)
VALUES('2','2','FALSE','1',now());
INSERT INTO public."user_test_answer"(exam_event_id,question_id,user_answer_right_or_wrong,user_answer_option,create_datetime)
VALUES('2','3','TRUE','3',now());
INSERT INTO public."user_test_answer"(exam_event_id,question_id,user_answer_right_or_wrong,user_answer_option,create_datetime)
VALUES('2','4','TRUE','3',now());
INSERT INTO public."user_test_answer"(exam_event_id,question_id,user_answer_right_or_wrong,user_answer_option,create_datetime)
VALUES('2','5','TRUE','2',now());
INSERT INTO public."user_test_answer"(exam_event_id,question_id,user_answer_right_or_wrong,user_answer_option,create_datetime)
VALUES('2','6','TRUE','4',now());
INSERT INTO public."user_test_answer"(exam_event_id,question_id,user_answer_right_or_wrong,user_answer_option,create_datetime)
VALUES('2','7','FALSE','1',now());
INSERT INTO public."user_test_answer"(exam_event_id,question_id,user_answer_right_or_wrong,user_answer_option,create_datetime)
VALUES('2','8','TRUE','3',now());
INSERT INTO public."user_test_answer"(exam_event_id,question_id,user_answer_right_or_wrong,user_answer_option,create_datetime)
VALUES('2','9','TRUE','3,5',now());
INSERT INTO public."user_test_answer"(exam_event_id,question_id,user_answer_right_or_wrong,user_answer_option,create_datetime)
VALUES('2','10','FALSE','1,2,3',now());
INSERT INTO public."user_test_answer"(exam_event_id,question_id,user_answer_right_or_wrong,user_answer_option,create_datetime)
VALUES('2','11','TRUE','2',now());
INSERT INTO public."user_test_answer"(exam_event_id,question_id,user_answer_right_or_wrong,user_answer_option,create_datetime)
VALUES('2','12','TRUE','4',now());
INSERT INTO public."user_test_answer"(exam_event_id,question_id,user_answer_right_or_wrong,user_answer_option,create_datetime)
VALUES('2','13','FALSE','3',now());
INSERT INTO public."user_test_answer"(exam_event_id,question_id,user_answer_right_or_wrong,user_answer_option,create_datetime)
VALUES('2','14','TRUE','4',now());
INSERT INTO public."user_test_answer"(exam_event_id,question_id,user_answer_right_or_wrong,user_answer_option,create_datetime)
VALUES('2','15','TRUE','3',now());
INSERT INTO public."user_test_answer"(exam_event_id,question_id,user_answer_right_or_wrong,user_answer_option,create_datetime)
VALUES('2','16','FALSE','2',now());
INSERT INTO public."user_test_answer"(exam_event_id,question_id,user_answer_right_or_wrong,user_answer_option,create_datetime)
VALUES('2','17','FALSE','2',now());
INSERT INTO public."user_test_answer"(exam_event_id,question_id,user_answer_right_or_wrong,user_answer_option,create_datetime)
VALUES('2','18','TRUE','3',now());
INSERT INTO public."user_test_answer"(exam_event_id,question_id,user_answer_right_or_wrong,user_answer_option,create_datetime)
VALUES('2','19','TRUE','2',now());
INSERT INTO public."user_test_answer"(exam_event_id,question_id,user_answer_right_or_wrong,user_answer_option,create_datetime)
VALUES('2','20','TRUE','2,3,5',now());
INSERT INTO public."user_test_answer"(exam_event_id,question_id,user_answer_right_or_wrong,user_answer_option,create_datetime)
VALUES('2','21','TRUE','2',now());
INSERT INTO public."user_test_answer"(exam_event_id,question_id,user_answer_right_or_wrong,user_answer_option,create_datetime)
VALUES('2','22','TRUE','1',now());
INSERT INTO public."user_test_answer"(exam_event_id,question_id,user_answer_right_or_wrong,user_answer_option,create_datetime)
VALUES('2','23','TRUE','2',now());
INSERT INTO public."user_test_answer"(exam_event_id,question_id,user_answer_right_or_wrong,user_answer_option,create_datetime)
VALUES('2','24','TRUE','4',now());
INSERT INTO public."user_test_answer"(exam_event_id,question_id,user_answer_right_or_wrong,user_answer_option,create_datetime)
VALUES('2','25','TRUE','2',now());
INSERT INTO public."user_test_answer"(exam_event_id,question_id,user_answer_right_or_wrong,user_answer_option,create_datetime)
VALUES('2','26','TRUE','1',now());
INSERT INTO public."user_test_answer"(exam_event_id,question_id,user_answer_right_or_wrong,user_answer_option,create_datetime)
VALUES('2','27','TRUE','1',now());
INSERT INTO public."user_test_answer"(exam_event_id,question_id,user_answer_right_or_wrong,user_answer_option,create_datetime)
VALUES('2','28','FALSE','3',now());
INSERT INTO public."user_test_answer"(exam_event_id,question_id,user_answer_right_or_wrong,user_answer_option,create_datetime)
VALUES('2','29','TRUE','4',now());
INSERT INTO public."user_test_answer"(exam_event_id,question_id,user_answer_right_or_wrong,user_answer_option,create_datetime)
VALUES('2','30','TRUE','4',now());
INSERT INTO public."user_test_answer"(exam_event_id,question_id,user_answer_right_or_wrong,user_answer_option,create_datetime)
VALUES('2','31','TRUE','1',now());
INSERT INTO public."user_test_answer"(exam_event_id,question_id,user_answer_right_or_wrong,user_answer_option,create_datetime)
VALUES('2','32','FALSE','1,2,3,5',now());
INSERT INTO public."user_test_answer"(exam_event_id,question_id,user_answer_right_or_wrong,user_answer_option,create_datetime)
VALUES('2','33','TRUE','1',now());
INSERT INTO public."user_test_answer"(exam_event_id,question_id,user_answer_right_or_wrong,user_answer_option,create_datetime)
VALUES('2','34','TRUE','2',now());
INSERT INTO public."user_test_answer"(exam_event_id,question_id,user_answer_right_or_wrong,user_answer_option,create_datetime)
VALUES('2','35','TRUE','1',now());
INSERT INTO public."user_test_answer"(exam_event_id,question_id,user_answer_right_or_wrong,user_answer_option,create_datetime)
VALUES('2','36','TRUE','4',now());
INSERT INTO public."user_test_answer"(exam_event_id,question_id,user_answer_right_or_wrong,user_answer_option,create_datetime)
VALUES('2','37','TRUE','4',now());
INSERT INTO public."user_test_answer"(exam_event_id,question_id,user_answer_right_or_wrong,user_answer_option,create_datetime)
VALUES('2','38','TRUE','4',now());
INSERT INTO public."user_test_answer"(exam_event_id,question_id,user_answer_right_or_wrong,user_answer_option,create_datetime)
VALUES('2','39','FALSE','2',now());
INSERT INTO public."user_test_answer"(exam_event_id,question_id,user_answer_right_or_wrong,user_answer_option,create_datetime)
VALUES('2','40','FALSE','1',now());
INSERT INTO public."user_test_answer"(exam_event_id,question_id,user_answer_right_or_wrong,user_answer_option,create_datetime)
VALUES('2','41','TRUE','3',now());
INSERT INTO public."user_test_answer"(exam_event_id,question_id,user_answer_right_or_wrong,user_answer_option,create_datetime)
VALUES('2','42','TRUE','1',now());
INSERT INTO public."user_test_answer"(exam_event_id,question_id,user_answer_right_or_wrong,user_answer_option,create_datetime)
VALUES('2','43','TRUE','2,4',now());
INSERT INTO public."user_test_answer"(exam_event_id,question_id,user_answer_right_or_wrong,user_answer_option,create_datetime)
VALUES('2','44','TRUE','2,4',now());
INSERT INTO public."user_test_answer"(exam_event_id,question_id,user_answer_right_or_wrong,user_answer_option,create_datetime)
VALUES('2','45','TRUE','1',now());
INSERT INTO public."user_test_answer"(exam_event_id,question_id,user_answer_right_or_wrong,user_answer_option,create_datetime)
VALUES('2','46','TRUE','4',now());
INSERT INTO public."user_test_answer"(exam_event_id,question_id,user_answer_right_or_wrong,user_answer_option,create_datetime)
VALUES('2','47','TRUE','2,3',now());
INSERT INTO public."user_test_answer"(exam_event_id,question_id,user_answer_right_or_wrong,user_answer_option,create_datetime)
VALUES('2','48','TRUE','2',now());
INSERT INTO public."user_test_answer"(exam_event_id,question_id,user_answer_right_or_wrong,user_answer_option,create_datetime)
VALUES('2','49','TRUE','3',now());
INSERT INTO public."user_test_answer"(exam_event_id,question_id,user_answer_right_or_wrong,user_answer_option,create_datetime)
VALUES('2','50','TRUE','2',now());
INSERT INTO public."user_test_answer"(exam_event_id,question_id,user_answer_right_or_wrong,user_answer_option,create_datetime)
VALUES('2','51','FALSE','2,4',now());
INSERT INTO public."user_test_answer"(exam_event_id,question_id,user_answer_right_or_wrong,user_answer_option,create_datetime)
VALUES('2','52','TRUE','4',now());
INSERT INTO public."user_test_answer"(exam_event_id,question_id,user_answer_right_or_wrong,user_answer_option,create_datetime)
VALUES('2','53','TRUE','2,5,6',now());
INSERT INTO public."user_test_answer"(exam_event_id,question_id,user_answer_right_or_wrong,user_answer_option,create_datetime)
VALUES('2','54','TRUE','3',now());
INSERT INTO public."user_test_answer"(exam_event_id,question_id,user_answer_right_or_wrong,user_answer_option,create_datetime)
VALUES('2','55','TRUE','1,4',now());
INSERT INTO public."user_test_answer"(exam_event_id,question_id,user_answer_right_or_wrong,user_answer_option,create_datetime)
VALUES('2','56','TRUE','2,4,6',now());
INSERT INTO public."user_test_answer"(exam_event_id,question_id,user_answer_right_or_wrong,user_answer_option,create_datetime)
VALUES('2','57','TRUE','2,6,7',now());
INSERT INTO public."user_test_answer"(exam_event_id,question_id,user_answer_right_or_wrong,user_answer_option,create_datetime)
VALUES('2','58','FALSE','3',now());
INSERT INTO public."user_test_answer"(exam_event_id,question_id,user_answer_right_or_wrong,user_answer_option,create_datetime)
VALUES('2','59','TRUE','3',now());
INSERT INTO public."user_test_answer"(exam_event_id,question_id,user_answer_right_or_wrong,user_answer_option,create_datetime)
VALUES('2','60','TRUE','3',now());





-- SEQUENCE
SELECT pg_catalog.setval('public."User_userinfo_use_id_seq"', 2, true);

SELECT pg_catalog.setval('public."User_login_user_id_seq"', 2, true);

SELECT pg_catalog.setval('public."Product_Exam_exam_test_id_seq"', 2, true);

SELECT pg_catalog.setval('public."Exam_exam_event_id_seq"', 1, true);


